2025-05-05 02:14:24,468 - alive ./defects4j_fixed/Chart/Chart_5_fixed/source/org/jfree/data/xy/XYSeries.java
2025-05-05 02:15:29,899 - alive ./defects4j_fixed/Chart/Chart_6_fixed/source/org/jfree/chart/util/ShapeList.java
2025-05-05 02:16:02,942 - alive ./defects4j_fixed/Chart/Chart_1_fixed/source/org/jfree/chart/renderer/category/AbstractCategoryItemRenderer.java
2025-05-05 02:16:38,609 - alive ./defects4j_fixed/Chart/Chart_4_fixed/source/org/jfree/chart/plot/XYPlot.java
2025-05-05 02:17:16,994 - alive ./defects4j_fixed/Chart/Chart_3_fixed/source/org/jfree/data/time/TimeSeries.java
2025-05-05 02:17:50,460 - alive ./defects4j_fixed/Chart/Chart_8_fixed/source/org/jfree/data/time/Week.java
2025-05-05 02:18:27,331 - alive ./defects4j_fixed/Chart/Chart_9_fixed/source/org/jfree/data/time/TimeSeries.java
2025-05-05 02:19:57,776 - alive ./defects4j_fixed/Chart/Chart_2_fixed/source/org/jfree/data/general/DatasetUtilities.java
2025-05-05 03:56:50,143 - alive ./defects4j_fixed/Chart/Chart_10_fixed/source/org/jfree/chart/imagemap/StandardToolTipTagFragmentGenerator.java
2025-05-05 04:03:23,464 - alive ./defects4j_fixed/Chart/Chart_11_fixed/source/org/jfree/chart/util/ShapeUtilities.java
2025-05-05 05:42:17,695 - alive ./defects4j_fixed/Chart/Chart_12_fixed/source/org/jfree/chart/plot/MultiplePiePlot.java
2025-05-05 05:55:59,966 - alive ./defects4j_fixed/Chart/Chart_13_fixed/source/org/jfree/chart/block/BorderArrangement.java
2025-05-05 06:11:49,244 - alive ./defects4j_fixed/Chart/Chart_14_fixed/source/org/jfree/chart/plot/CategoryPlot.java
2025-05-05 06:25:01,268 - alive ./defects4j_fixed/Chart/Chart_15_fixed/source/org/jfree/chart/plot/PiePlot.java
2025-05-05 06:34:25,375 - alive ./defects4j_fixed/Chart/Chart_16_fixed/source/org/jfree/data/category/DefaultIntervalCategoryDataset.java
2025-05-05 06:42:15,787 - alive ./defects4j_fixed/Chart/Chart_17_fixed/source/org/jfree/data/time/TimeSeries.java
2025-05-05 07:03:05,753 - alive ./defects4j_fixed/Chart/Chart_18_fixed/source/org/jfree/data/DefaultKeyedValues.java
2025-05-05 07:16:56,760 - alive ./defects4j_fixed/Chart/Chart_19_fixed/source/org/jfree/chart/plot/CategoryPlot.java
2025-05-05 07:19:46,964 - alive ./defects4j_fixed/Chart/Chart_20_fixed/source/org/jfree/chart/plot/ValueMarker.java
2025-05-05 07:34:13,902 - alive ./defects4j_fixed/Chart/Chart_22_fixed/source/org/jfree/data/KeyedObjects2D.java
2025-05-05 07:45:44,122 - alive ./defects4j_fixed/Chart/Chart_21_fixed/source/org/jfree/data/statistics/DefaultBoxAndWhiskerCategoryDataset.java
2025-05-05 07:57:02,987 - alive ./defects4j_fixed/Chart/Chart_23_fixed/source/org/jfree/chart/renderer/category/MinMaxCategoryRenderer.java
2025-05-05 08:13:37,345 - alive ./defects4j_fixed/Chart/Chart_24_fixed/source/org/jfree/chart/renderer/GrayPaintScale.java
2025-05-05 08:20:20,317 - alive ./defects4j_fixed/Chart/Chart_25_fixed/source/org/jfree/chart/renderer/category/StatisticalBarRenderer.java
2025-05-05 08:22:32,534 - alive ./defects4j_fixed/Chart/Chart_26_fixed/source/org/jfree/chart/axis/Axis.java
2025-05-05 12:12:46,717 - alive ./defects4j_fixed/Chart/Chart_14_fixed/source/org/jfree/chart/plot/CategoryPlot.java
2025-05-05 18:06:21,309 - alive ./defects4j_fixed/Csv/Csv_6_fixed/src/main/java/org/apache/commons/csv/CSVRecord.java
2025-05-05 18:07:07,447 - alive ./defects4j_fixed/Csv/Csv_5_fixed/src/main/java/org/apache/commons/csv/CSVPrinter.java
2025-05-05 18:07:54,444 - alive ./defects4j_fixed/Csv/Csv_1_fixed/src/main/java/org/apache/commons/csv/ExtendedBufferedReader.java
2025-05-05 18:08:51,211 - alive ./defects4j_fixed/Csv/Csv_7_fixed/src/main/java/org/apache/commons/csv/CSVParser.java
2025-05-05 18:10:07,946 - alive ./defects4j_fixed/Csv/Csv_2_fixed/src/main/java/org/apache/commons/csv/CSVRecord.java
2025-05-05 18:10:57,316 - alive ./defects4j_fixed/Csv/Csv_4_fixed/src/main/java/org/apache/commons/csv/CSVParser.java
2025-05-05 18:12:07,123 - alive ./defects4j_fixed/Csv/Csv_3_fixed/src/main/java/org/apache/commons/csv/Lexer.java
2025-05-05 18:12:49,515 - alive ./defects4j_fixed/Csv/Csv_8_fixed/src/main/java/org/apache/commons/csv/CSVFormat.java
2025-05-05 18:54:02,034 - alive ./defects4j_fixed/Csv/Csv_9_fixed/src/main/java/org/apache/commons/csv/CSVRecord.java
2025-05-05 19:40:16,537 - alive ./defects4j_fixed/Csv/Csv_10_fixed/src/main/java/org/apache/commons/csv/CSVPrinter.java
2025-05-05 20:50:12,541 - alive ./defects4j_fixed/Csv/Csv_11_fixed/src/main/java/org/apache/commons/csv/CSVParser.java
2025-05-06 00:20:50,218 - 执行测试超时(500s)，尝试删除最后一个测试方法后重试...
2025-05-06 02:17:28,705 - alive ./defects4j_fixed/Csv/Csv_14_fixed/src/main/java/org/apache/commons/csv/CSVFormat.java
2025-05-06 02:22:53,383 - alive ./defects4j_fixed/Csv/Csv_15_fixed/src/main/java/org/apache/commons/csv/CSVFormat.java
2025-05-06 02:39:00,407 - alive ./defects4j_fixed/Csv/Csv_16_fixed/src/main/java/org/apache/commons/csv/CSVParser.java
2025-05-06 19:22:39,666 - alive ./defects4j_fixed/Gson/Gson_8_fixed/gson/src/main/java/com/google/gson/internal/UnsafeAllocator.java
2025-05-06 19:23:30,867 - alive ./defects4j_fixed/Gson/Gson_6_fixed/gson/src/main/java/com/google/gson/internal/bind/JsonAdapterAnnotationTypeAdapterFactory.java
2025-05-06 19:26:37,485 - alive ./defects4j_fixed/Gson/Gson_2_fixed/gson/src/main/java/com/google/gson/internal/bind/TypeAdapters.java
2025-05-06 19:28:28,534 - alive ./defects4j_fixed/Gson/Gson_3_fixed/gson/src/main/java/com/google/gson/internal/ConstructorConstructor.java
2025-05-06 19:29:22,112 - alive ./defects4j_fixed/Gson/Gson_5_fixed/gson/src/main/java/com/google/gson/internal/bind/util/ISO8601Utils.java
2025-05-06 19:40:27,776 - alive ./defects4j_fixed/Gson/Gson_4_fixed/gson/src/main/java/com/google/gson/stream/JsonReader.java
2025-05-06 19:44:20,374 - alive ./defects4j_fixed/Csv/Csv_1_fixed/src/main/java/org/apache/commons/csv/ExtendedBufferedReader.java
2025-05-06 19:46:04,961 - alive ./defects4j_fixed/Gson/Gson_7_fixed/gson/src/main/java/com/google/gson/stream/JsonReader.java
2025-05-06 19:52:31,783 - alive ./defects4j_fixed/Gson/Gson_1_fixed/gson/src/main/java/com/google/gson/TypeInfoFactory.java
2025-05-06 23:59:30,347 - alive ./defects4j_fixed/Gson/Gson_9_fixed/gson/src/main/java/com/google/gson/internal/bind/JsonTreeWriter.java
2025-05-07 00:43:15,097 - alive ./defects4j_fixed/Gson/Gson_4_fixed/gson/src/main/java/com/google/gson/stream/JsonReader.java
2025-05-07 00:55:23,458 - alive ./defects4j_fixed/Gson/Gson_10_fixed/gson/src/main/java/com/google/gson/internal/bind/ReflectiveTypeAdapterFactory.java
2025-05-07 02:22:10,136 - alive ./defects4j_fixed/Gson/Gson_11_fixed/gson/src/main/java/com/google/gson/internal/bind/TypeAdapters.java
2025-05-07 03:16:19,579 - alive ./defects4j_fixed/Gson/Gson_12_fixed/gson/src/main/java/com/google/gson/internal/bind/JsonTreeReader.java
2025-05-07 03:33:53,315 - alive ./defects4j_fixed/Gson/Gson_13_fixed/gson/src/main/java/com/google/gson/stream/JsonReader.java
2025-05-07 03:40:47,827 - alive ./defects4j_fixed/Gson/Gson_14_fixed/gson/src/main/java/com/google/gson/internal/$Gson$Types.java
2025-05-07 03:45:21,284 - 执行测试超时(500s)，尝试删除最后一个测试方法后重试...
2025-05-07 03:53:38,179 - alive ./defects4j_fixed/Gson/Gson_15_fixed/gson/src/main/java/com/google/gson/stream/JsonWriter.java
2025-05-07 04:42:13,010 - alive ./defects4j_fixed/Gson/Gson_16_fixed/gson/src/main/java/com/google/gson/internal/$Gson$Types.java
2025-05-07 05:05:00,588 - 执行测试超时(500s)，尝试删除最后一个测试方法后重试...
2025-05-07 05:05:55,961 - alive ./defects4j_fixed/Gson/Gson_17_fixed/gson/src/main/java/com/google/gson/DefaultDateTypeAdapter.java
2025-05-07 05:32:32,042 - alive ./defects4j_fixed/Gson/Gson_18_fixed/gson/src/main/java/com/google/gson/internal/$Gson$Types.java
2025-05-07 15:05:35,797 - alive ./defects4j_fixed/Csv/Csv_1_fixed/src/main/java/org/apache/commons/csv/ExtendedBufferedReader.java
2025-05-07 16:16:59,269 - 执行测试超时(500s)，尝试删除最后一个测试方法后重试...
2025-05-07 17:41:58,872 - 执行测试超时(500s)，尝试删除最后一个测试方法后重试...,./defects4j_fixed/Csv/Csv_1_fixed
2025-05-07 17:41:59,158 - 由于超时，已删除测试方法: testRead_NewLineAfterCarriageReturn
2025-05-07 17:53:00,464 - 执行测试超时(500s)，尝试删除最后一个测试方法后重试...,./defects4j_fixed/Csv/Csv_1_fixed
2025-05-07 17:53:00,659 - 由于超时，已删除测试方法: testRead_InitialUndefinedState
2025-05-07 18:37:36,176 - 执行测试超时(500s)，尝试删除最后一个测试方法后重试...,./defects4j_fixed/Csv/Csv_1_fixed
2025-05-07 18:37:37,151 - 由于超时，已删除测试方法: testReadLineCountingWithStandaloneCarriageReturn
2025-05-07 19:38:44,068 - 执行测试超时(500s)，尝试删除最后一个测试方法后重试...,./defects4j_fixed/Csv/Csv_1_fixed
2025-05-07 19:38:45,924 - 由于超时，已删除测试方法: testReadLineCounterIncrements
2025-05-07 22:35:17,143 - alive ./defects4j_fixed/Cli/Cli_2_fixed/src/java/org/apache/commons/cli/PosixParser.java
2025-05-07 22:36:05,520 - alive ./defects4j_fixed/Cli/Cli_5_fixed/src/java/org/apache/commons/cli/Util.java
2025-05-07 22:36:49,591 - alive ./defects4j_fixed/Cli/Cli_8_fixed/src/java/org/apache/commons/cli/HelpFormatter.java
2025-05-07 22:37:43,933 - alive ./defects4j_fixed/Cli/Cli_4_fixed/src/java/org/apache/commons/cli/Parser.java
2025-05-07 22:38:40,075 - alive ./defects4j_fixed/Cli/Cli_9_fixed/src/java/org/apache/commons/cli/Parser.java
2025-05-07 22:39:21,458 - alive ./defects4j_fixed/Cli/Cli_7_fixed/src/java/org/apache/commons/cli2/builder/PatternBuilder.java
2025-05-07 22:39:50,968 - alive ./defects4j_fixed/Cli/Cli_1_fixed/src/java/org/apache/commons/cli/CommandLine.java
2025-05-07 22:41:11,851 - alive ./defects4j_fixed/Cli/Cli_3_fixed/src/java/org/apache/commons/cli/TypeHandler.java
2025-05-07 22:46:17,523 - alive ./defects4j_fixed/Gson/Gson_13_fixed/gson/src/main/java/com/google/gson/stream/JsonReader.java
2025-05-07 22:58:21,472 - alive ./defects4j_fixed/Gson/Gson_7_fixed/gson/src/main/java/com/google/gson/stream/JsonReader.java
2025-05-08 00:08:36,279 - alive ./defects4j_fixed/Cli/Cli_7_fixed/src/java/org/apache/commons/cli2/builder/PatternBuilder.java
2025-05-08 00:21:21,243 - alive ./defects4j_fixed/Cli/Cli_10_fixed/src/java/org/apache/commons/cli/Parser.java
2025-05-08 00:31:33,517 - 执行测试超时(500s)，尝试删除最后一个测试方法后重试...,./defects4j_fixed/Cli/Cli_8_fixed
2025-05-08 00:31:33,633 - 由于超时，已删除测试方法: testRenderWrappedText_VerifyStringBufferReuse
2025-05-08 01:02:53,723 - alive ./defects4j_fixed/Cli/Cli_11_fixed/src/java/org/apache/commons/cli/HelpFormatter.java
2025-05-08 01:24:22,976 - 执行测试超时(500s)，尝试删除最后一个测试方法后重试...,./defects4j_fixed/Cli/Cli_8_fixed
2025-05-08 01:24:23,176 - 由于超时，已删除测试方法: testRenderWrappedText_VerifyStringBufferReuse
2025-05-08 01:25:16,738 - alive ./defects4j_fixed/Cli/Cli_8_fixed/src/java/org/apache/commons/cli/HelpFormatter.java
2025-05-08 01:57:31,922 - alive ./defects4j_fixed/Cli/Cli_12_fixed/src/java/org/apache/commons/cli/GnuParser.java
2025-05-08 02:13:29,730 - alive ./defects4j_fixed/Cli/Cli_14_fixed/src/java/org/apache/commons/cli2/option/GroupImpl.java
2025-05-08 02:17:34,677 - alive ./defects4j_fixed/Cli/Cli_15_fixed/src/java/org/apache/commons/cli2/commandline/WriteableCommandLineImpl.java
2025-05-08 02:18:54,186 - alive ./defects4j_fixed/Cli/Cli_17_fixed/src/java/org/apache/commons/cli/PosixParser.java
2025-05-08 02:23:39,984 - alive ./defects4j_fixed/Cli/Cli_18_fixed/src/java/org/apache/commons/cli/PosixParser.java
2025-05-08 02:47:32,096 - 执行测试超时(500s)，尝试删除最后一个测试方法后重试...,./defects4j_fixed/Cli/Cli_8_fixed
2025-05-08 02:47:32,273 - 由于超时，已删除测试方法: testRenderWrappedText_LeadingTrailingSpaces
2025-05-08 03:02:18,784 - 执行测试超时(500s)，尝试删除最后一个测试方法后重试...,./defects4j_fixed/Cli/Cli_8_fixed
2025-05-08 03:02:19,048 - 由于超时，已删除测试方法: testRenderWrappedText_LeadingTrailingSpaces
2025-05-08 03:05:57,481 - alive ./defects4j_fixed/Cli/Cli_19_fixed/src/java/org/apache/commons/cli/PosixParser.java
2025-05-08 03:16:46,980 - 执行测试超时(500s)，尝试删除最后一个测试方法后重试...,./defects4j_fixed/Cli/Cli_8_fixed
2025-05-08 03:16:47,231 - 由于超时，已删除测试方法: testRenderWrappedText_LeadingTrailingSpaces
2025-05-08 03:27:07,752 - 执行测试超时(500s)，尝试删除最后一个测试方法后重试...,./defects4j_fixed/Cli/Cli_8_fixed
2025-05-08 03:27:07,926 - 由于超时，已删除测试方法: testRenderWrappedText_ZeroWidth
2025-05-08 03:28:49,758 - alive ./defects4j_fixed/Cli/Cli_20_fixed/src/java/org/apache/commons/cli/PosixParser.java
2025-05-08 03:45:54,782 - alive ./defects4j_fixed/Cli/Cli_22_fixed/src/java/org/apache/commons/cli/PosixParser.java
2025-05-08 03:55:39,687 - alive ./defects4j_fixed/Cli/Cli_23_fixed/src/java/org/apache/commons/cli/HelpFormatter.java
2025-05-08 04:38:36,076 - 执行测试超时(500s)，尝试删除最后一个测试方法后重试...,./defects4j_fixed/Cli/Cli_23_fixed
2025-05-08 04:38:36,287 - 由于超时，已删除测试方法: testRenderWrappedText_EdgeCaseWrapPosition
2025-05-08 05:00:11,988 - 执行测试超时(500s)，尝试删除最后一个测试方法后重试...,./defects4j_fixed/Cli/Cli_23_fixed
2025-05-08 05:00:14,159 - 由于超时，已删除测试方法: testRenderWrappedText_ExistingBufferContent
2025-05-08 05:00:25,232 - alive ./defects4j_fixed/Cli/Cli_24_fixed/src/java/org/apache/commons/cli/HelpFormatter.java
2025-05-08 05:05:08,883 - alive ./defects4j_fixed/Cli/Cli_25_fixed/src/java/org/apache/commons/cli/HelpFormatter.java
2025-05-08 05:11:24,160 - 执行测试超时(500s)，尝试删除最后一个测试方法后重试...,./defects4j_fixed/Cli/Cli_23_fixed
2025-05-08 05:11:26,276 - 由于超时，已删除测试方法: testRenderWrappedText_ZeroNextLineTabStop
2025-05-08 05:12:47,311 - alive ./defects4j_fixed/Cli/Cli_26_fixed/src/java/org/apache/commons/cli/OptionBuilder.java
2025-05-08 05:20:03,524 - 执行测试超时(500s)，尝试删除最后一个测试方法后重试...,./defects4j_fixed/Cli/Cli_25_fixed
2025-05-08 05:20:03,751 - 由于超时，已删除测试方法: testRenderWrappedText_LongWordLargerThanWidth
2025-05-08 05:20:37,940 - 执行测试超时(500s)，尝试删除最后一个测试方法后重试...,./defects4j_fixed/Cli/Cli_23_fixed
2025-05-08 05:20:38,156 - 由于超时，已删除测试方法: testRenderWrappedText_NegativeNextLineTabStop
2025-05-08 05:29:45,352 - 执行测试超时(500s)，尝试删除最后一个测试方法后重试...,./defects4j_fixed/Cli/Cli_23_fixed
2025-05-08 05:29:45,499 - 由于超时，已删除测试方法: testRenderWrappedText_EmptyString
2025-05-08 05:31:02,790 - alive ./defects4j_fixed/Cli/Cli_15_fixed/src/java/org/apache/commons/cli2/commandline/WriteableCommandLineImpl.java
2025-05-08 05:32:17,284 - 执行测试超时(500s)，尝试删除最后一个测试方法后重试...,./defects4j_fixed/Cli/Cli_25_fixed
2025-05-08 05:32:17,397 - 由于超时，已删除测试方法: testRenderWrappedText_WithLeadingAndTrailingSpaces
2025-05-08 05:38:54,235 - 执行测试超时(500s)，尝试删除最后一个测试方法后重试...,./defects4j_fixed/Cli/Cli_23_fixed
2025-05-08 05:38:54,353 - 由于超时，已删除测试方法: testRenderWrappedText_NullText
2025-05-08 05:42:26,300 - alive ./defects4j_fixed/Cli/Cli_27_fixed/src/java/org/apache/commons/cli/OptionGroup.java
2025-05-08 05:43:02,683 - 执行测试超时(500s)，尝试删除最后一个测试方法后重试...,./defects4j_fixed/Cli/Cli_25_fixed
2025-05-08 05:43:02,857 - 由于超时，已删除测试方法: testRenderWrappedText_WithExistingBufferContent
2025-05-08 05:47:58,204 - 执行测试超时(500s)，尝试删除最后一个测试方法后重试...,./defects4j_fixed/Cli/Cli_23_fixed
2025-05-08 05:47:58,398 - 由于超时，已删除测试方法: testRenderWrappedText_MultiLineWithWrap
2025-05-08 05:53:23,596 - 执行测试超时(500s)，尝试删除最后一个测试方法后重试...,./defects4j_fixed/Cli/Cli_25_fixed
2025-05-08 05:53:23,787 - 由于超时，已删除测试方法: testRenderWrappedText_NoWrappingNeeded
2025-05-08 05:57:03,172 - 执行测试超时(500s)，尝试删除最后一个测试方法后重试...,./defects4j_fixed/Cli/Cli_23_fixed
2025-05-08 05:57:03,267 - 由于超时，已删除测试方法: testRenderWrappedText_SingleLineNoWrap
2025-05-08 06:01:48,202 - alive ./defects4j_fixed/Cli/Cli_28_fixed/src/java/org/apache/commons/cli/Parser.java
2025-05-08 06:03:27,336 - 执行测试超时(500s)，尝试删除最后一个测试方法后重试...,./defects4j_fixed/Cli/Cli_25_fixed
2025-05-08 06:03:27,542 - 由于超时，已删除测试方法: testRenderWrappedText_EdgeCaseWidth
2025-05-08 06:03:51,733 - alive ./defects4j_fixed/Cli/Cli_29_fixed/src/java/org/apache/commons/cli/Util.java
2025-05-08 06:06:06,753 - 执行测试超时(500s)，尝试删除最后一个测试方法后重试...,./defects4j_fixed/Cli/Cli_23_fixed
2025-05-08 06:06:06,826 - 由于超时，已删除测试方法: testRenderWrappedText_SingleLineExactWidth
2025-05-08 06:12:58,352 - 执行测试超时(500s)，尝试删除最后一个测试方法后重试...,./defects4j_fixed/Cli/Cli_25_fixed
2025-05-08 06:12:58,453 - 由于超时，已删除测试方法: testRenderWrappedText_MultipleWrapsWithTabStop
2025-05-08 06:14:56,520 - 执行测试超时(500s)，尝试删除最后一个测试方法后重试...,./defects4j_fixed/Cli/Cli_23_fixed
2025-05-08 06:14:56,618 - 由于超时，已删除测试方法: testRenderWrappedText_WithLeadingAndTrailingSpaces
2025-05-08 06:21:43,397 - 执行测试超时(500s)，尝试删除最后一个测试方法后重试...,./defects4j_fixed/Cli/Cli_25_fixed
2025-05-08 06:21:43,467 - 由于超时，已删除测试方法: testRenderWrappedText_NullText
2025-05-08 06:24:01,752 - 执行测试超时(500s)，尝试删除最后一个测试方法后重试...,./defects4j_fixed/Cli/Cli_23_fixed
2025-05-08 06:24:01,820 - 由于超时，已删除测试方法: testRenderWrappedText_WordLongerThanWidth
2025-05-08 06:27:59,916 - alive ./defects4j_fixed/Cli/Cli_30_fixed/src/main/java/org/apache/commons/cli/DefaultParser.java
2025-05-08 06:29:10,132 - 执行测试超时(500s)，尝试删除最后一个测试方法后重试...,./defects4j_fixed/Gson/Gson_13_fixed
2025-05-08 06:29:11,786 - 由于超时，已删除测试方法: testPeekNumberLenientFlag
2025-05-08 06:30:55,556 - 执行测试超时(500s)，尝试删除最后一个测试方法后重试...,./defects4j_fixed/Cli/Cli_25_fixed
2025-05-08 06:30:55,598 - 由于超时，已删除测试方法: testRenderWrappedText_EmptyString
2025-05-08 06:32:49,164 - 执行测试超时(500s)，尝试删除最后一个测试方法后重试...,./defects4j_fixed/Cli/Cli_23_fixed
2025-05-08 06:32:49,226 - 由于超时，已删除测试方法: testRenderWrappedText_MultipleSpacesBetweenWords
2025-05-08 06:39:42,272 - 执行测试超时(500s)，尝试删除最后一个测试方法后重试...,./defects4j_fixed/Cli/Cli_25_fixed
2025-05-08 06:39:42,299 - 由于超时，已删除测试方法: testRenderWrappedText_NextLineTabStopLargerThanWidth
2025-05-08 06:41:30,776 - 执行测试超时(500s)，尝试删除最后一个测试方法后重试...,./defects4j_fixed/Cli/Cli_23_fixed
2025-05-08 06:41:30,808 - 由于超时，已删除测试方法: testRenderWrappedText_ZeroWidth
2025-05-08 06:48:22,748 - 执行测试超时(500s)，尝试删除最后一个测试方法后重试...,./defects4j_fixed/Cli/Cli_25_fixed
2025-05-08 06:48:22,770 - 由于超时，已删除测试方法: testRenderWrappedText_ZeroWidth
2025-05-08 07:00:17,611 - alive ./defects4j_fixed/Cli/Cli_31_fixed/src/main/java/org/apache/commons/cli/HelpFormatter.java
2025-05-08 07:07:56,940 - 执行测试超时(500s)，尝试删除最后一个测试方法后重试...,./defects4j_fixed/Cli/Cli_23_fixed
2025-05-08 07:07:58,028 - 由于超时，已删除测试方法: testRenderWrappedText_DetectLengthEqualsWidthMutant
2025-05-08 07:28:35,517 - 执行测试超时(500s)，尝试删除最后一个测试方法后重试...,./defects4j_fixed/Cli/Cli_23_fixed
2025-05-08 07:28:35,903 - 由于超时，已删除测试方法: testRenderWrappedText_MutationDetection
2025-05-08 07:42:00,892 - alive ./defects4j_fixed/Cli/Cli_32_fixed/src/main/java/org/apache/commons/cli/HelpFormatter.java
2025-05-08 07:44:21,436 - alive ./defects4j_fixed/Cli/Cli_33_fixed/src/main/java/org/apache/commons/cli/HelpFormatter.java
2025-05-08 07:53:39,238 - alive ./defects4j_fixed/Cli/Cli_35_fixed/src/main/java/org/apache/commons/cli/Options.java
2025-05-08 08:10:41,353 - alive ./defects4j_fixed/Cli/Cli_36_fixed/src/main/java/org/apache/commons/cli/OptionGroup.java
2025-05-08 08:13:09,776 - 执行测试超时(500s)，尝试删除最后一个测试方法后重试...,./defects4j_fixed/Cli/Cli_33_fixed
2025-05-08 08:13:10,204 - 由于超时，已删除测试方法: testPrintWrapped_NegativeWidth1
2025-05-08 08:13:25,956 - alive ./defects4j_fixed/Cli/Cli_37_fixed/src/main/java/org/apache/commons/cli/DefaultParser.java
2025-05-08 08:26:52,516 - 执行测试超时(500s)，尝试删除最后一个测试方法后重试...,./defects4j_fixed/Cli/Cli_33_fixed
2025-05-08 08:26:53,079 - 由于超时，已删除测试方法: testRenderWrappedTextBlock_WithIOException
2025-05-08 08:41:45,625 - 执行测试超时(500s)，尝试删除最后一个测试方法后重试...,./defects4j_fixed/Gson/Gson_13_fixed
2025-05-08 08:44:46,874 - 执行测试超时(500s)，尝试删除最后一个测试方法后重试...,./defects4j_fixed/Cli/Cli_15_fixed
2025-05-08 08:44:47,621 - 执行测试超时(500s)，尝试删除最后一个测试方法后重试...,./defects4j_fixed/Cli/Cli_33_fixed
2025-05-08 08:44:55,092 - 由于超时，已删除测试方法: testPeekNumberUpdatesPeekedFieldWhenReturningBeginArray
2025-05-08 08:44:55,499 - 由于超时，已删除测试方法: testGetValuesWithPartialDefaultsShouldNotOverwriteExistingValues
2025-05-08 08:46:06,487 - alive ./defects4j_fixed/Cli/Cli_38_fixed/src/main/java/org/apache/commons/cli/DefaultParser.java
2025-05-08 08:54:57,536 - alive ./defects4j_fixed/Cli/Cli_39_fixed/src/main/java/org/apache/commons/cli/TypeHandler.java
2025-05-08 09:27:21,594 - alive ./defects4j_fixed/Cli/Cli_40_fixed/src/main/java/org/apache/commons/cli/TypeHandler.java
2025-05-08 11:59:34,149 - 执行测试超时(500s)，尝试删除最后一个测试方法后重试...,./defects4j_fixed/Gson/Gson_13_fixed
2025-05-08 11:59:38,542 - 由于超时，已删除测试方法: testPeekNumberForLoopConditionCaseSensitivity
2025-05-08 17:29:53,416 - 执行测试超时(500s)，尝试删除最后一个测试方法后重试...,./defects4j_fixed/Gson/Gson_13_fixed
2025-05-08 17:29:57,232 - 由于超时，已删除测试方法: testPeekNumberUpdatesPeekedFieldWhenReturningEndObject
2025-05-09 01:00:27,736 - alive ./defects4j_fixed/Compress/Compress_1_fixed/src/main/java/org/apache/commons/compress/archivers/cpio/CpioArchiveOutputStream.java
2025-05-09 01:00:30,372 - alive ./defects4j_fixed/Compress/Compress_4_fixed/src/main/java/org/apache/commons/compress/archivers/cpio/CpioArchiveOutputStream.java
2025-05-09 01:00:31,919 - alive ./defects4j_fixed/Compress/Compress_3_fixed/src/main/java/org/apache/commons/compress/archivers/tar/TarArchiveOutputStream.java
2025-05-09 01:00:54,021 - alive ./defects4j_fixed/Compress/Compress_7_fixed/src/main/java/org/apache/commons/compress/archivers/tar/TarUtils.java
2025-05-09 01:00:56,666 - alive ./defects4j_fixed/Compress/Compress_6_fixed/src/main/java/org/apache/commons/compress/archivers/zip/ZipArchiveEntry.java
2025-05-09 01:00:56,919 - alive ./defects4j_fixed/Compress/Compress_5_fixed/src/main/java/org/apache/commons/compress/archivers/zip/ZipArchiveInputStream.java
2025-05-09 01:01:05,396 - alive ./defects4j_fixed/Compress/Compress_2_fixed/src/main/java/org/apache/commons/compress/archivers/ar/ArArchiveInputStream.java
2025-05-09 01:08:14,284 - alive ./defects4j_fixed/Compress/Compress_8_fixed/src/main/java/org/apache/commons/compress/archivers/tar/TarUtils.java
2025-05-09 01:13:42,831 - alive ./defects4j_fixed/Compress/Compress_9_fixed/src/main/java/org/apache/commons/compress/archivers/tar/TarArchiveOutputStream.java
2025-05-09 01:27:46,707 - alive ./defects4j_fixed/Compress/Compress_10_fixed/src/main/java/org/apache/commons/compress/archivers/zip/ZipFile.java
2025-05-09 01:50:55,168 - alive ./defects4j_fixed/Compress/Compress_11_fixed/src/main/java/org/apache/commons/compress/archivers/ArchiveStreamFactory.java
2025-05-09 02:00:45,183 - alive ./defects4j_fixed/Compress/Compress_12_fixed/src/main/java/org/apache/commons/compress/archivers/tar/TarArchiveInputStream.java
2025-05-09 02:10:38,509 - alive ./defects4j_fixed/Compress/Compress_13_fixed/src/main/java/org/apache/commons/compress/archivers/zip/ZipArchiveEntry.java
2025-05-09 02:52:16,289 - alive ./defects4j_fixed/Compress/Compress_14_fixed/src/main/java/org/apache/commons/compress/archivers/tar/TarUtils.java
2025-05-09 03:08:11,528 - alive ./defects4j_fixed/Compress/Compress_15_fixed/src/main/java/org/apache/commons/compress/archivers/zip/ZipArchiveEntry.java
2025-05-09 03:14:15,175 - alive ./defects4j_fixed/Compress/Compress_16_fixed/src/main/java/org/apache/commons/compress/archivers/ArchiveStreamFactory.java
2025-05-09 03:27:16,872 - alive ./defects4j_fixed/Compress/Compress_17_fixed/src/main/java/org/apache/commons/compress/archivers/tar/TarUtils.java
2025-05-09 03:32:53,403 - alive ./defects4j_fixed/Compress/Compress_16_fixed/src/main/java/org/apache/commons/compress/archivers/ArchiveStreamFactory.java
2025-05-09 03:37:24,028 - 执行测试超时(500s)，尝试删除最后一个测试方法后重试...,./defects4j_fixed/Compress/Compress_17_fixed
2025-05-09 03:37:24,078 - 由于超时，已删除测试方法: testParseOctal_AllSpaces
2025-05-09 03:49:05,808 - 执行测试超时(500s)，尝试删除最后一个测试方法后重试...,./defects4j_fixed/Compress/Compress_17_fixed
2025-05-09 03:49:05,889 - 由于超时，已删除测试方法: testParseOctal_AllSpaces
2025-05-09 03:50:47,107 - alive ./defects4j_fixed/Compress/Compress_18_fixed/src/main/java/org/apache/commons/compress/archivers/tar/TarArchiveOutputStream.java
2025-05-09 03:54:54,570 - alive ./defects4j_fixed/Compress/Compress_19_fixed/src/main/java/org/apache/commons/compress/archivers/zip/Zip64ExtendedInformationExtraField.java
2025-05-09 03:57:31,632 - 执行测试超时(500s)，尝试删除最后一个测试方法后重试...,./defects4j_fixed/Compress/Compress_17_fixed
2025-05-09 03:57:31,706 - 由于超时，已删除测试方法: testParseOctal_TrailingNullOnly
2025-05-09 04:06:02,148 - 执行测试超时(500s)，尝试删除最后一个测试方法后重试...,./defects4j_fixed/Compress/Compress_17_fixed
2025-05-09 04:06:02,195 - 由于超时，已删除测试方法: testParseOctal_MultipleTrailingSpaces
2025-05-09 04:14:43,288 - 执行测试超时(500s)，尝试删除最后一个测试方法后重试...,./defects4j_fixed/Compress/Compress_17_fixed
2025-05-09 04:14:43,329 - 由于超时，已删除测试方法: testParseOctal_EmptyString
2025-05-09 04:17:09,164 - alive ./defects4j_fixed/Compress/Compress_20_fixed/src/main/java/org/apache/commons/compress/archivers/cpio/CpioArchiveInputStream.java
2025-05-09 04:20:49,162 - alive ./defects4j_fixed/Compress/Compress_21_fixed/src/main/java/org/apache/commons/compress/archivers/sevenz/SevenZOutputFile.java
2025-05-09 04:24:27,912 - 执行测试超时(500s)，尝试删除最后一个测试方法后重试...,./defects4j_fixed/Compress/Compress_17_fixed
2025-05-09 04:24:27,933 - 由于超时，已删除测试方法: testParseOctal_ValidOctalNumber
2025-05-09 04:34:35,581 - 执行测试超时(500s)，尝试删除最后一个测试方法后重试...,./defects4j_fixed/Compress/Compress_17_fixed
2025-05-09 04:34:35,626 - 由于超时，已删除测试方法: testParseOctal_NoTrailingSpaceOrNull
2025-05-09 04:43:02,176 - 执行测试超时(500s)，尝试删除最后一个测试方法后重试...,./defects4j_fixed/Compress/Compress_17_fixed
2025-05-09 04:43:02,195 - 由于超时，已删除测试方法: testParseOctal_WithOffset
2025-05-09 04:51:27,460 - 执行测试超时(500s)，尝试删除最后一个测试方法后重试...,./defects4j_fixed/Compress/Compress_17_fixed
2025-05-09 04:51:27,488 - 由于超时，已删除测试方法: testParseOctal_LeadingZeros
2025-05-09 04:59:53,096 - 执行测试超时(500s)，尝试删除最后一个测试方法后重试...,./defects4j_fixed/Compress/Compress_17_fixed
2025-05-09 04:59:53,113 - 由于超时，已删除测试方法: testParseOctal_LengthTooShort
2025-05-09 05:08:18,620 - 执行测试超时(500s)，尝试删除最后一个测试方法后重试...,./defects4j_fixed/Compress/Compress_17_fixed
2025-05-09 05:08:18,647 - 由于超时，已删除测试方法: testParseOctal_InvalidDigit
2025-05-09 05:16:44,060 - 执行测试超时(500s)，尝试删除最后一个测试方法后重试...,./defects4j_fixed/Compress/Compress_17_fixed
2025-05-09 05:16:44,090 - 由于超时，已删除测试方法: testParseOctal_MinimumLength
2025-05-09 05:20:28,576 - alive ./defects4j_fixed/Compress/Compress_22_fixed/src/main/java/org/apache/commons/compress/compressors/bzip2/BZip2CompressorInputStream.java
2025-05-09 05:24:19,312 - alive ./defects4j_fixed/Compress/Compress_23_fixed/src/main/java/org/apache/commons/compress/archivers/sevenz/Coders.java
2025-05-09 05:25:09,692 - 执行测试超时(500s)，尝试删除最后一个测试方法后重试...,./defects4j_fixed/Compress/Compress_17_fixed
2025-05-09 05:25:09,711 - 由于超时，已删除测试方法: testParseOctal_MultipleLeadingSpaces
2025-05-09 05:33:35,716 - 执行测试超时(500s)，尝试删除最后一个测试方法后重试...,./defects4j_fixed/Compress/Compress_17_fixed
2025-05-09 05:33:35,746 - 由于超时，已删除测试方法: testParseOctal_MaxOctalValue
2025-05-09 05:42:00,944 - 执行测试超时(500s)，尝试删除最后一个测试方法后重试...,./defects4j_fixed/Compress/Compress_17_fixed
2025-05-09 05:42:00,972 - 没有更多测试方法可删除，无法恢复超时。
2025-05-09 05:50:21,096 - 执行测试超时(500s)，尝试删除最后一个测试方法后重试...,./defects4j_fixed/Compress/Compress_17_fixed
2025-05-09 05:50:21,152 - 没有更多测试方法可删除，无法恢复超时。
2025-05-09 05:58:41,276 - 执行测试超时(500s)，尝试删除最后一个测试方法后重试...,./defects4j_fixed/Compress/Compress_17_fixed
2025-05-09 05:58:41,304 - 没有更多测试方法可删除，无法恢复超时。
2025-05-09 06:07:01,420 - 执行测试超时(500s)，尝试删除最后一个测试方法后重试...,./defects4j_fixed/Compress/Compress_17_fixed
2025-05-09 06:07:01,438 - 没有更多测试方法可删除，无法恢复超时。
2025-05-09 06:12:53,259 - alive ./defects4j_fixed/Compress/Compress_23_fixed/src/main/java/org/apache/commons/compress/archivers/sevenz/Coders.java
2025-05-09 06:15:21,580 - 执行测试超时(500s)，尝试删除最后一个测试方法后重试...,./defects4j_fixed/Compress/Compress_17_fixed
2025-05-09 06:15:21,595 - 没有更多测试方法可删除，无法恢复超时。
2025-05-09 06:18:14,587 - alive ./defects4j_fixed/Compress/Compress_24_fixed/src/main/java/org/apache/commons/compress/archivers/tar/TarUtils.java
2025-05-09 06:23:41,708 - 执行测试超时(500s)，尝试删除最后一个测试方法后重试...,./defects4j_fixed/Compress/Compress_17_fixed
2025-05-09 06:23:41,726 - 没有更多测试方法可删除，无法恢复超时。
2025-05-09 06:32:01,856 - 执行测试超时(500s)，尝试删除最后一个测试方法后重试...,./defects4j_fixed/Compress/Compress_17_fixed
2025-05-09 06:32:01,884 - 没有更多测试方法可删除，无法恢复超时。
2025-05-09 06:40:22,008 - 执行测试超时(500s)，尝试删除最后一个测试方法后重试...,./defects4j_fixed/Compress/Compress_17_fixed
2025-05-09 06:40:22,038 - 没有更多测试方法可删除，无法恢复超时。
2025-05-09 06:48:42,156 - 执行测试超时(500s)，尝试删除最后一个测试方法后重试...,./defects4j_fixed/Compress/Compress_17_fixed
2025-05-09 06:48:42,196 - 没有更多测试方法可删除，无法恢复超时。
2025-05-09 06:52:54,848 - alive ./defects4j_fixed/Compress/Compress_25_fixed/src/main/java/org/apache/commons/compress/archivers/zip/ZipArchiveInputStream.java
2025-05-09 06:57:02,324 - 执行测试超时(500s)，尝试删除最后一个测试方法后重试...,./defects4j_fixed/Compress/Compress_17_fixed
2025-05-09 06:57:02,360 - 没有更多测试方法可删除，无法恢复超时。
2025-05-09 07:05:22,476 - 执行测试超时(500s)，尝试删除最后一个测试方法后重试...,./defects4j_fixed/Compress/Compress_17_fixed
2025-05-09 07:05:22,501 - 没有更多测试方法可删除，无法恢复超时。
2025-05-09 07:13:42,632 - 执行测试超时(500s)，尝试删除最后一个测试方法后重试...,./defects4j_fixed/Compress/Compress_17_fixed
2025-05-09 07:13:42,650 - 没有更多测试方法可删除，无法恢复超时。
2025-05-09 07:21:21,551 - alive ./defects4j_fixed/Compress/Compress_26_fixed/src/main/java/org/apache/commons/compress/utils/IOUtils.java
2025-05-09 07:22:02,804 - 执行测试超时(500s)，尝试删除最后一个测试方法后重试...,./defects4j_fixed/Compress/Compress_17_fixed
2025-05-09 07:22:02,822 - 没有更多测试方法可删除，无法恢复超时。
2025-05-09 07:30:22,956 - 执行测试超时(500s)，尝试删除最后一个测试方法后重试...,./defects4j_fixed/Compress/Compress_17_fixed
2025-05-09 07:30:22,994 - 没有更多测试方法可删除，无法恢复超时。
2025-05-09 07:33:14,951 - alive ./defects4j_fixed/Compress/Compress_27_fixed/src/main/java/org/apache/commons/compress/archivers/tar/TarUtils.java
2025-05-09 07:38:43,128 - 执行测试超时(500s)，尝试删除最后一个测试方法后重试...,./defects4j_fixed/Compress/Compress_17_fixed
2025-05-09 07:38:43,146 - 没有更多测试方法可删除，无法恢复超时。
2025-05-09 07:47:03,292 - 执行测试超时(500s)，尝试删除最后一个测试方法后重试...,./defects4j_fixed/Compress/Compress_17_fixed
2025-05-09 07:47:03,308 - 没有更多测试方法可删除，无法恢复超时。
2025-05-09 07:54:02,120 - alive ./defects4j_fixed/Compress/Compress_29_fixed/src/main/java/org/apache/commons/compress/archivers/ArchiveStreamFactory.java
2025-05-09 07:54:08,060 - alive ./defects4j_fixed/Compress/Compress_28_fixed/src/main/java/org/apache/commons/compress/archivers/tar/TarArchiveInputStream.java
2025-05-09 07:55:23,432 - 执行测试超时(500s)，尝试删除最后一个测试方法后重试...,./defects4j_fixed/Compress/Compress_17_fixed
2025-05-09 07:55:23,446 - 没有更多测试方法可删除，无法恢复超时。
2025-05-09 08:03:43,568 - 执行测试超时(500s)，尝试删除最后一个测试方法后重试...,./defects4j_fixed/Compress/Compress_17_fixed
2025-05-09 08:03:43,602 - 没有更多测试方法可删除，无法恢复超时。
2025-05-09 08:12:03,728 - 执行测试超时(500s)，尝试删除最后一个测试方法后重试...,./defects4j_fixed/Compress/Compress_17_fixed
2025-05-09 08:12:03,746 - 没有更多测试方法可删除，无法恢复超时。
2025-05-09 08:16:36,212 - alive ./defects4j_fixed/Compress/Compress_30_fixed/src/main/java/org/apache/commons/compress/compressors/bzip2/BZip2CompressorInputStream.java
2025-05-09 08:17:09,898 - alive ./defects4j_fixed/Compress/Compress_31_fixed/src/main/java/org/apache/commons/compress/archivers/tar/TarUtils.java
2025-05-09 08:20:23,905 - 执行测试超时(500s)，尝试删除最后一个测试方法后重试...,./defects4j_fixed/Compress/Compress_17_fixed
2025-05-09 08:20:23,926 - 没有更多测试方法可删除，无法恢复超时。
2025-05-09 08:28:44,060 - 执行测试超时(500s)，尝试删除最后一个测试方法后重试...,./defects4j_fixed/Compress/Compress_17_fixed
2025-05-09 08:28:44,087 - 没有更多测试方法可删除，无法恢复超时。
2025-05-09 08:37:04,213 - 执行测试超时(500s)，尝试删除最后一个测试方法后重试...,./defects4j_fixed/Compress/Compress_17_fixed
2025-05-09 08:37:04,230 - 没有更多测试方法可删除，无法恢复超时。
2025-05-09 08:45:24,384 - 执行测试超时(500s)，尝试删除最后一个测试方法后重试...,./defects4j_fixed/Compress/Compress_17_fixed
2025-05-09 08:45:24,402 - 没有更多测试方法可删除，无法恢复超时。
2025-05-09 08:53:44,540 - 执行测试超时(500s)，尝试删除最后一个测试方法后重试...,./defects4j_fixed/Compress/Compress_17_fixed
2025-05-09 08:53:44,554 - 没有更多测试方法可删除，无法恢复超时。
2025-05-09 09:02:04,672 - 执行测试超时(500s)，尝试删除最后一个测试方法后重试...,./defects4j_fixed/Compress/Compress_17_fixed
2025-05-09 09:02:04,717 - 没有更多测试方法可删除，无法恢复超时。
2025-05-09 09:07:43,465 - alive ./defects4j_fixed/Compress/Compress_32_fixed/src/main/java/org/apache/commons/compress/archivers/tar/TarArchiveInputStream.java
2025-05-09 09:10:24,848 - 执行测试超时(500s)，尝试删除最后一个测试方法后重试...,./defects4j_fixed/Compress/Compress_17_fixed
2025-05-09 09:10:24,863 - 没有更多测试方法可删除，无法恢复超时。
2025-05-09 09:18:45,249 - 执行测试超时(500s)，尝试删除最后一个测试方法后重试...,./defects4j_fixed/Compress/Compress_17_fixed
2025-05-09 09:18:45,295 - 没有更多测试方法可删除，无法恢复超时。
2025-05-09 09:27:05,405 - 执行测试超时(500s)，尝试删除最后一个测试方法后重试...,./defects4j_fixed/Compress/Compress_17_fixed
2025-05-09 09:27:05,456 - 没有更多测试方法可删除，无法恢复超时。
2025-05-09 09:29:15,982 - alive ./defects4j_fixed/Compress/Compress_33_fixed/src/main/java/org/apache/commons/compress/compressors/CompressorStreamFactory.java
2025-05-09 09:35:25,572 - 执行测试超时(500s)，尝试删除最后一个测试方法后重试...,./defects4j_fixed/Compress/Compress_17_fixed
2025-05-09 09:35:25,602 - 没有更多测试方法可删除，无法恢复超时。
2025-05-09 09:43:45,724 - 执行测试超时(500s)，尝试删除最后一个测试方法后重试...,./defects4j_fixed/Compress/Compress_17_fixed
2025-05-09 09:43:45,755 - 没有更多测试方法可删除，无法恢复超时。
2025-05-09 09:52:05,871 - 执行测试超时(500s)，尝试删除最后一个测试方法后重试...,./defects4j_fixed/Compress/Compress_17_fixed
2025-05-09 09:52:05,885 - 没有更多测试方法可删除，无法恢复超时。
2025-05-09 10:00:26,007 - 执行测试超时(500s)，尝试删除最后一个测试方法后重试...,./defects4j_fixed/Compress/Compress_17_fixed
2025-05-09 10:00:26,041 - 没有更多测试方法可删除，无法恢复超时。
2025-05-09 10:08:46,159 - 执行测试超时(500s)，尝试删除最后一个测试方法后重试...,./defects4j_fixed/Compress/Compress_17_fixed
2025-05-09 10:08:46,173 - 没有更多测试方法可删除，无法恢复超时。
2025-05-09 10:17:06,296 - 执行测试超时(500s)，尝试删除最后一个测试方法后重试...,./defects4j_fixed/Compress/Compress_17_fixed
2025-05-09 10:17:06,314 - 没有更多测试方法可删除，无法恢复超时。
2025-05-09 10:25:26,464 - 执行测试超时(500s)，尝试删除最后一个测试方法后重试...,./defects4j_fixed/Compress/Compress_17_fixed
2025-05-09 10:25:26,480 - 没有更多测试方法可删除，无法恢复超时。
2025-05-09 10:33:29,351 - alive ./defects4j_fixed/Compress/Compress_34_fixed/src/main/java/org/apache/commons/compress/archivers/zip/X7875_NewUnix.java
2025-05-09 10:33:46,612 - 执行测试超时(500s)，尝试删除最后一个测试方法后重试...,./defects4j_fixed/Compress/Compress_17_fixed
2025-05-09 10:33:46,636 - 没有更多测试方法可删除，无法恢复超时。
2025-05-09 10:34:23,312 - alive ./defects4j_fixed/Compress/Compress_35_fixed/src/main/java/org/apache/commons/compress/archivers/tar/TarUtils.java
2025-05-09 10:42:06,759 - 执行测试超时(500s)，尝试删除最后一个测试方法后重试...,./defects4j_fixed/Compress/Compress_17_fixed
2025-05-09 10:42:06,779 - 没有更多测试方法可删除，无法恢复超时。
2025-05-09 10:50:26,900 - 执行测试超时(500s)，尝试删除最后一个测试方法后重试...,./defects4j_fixed/Compress/Compress_17_fixed
2025-05-09 10:50:26,930 - 没有更多测试方法可删除，无法恢复超时。
2025-05-09 10:58:47,055 - 执行测试超时(500s)，尝试删除最后一个测试方法后重试...,./defects4j_fixed/Compress/Compress_17_fixed
2025-05-09 10:58:47,086 - 没有更多测试方法可删除，无法恢复超时。
2025-05-09 11:02:47,359 - alive ./defects4j_fixed/Compress/Compress_36_fixed/src/main/java/org/apache/commons/compress/archivers/sevenz/SevenZFile.java
2025-05-09 11:02:47,664 - alive ./defects4j_fixed/Compress/Compress_37_fixed/src/main/java/org/apache/commons/compress/archivers/tar/TarArchiveInputStream.java
2025-05-09 11:03:34,633 - alive ./defects4j_fixed/Compress/Compress_38_fixed/src/main/java/org/apache/commons/compress/archivers/tar/TarArchiveEntry.java
2025-05-09 11:06:07,350 - alive ./defects4j_fixed/Compress/Compress_39_fixed/src/main/java/org/apache/commons/compress/utils/ArchiveUtils.java
2025-05-09 11:07:07,203 - 执行测试超时(500s)，尝试删除最后一个测试方法后重试...,./defects4j_fixed/Compress/Compress_17_fixed
2025-05-09 11:07:07,233 - 没有更多测试方法可删除，无法恢复超时。
2025-05-09 11:08:48,150 - alive ./defects4j_fixed/Compress/Compress_40_fixed/src/main/java/org/apache/commons/compress/utils/BitInputStream.java
2025-05-09 11:15:27,363 - 执行测试超时(500s)，尝试删除最后一个测试方法后重试...,./defects4j_fixed/Compress/Compress_17_fixed
2025-05-09 11:15:27,381 - 没有更多测试方法可删除，无法恢复超时。
2025-05-09 11:23:47,528 - 执行测试超时(500s)，尝试删除最后一个测试方法后重试...,./defects4j_fixed/Compress/Compress_17_fixed
2025-05-09 11:23:47,586 - 没有更多测试方法可删除，无法恢复超时。
2025-05-09 11:29:40,564 - alive ./defects4j_fixed/Compress/Compress_41_fixed/src/main/java/org/apache/commons/compress/archivers/zip/ZipArchiveInputStream.java
2025-05-09 11:32:07,731 - 执行测试超时(500s)，尝试删除最后一个测试方法后重试...,./defects4j_fixed/Compress/Compress_17_fixed
2025-05-09 11:32:07,749 - 没有更多测试方法可删除，无法恢复超时。
2025-05-09 11:40:27,887 - 执行测试超时(500s)，尝试删除最后一个测试方法后重试...,./defects4j_fixed/Compress/Compress_17_fixed
2025-05-09 11:40:27,915 - 没有更多测试方法可删除，无法恢复超时。
2025-05-09 11:48:48,051 - 执行测试超时(500s)，尝试删除最后一个测试方法后重试...,./defects4j_fixed/Compress/Compress_17_fixed
2025-05-09 11:48:48,081 - 没有更多测试方法可删除，无法恢复超时。
2025-05-09 11:57:05,435 - alive ./defects4j_fixed/Compress/Compress_43_fixed/src/main/java/org/apache/commons/compress/archivers/zip/ZipArchiveOutputStream.java
2025-05-09 11:57:08,204 - 执行测试超时(500s)，尝试删除最后一个测试方法后重试...,./defects4j_fixed/Compress/Compress_17_fixed
2025-05-09 11:57:08,236 - 没有更多测试方法可删除，无法恢复超时。
2025-05-09 12:05:28,356 - 执行测试超时(500s)，尝试删除最后一个测试方法后重试...,./defects4j_fixed/Compress/Compress_17_fixed
2025-05-09 12:05:28,374 - 没有更多测试方法可删除，无法恢复超时。
2025-05-09 12:13:48,504 - 执行测试超时(500s)，尝试删除最后一个测试方法后重试...,./defects4j_fixed/Compress/Compress_17_fixed
2025-05-09 12:13:48,988 - 没有更多测试方法可删除，无法恢复超时。
2025-05-09 12:20:16,029 - alive ./defects4j_fixed/Compress/Compress_44_fixed/src/main/java/org/apache/commons/compress/utils/ChecksumCalculatingInputStream.java
2025-05-09 12:22:09,116 - 执行测试超时(500s)，尝试删除最后一个测试方法后重试...,./defects4j_fixed/Compress/Compress_17_fixed
2025-05-09 12:22:09,145 - 没有更多测试方法可删除，无法恢复超时。
2025-05-09 12:22:33,101 - alive ./defects4j_fixed/Compress/Compress_45_fixed/src/main/java/org/apache/commons/compress/archivers/tar/TarUtils.java
2025-05-09 12:30:29,267 - 执行测试超时(500s)，尝试删除最后一个测试方法后重试...,./defects4j_fixed/Compress/Compress_17_fixed
2025-05-09 12:30:29,306 - 没有更多测试方法可删除，无法恢复超时。
2025-05-09 12:38:49,423 - 执行测试超时(500s)，尝试删除最后一个测试方法后重试...,./defects4j_fixed/Compress/Compress_17_fixed
2025-05-09 12:38:49,452 - 没有更多测试方法可删除，无法恢复超时。
2025-05-09 12:47:09,568 - 执行测试超时(500s)，尝试删除最后一个测试方法后重试...,./defects4j_fixed/Compress/Compress_17_fixed
2025-05-09 12:47:09,607 - 没有更多测试方法可删除，无法恢复超时。
2025-05-09 12:47:23,800 - alive ./defects4j_fixed/Compress/Compress_46_fixed/src/main/java/org/apache/commons/compress/archivers/zip/X5455_ExtendedTimestamp.java
2025-05-09 12:55:29,736 - 执行测试超时(500s)，尝试删除最后一个测试方法后重试...,./defects4j_fixed/Compress/Compress_17_fixed
2025-05-09 12:55:29,753 - 没有更多测试方法可删除，无法恢复超时。
2025-05-09 13:03:49,888 - 执行测试超时(500s)，尝试删除最后一个测试方法后重试...,./defects4j_fixed/Compress/Compress_17_fixed
2025-05-09 13:03:49,906 - 没有更多测试方法可删除，无法恢复超时。
2025-05-09 13:12:10,046 - 执行测试超时(500s)，尝试删除最后一个测试方法后重试...,./defects4j_fixed/Compress/Compress_17_fixed
2025-05-09 13:12:10,077 - 没有更多测试方法可删除，无法恢复超时。
2025-05-09 13:13:14,873 - alive ./defects4j_fixed/Compress/Compress_47_fixed/src/main/java/org/apache/commons/compress/archivers/zip/ZipArchiveInputStream.java
2025-05-09 13:20:30,240 - 执行测试超时(500s)，尝试删除最后一个测试方法后重试...,./defects4j_fixed/Compress/Compress_17_fixed
2025-05-09 13:20:30,266 - 没有更多测试方法可删除，无法恢复超时。
2025-05-09 13:28:50,395 - 执行测试超时(500s)，尝试删除最后一个测试方法后重试...,./defects4j_fixed/Compress/Compress_17_fixed
2025-05-09 13:28:50,413 - 没有更多测试方法可删除，无法恢复超时。
2025-05-09 13:37:10,547 - 执行测试超时(500s)，尝试删除最后一个测试方法后重试...,./defects4j_fixed/Compress/Compress_17_fixed
2025-05-09 13:37:10,574 - 没有更多测试方法可删除，无法恢复超时。
2025-05-09 13:45:30,687 - 执行测试超时(500s)，尝试删除最后一个测试方法后重试...,./defects4j_fixed/Compress/Compress_17_fixed
2025-05-09 13:45:30,706 - 没有更多测试方法可删除，无法恢复超时。
2025-05-09 13:53:50,839 - 执行测试超时(500s)，尝试删除最后一个测试方法后重试...,./defects4j_fixed/Compress/Compress_17_fixed
2025-05-09 13:53:50,870 - 没有更多测试方法可删除，无法恢复超时。
2025-05-09 14:02:10,983 - 执行测试超时(500s)，尝试删除最后一个测试方法后重试...,./defects4j_fixed/Compress/Compress_17_fixed
2025-05-09 14:02:11,001 - 没有更多测试方法可删除，无法恢复超时。
2025-05-09 14:10:31,148 - 执行测试超时(500s)，尝试删除最后一个测试方法后重试...,./defects4j_fixed/Compress/Compress_17_fixed
2025-05-09 14:10:31,165 - 没有更多测试方法可删除，无法恢复超时。
2025-05-09 14:18:51,292 - 执行测试超时(500s)，尝试删除最后一个测试方法后重试...,./defects4j_fixed/Compress/Compress_17_fixed
2025-05-09 14:18:51,310 - 没有更多测试方法可删除，无法恢复超时。
2025-05-09 14:27:11,439 - 执行测试超时(500s)，尝试删除最后一个测试方法后重试...,./defects4j_fixed/Compress/Compress_17_fixed
2025-05-09 14:27:11,457 - 没有更多测试方法可删除，无法恢复超时。
2025-05-09 14:35:31,612 - 执行测试超时(500s)，尝试删除最后一个测试方法后重试...,./defects4j_fixed/Compress/Compress_17_fixed
2025-05-09 14:35:31,635 - 没有更多测试方法可删除，无法恢复超时。
2025-05-09 14:43:51,784 - 执行测试超时(500s)，尝试删除最后一个测试方法后重试...,./defects4j_fixed/Compress/Compress_17_fixed
2025-05-09 14:43:51,802 - 没有更多测试方法可删除，无法恢复超时。
2025-05-09 14:52:11,939 - 执行测试超时(500s)，尝试删除最后一个测试方法后重试...,./defects4j_fixed/Compress/Compress_17_fixed
2025-05-09 14:52:11,967 - 没有更多测试方法可删除，无法恢复超时。
2025-05-09 15:00:32,088 - 执行测试超时(500s)，尝试删除最后一个测试方法后重试...,./defects4j_fixed/Compress/Compress_17_fixed
2025-05-09 15:00:32,117 - 没有更多测试方法可删除，无法恢复超时。
2025-05-09 15:08:52,231 - 执行测试超时(500s)，尝试删除最后一个测试方法后重试...,./defects4j_fixed/Compress/Compress_17_fixed
2025-05-09 15:08:52,261 - 没有更多测试方法可删除，无法恢复超时。
2025-05-09 15:17:12,382 - 执行测试超时(500s)，尝试删除最后一个测试方法后重试...,./defects4j_fixed/Compress/Compress_17_fixed
2025-05-09 15:17:12,410 - 没有更多测试方法可删除，无法恢复超时。
2025-05-09 15:25:32,543 - 执行测试超时(500s)，尝试删除最后一个测试方法后重试...,./defects4j_fixed/Compress/Compress_17_fixed
2025-05-09 15:25:32,574 - 没有更多测试方法可删除，无法恢复超时。
2025-05-09 15:33:52,695 - 执行测试超时(500s)，尝试删除最后一个测试方法后重试...,./defects4j_fixed/Compress/Compress_17_fixed
2025-05-09 15:33:52,735 - 没有更多测试方法可删除，无法恢复超时。
2025-05-09 15:42:12,848 - 执行测试超时(500s)，尝试删除最后一个测试方法后重试...,./defects4j_fixed/Compress/Compress_17_fixed
2025-05-09 15:42:13,277 - 没有更多测试方法可删除，无法恢复超时。
2025-05-09 15:50:33,403 - 执行测试超时(500s)，尝试删除最后一个测试方法后重试...,./defects4j_fixed/Compress/Compress_17_fixed
2025-05-09 15:50:33,427 - 没有更多测试方法可删除，无法恢复超时。
2025-05-09 15:58:53,564 - 执行测试超时(500s)，尝试删除最后一个测试方法后重试...,./defects4j_fixed/Compress/Compress_17_fixed
2025-05-09 15:58:53,583 - 没有更多测试方法可删除，无法恢复超时。
2025-05-09 16:07:13,694 - 执行测试超时(500s)，尝试删除最后一个测试方法后重试...,./defects4j_fixed/Compress/Compress_17_fixed
2025-05-09 16:07:13,727 - 没有更多测试方法可删除，无法恢复超时。
2025-05-09 16:15:33,856 - 执行测试超时(500s)，尝试删除最后一个测试方法后重试...,./defects4j_fixed/Compress/Compress_17_fixed
2025-05-09 16:15:33,874 - 没有更多测试方法可删除，无法恢复超时。
2025-05-09 16:23:54,008 - 执行测试超时(500s)，尝试删除最后一个测试方法后重试...,./defects4j_fixed/Compress/Compress_17_fixed
2025-05-09 16:23:54,030 - 没有更多测试方法可删除，无法恢复超时。
2025-05-09 16:32:14,168 - 执行测试超时(500s)，尝试删除最后一个测试方法后重试...,./defects4j_fixed/Compress/Compress_17_fixed
2025-05-09 16:32:14,192 - 没有更多测试方法可删除，无法恢复超时。
2025-05-09 16:40:34,327 - 执行测试超时(500s)，尝试删除最后一个测试方法后重试...,./defects4j_fixed/Compress/Compress_17_fixed
2025-05-09 16:40:34,345 - 没有更多测试方法可删除，无法恢复超时。
2025-05-09 16:48:54,479 - 执行测试超时(500s)，尝试删除最后一个测试方法后重试...,./defects4j_fixed/Compress/Compress_17_fixed
2025-05-09 16:48:54,510 - 没有更多测试方法可删除，无法恢复超时。
2025-05-09 16:57:14,664 - 执行测试超时(500s)，尝试删除最后一个测试方法后重试...,./defects4j_fixed/Compress/Compress_17_fixed
2025-05-09 16:57:14,690 - 没有更多测试方法可删除，无法恢复超时。
2025-05-09 17:05:34,811 - 执行测试超时(500s)，尝试删除最后一个测试方法后重试...,./defects4j_fixed/Compress/Compress_17_fixed
2025-05-09 17:05:34,830 - 没有更多测试方法可删除，无法恢复超时。
2025-05-09 17:13:54,959 - 执行测试超时(500s)，尝试删除最后一个测试方法后重试...,./defects4j_fixed/Compress/Compress_17_fixed
2025-05-09 17:13:54,991 - 没有更多测试方法可删除，无法恢复超时。
2025-05-09 17:22:15,119 - 执行测试超时(500s)，尝试删除最后一个测试方法后重试...,./defects4j_fixed/Compress/Compress_17_fixed
2025-05-09 17:22:15,152 - 没有更多测试方法可删除，无法恢复超时。
2025-05-09 17:30:35,272 - 执行测试超时(500s)，尝试删除最后一个测试方法后重试...,./defects4j_fixed/Compress/Compress_17_fixed
2025-05-09 17:30:35,302 - 没有更多测试方法可删除，无法恢复超时。
2025-05-09 17:38:55,439 - 执行测试超时(500s)，尝试删除最后一个测试方法后重试...,./defects4j_fixed/Compress/Compress_17_fixed
2025-05-09 17:38:55,457 - 没有更多测试方法可删除，无法恢复超时。
2025-05-09 17:47:15,587 - 执行测试超时(500s)，尝试删除最后一个测试方法后重试...,./defects4j_fixed/Compress/Compress_17_fixed
2025-05-09 17:47:15,612 - 没有更多测试方法可删除，无法恢复超时。
2025-05-09 17:55:35,744 - 执行测试超时(500s)，尝试删除最后一个测试方法后重试...,./defects4j_fixed/Compress/Compress_17_fixed
2025-05-09 17:55:35,773 - 没有更多测试方法可删除，无法恢复超时。
2025-05-09 18:03:55,889 - 执行测试超时(500s)，尝试删除最后一个测试方法后重试...,./defects4j_fixed/Compress/Compress_17_fixed
2025-05-09 18:03:55,917 - 没有更多测试方法可删除，无法恢复超时。
2025-05-09 18:12:16,050 - 执行测试超时(500s)，尝试删除最后一个测试方法后重试...,./defects4j_fixed/Compress/Compress_17_fixed
2025-05-09 18:12:16,095 - 没有更多测试方法可删除，无法恢复超时。
2025-05-09 18:20:36,223 - 执行测试超时(500s)，尝试删除最后一个测试方法后重试...,./defects4j_fixed/Compress/Compress_17_fixed
2025-05-09 18:20:36,241 - 没有更多测试方法可删除，无法恢复超时。
2025-05-09 18:28:56,384 - 执行测试超时(500s)，尝试删除最后一个测试方法后重试...,./defects4j_fixed/Compress/Compress_17_fixed
2025-05-09 18:28:56,415 - 没有更多测试方法可删除，无法恢复超时。
2025-05-09 18:37:16,532 - 执行测试超时(500s)，尝试删除最后一个测试方法后重试...,./defects4j_fixed/Compress/Compress_17_fixed
2025-05-09 18:37:16,550 - 没有更多测试方法可删除，无法恢复超时。
2025-05-09 18:45:36,695 - 执行测试超时(500s)，尝试删除最后一个测试方法后重试...,./defects4j_fixed/Compress/Compress_17_fixed
2025-05-09 18:45:36,725 - 没有更多测试方法可删除，无法恢复超时。
2025-05-09 18:56:53,831 - alive ./defects4j_fixed/Compress/Compress_37_fixed/src/main/java/org/apache/commons/compress/archivers/tar/TarArchiveInputStream.java
2025-05-09 18:57:02,029 - alive ./defects4j_fixed/Compress/Compress_17_fixed/src/main/java/org/apache/commons/compress/archivers/tar/TarUtils.java
2025-05-09 18:59:31,677 - alive ./defects4j_fixed/JxPath/JxPath_2_fixed/src/java/org/apache/commons/jxpath/ri/compiler/Expression.java
2025-05-09 18:59:47,233 - alive ./defects4j_fixed/JxPath/JxPath_1_fixed/src/java/org/apache/commons/jxpath/ri/model/dom/DOMNodePointer.java
2025-05-09 18:59:54,721 - alive ./defects4j_fixed/JxPath/JxPath_5_fixed/src/java/org/apache/commons/jxpath/ri/model/NodePointer.java
2025-05-09 19:00:00,045 - alive ./defects4j_fixed/JxPath/JxPath_3_fixed/src/java/org/apache/commons/jxpath/ri/model/beans/NullPropertyPointer.java
2025-05-09 19:00:26,713 - alive ./defects4j_fixed/JxPath/JxPath_8_fixed/src/java/org/apache/commons/jxpath/ri/compiler/CoreOperationRelationalExpression.java
2025-05-09 19:00:46,268 - alive ./defects4j_fixed/JxPath/JxPath_6_fixed/src/java/org/apache/commons/jxpath/ri/compiler/CoreOperationCompare.java
2025-05-09 19:01:58,040 - alive ./defects4j_fixed/JxPath/JxPath_7_fixed/src/java/org/apache/commons/jxpath/ri/compiler/CoreOperationGreaterThan.java
2025-05-09 19:02:38,331 - alive ./defects4j_fixed/JxPath/JxPath_4_fixed/src/java/org/apache/commons/jxpath/ri/model/dom/DOMNodePointer.java
2025-05-09 19:05:42,630 - alive ./defects4j_fixed/JxPath/JxPath_9_fixed/src/java/org/apache/commons/jxpath/ri/compiler/CoreOperationCompare.java
2025-05-09 19:07:39,636 - 执行测试超时(500s)，尝试删除最后一个测试方法后重试...,./defects4j_fixed/Compress/Compress_17_fixed
2025-05-09 19:07:39,664 - 由于超时，已删除测试方法: testParseOctal_InvalidDigitThrowsException
2025-05-09 19:16:02,042 - 执行测试超时(500s)，尝试删除最后一个测试方法后重试...,./defects4j_fixed/Compress/Compress_17_fixed
2025-05-09 19:16:02,085 - 由于超时，已删除测试方法: testParseOctal_InvalidTrailerThrowsException
2025-05-09 19:24:26,319 - 执行测试超时(500s)，尝试删除最后一个测试方法后重试...,./defects4j_fixed/Compress/Compress_17_fixed
2025-05-09 19:24:26,337 - 由于超时，已删除测试方法: testParseOctal_InvalidLengthThrowsException
2025-05-09 19:32:47,700 - 执行测试超时(500s)，尝试删除最后一个测试方法后重试...,./defects4j_fixed/Compress/Compress_17_fixed
2025-05-09 19:32:47,723 - 由于超时，已删除测试方法: testParseOctal_EmptyAfterTrimReturnsZero
2025-05-09 19:41:09,046 - 执行测试超时(500s)，尝试删除最后一个测试方法后重试...,./defects4j_fixed/Compress/Compress_17_fixed
2025-05-09 19:41:09,073 - 由于超时，已删除测试方法: testParseOctal_WithOffset
2025-05-09 19:44:22,388 - alive ./defects4j_fixed/JxPath/JxPath_10_fixed/src/java/org/apache/commons/jxpath/ri/compiler/CoreOperationRelationalExpression.java
2025-05-09 19:49:49,320 - alive ./defects4j_fixed/JxPath/JxPath_11_fixed/src/java/org/apache/commons/jxpath/ri/model/dom/DOMAttributeIterator.java
2025-05-09 19:50:15,849 - 执行测试超时(500s)，尝试删除最后一个测试方法后重试...,./defects4j_fixed/Compress/Compress_17_fixed
2025-05-09 19:50:15,867 - 由于超时，已删除测试方法: testParseOctal_ValidWithOnlyTrailingSpace
2025-05-09 19:53:35,107 - alive ./defects4j_fixed/JxPath/JxPath_12_fixed/src/java/org/apache/commons/jxpath/ri/model/dom/DOMNodePointer.java
2025-05-09 19:59:43,132 - 执行测试超时(500s)，尝试删除最后一个测试方法后重试...,./defects4j_fixed/Compress/Compress_17_fixed
2025-05-09 19:59:43,149 - 由于超时，已删除测试方法: testParseOctal_ValidWithMultipleTrailingSpaces
2025-05-09 20:00:28,990 - alive ./defects4j_fixed/JxPath/JxPath_4_fixed/src/java/org/apache/commons/jxpath/ri/model/dom/DOMNodePointer.java
2025-05-09 20:08:04,557 - 执行测试超时(500s)，尝试删除最后一个测试方法后重试...,./defects4j_fixed/Compress/Compress_17_fixed
2025-05-09 20:08:04,568 - 由于超时，已删除测试方法: testParseOctal_AllSpacesReturnsZero
2025-05-09 20:16:28,351 - 执行测试超时(500s)，尝试删除最后一个测试方法后重试...,./defects4j_fixed/Compress/Compress_17_fixed
2025-05-09 20:16:28,366 - 由于超时，已删除测试方法: testParseOctal_ValidInput
2025-05-09 20:24:21,440 - 执行测试超时(500s)，尝试删除最后一个测试方法后重试...,./defects4j_fixed/JxPath/JxPath_8_fixed
2025-05-09 20:24:21,847 - 由于超时，已删除测试方法: testCompute_RightIteratorLeftNonIterator_CallsContainsMatchWithProperIterator
2025-05-09 20:24:52,756 - 执行测试超时(500s)，尝试删除最后一个测试方法后重试...,./defects4j_fixed/Compress/Compress_17_fixed
2025-05-09 20:24:52,771 - 由于超时，已删除测试方法: testParseOctal_ValidWithOnlyTrailingNull
2025-05-09 20:33:14,176 - 执行测试超时(500s)，尝试删除最后一个测试方法后重试...,./defects4j_fixed/Compress/Compress_17_fixed
2025-05-09 20:33:14,189 - 由于超时，已删除测试方法: testParseOctal_MaximumValidOctal
2025-05-09 20:41:38,460 - 执行测试超时(500s)，尝试删除最后一个测试方法后重试...,./defects4j_fixed/Compress/Compress_17_fixed
2025-05-09 20:41:38,472 - 由于超时，已删除测试方法: testParseOctal_LeadingZeroReturnsZero
2025-05-09 20:41:42,770 - alive ./defects4j_fixed/Compress/Compress_17_fixed/src/main/java/org/apache/commons/compress/archivers/tar/TarUtils.java
2025-05-09 20:51:47,740 - 执行测试超时(500s)，尝试删除最后一个测试方法后重试...,./defects4j_fixed/Compress/Compress_17_fixed
2025-05-09 20:51:47,781 - 由于超时，已删除测试方法: testParseOctal_EmptyAfterTrimming
2025-05-09 20:58:16,975 - alive ./defects4j_fixed/JxPath/JxPath_13_fixed/src/java/org/apache/commons/jxpath/ri/NamespaceResolver.java
2025-05-09 21:02:21,959 - alive ./defects4j_fixed/JxPath/JxPath_14_fixed/src/java/org/apache/commons/jxpath/ri/compiler/CoreFunction.java
2025-05-09 21:12:47,139 - alive ./defects4j_fixed/JxPath/JxPath_9_fixed/src/java/org/apache/commons/jxpath/ri/compiler/CoreOperationCompare.java
2025-05-09 21:21:56,538 - alive ./defects4j_fixed/JxPath/JxPath_15_fixed/src/java/org/apache/commons/jxpath/ri/axes/UnionContext.java
2025-05-09 21:24:19,009 - alive ./defects4j_fixed/JxPath/JxPath_12_fixed/src/java/org/apache/commons/jxpath/ri/model/dom/DOMNodePointer.java
2025-05-09 21:26:35,669 - alive ./defects4j_fixed/JxPath/JxPath_16_fixed/src/java/org/apache/commons/jxpath/ri/model/dom/DOMNodePointer.java
2025-05-09 21:42:57,491 - 执行测试超时(500s)，尝试删除最后一个测试方法后重试...,./defects4j_fixed/Compress/Compress_17_fixed
2025-05-09 21:42:57,552 - 由于超时，已删除测试方法: testParseOctalTrailingSpacesWithValidDigit
2025-05-09 21:56:23,132 - 执行测试超时(500s)，尝试删除最后一个测试方法后重试...,./defects4j_fixed/Compress/Compress_17_fixed
2025-05-09 21:56:23,191 - 由于超时，已删除测试方法: testParseOctalWithSingleTrailingSpaceShouldNotTrimLastDigit
2025-05-09 22:07:55,492 - alive ./defects4j_fixed/JxPath/JxPath_14_fixed/src/java/org/apache/commons/jxpath/ri/compiler/CoreFunction.java
2025-05-09 22:09:53,416 - 执行测试超时(500s)，尝试删除最后一个测试方法后重试...,./defects4j_fixed/Compress/Compress_17_fixed
2025-05-09 22:09:53,478 - 由于超时，已删除测试方法: testParseOctalWithMultipleTrailingSpacesShouldTrimAll
2025-05-09 22:23:03,256 - 执行测试超时(500s)，尝试删除最后一个测试方法后重试...,./defects4j_fixed/Compress/Compress_17_fixed
2025-05-09 22:23:03,340 - 由于超时，已删除测试方法: testParseOctalWithMultipleTrailingSpacesShouldNotSkipDigits
2025-05-09 22:36:12,452 - 执行测试超时(500s)，尝试删除最后一个测试方法后重试...,./defects4j_fixed/Compress/Compress_17_fixed
2025-05-09 22:36:12,531 - 由于超时，已删除测试方法: testParseOctalWithMultipleTrailingSpacesShouldNotSkipDigits
2025-05-09 22:49:39,657 - 执行测试超时(500s)，尝试删除最后一个测试方法后重试...,./defects4j_fixed/Compress/Compress_17_fixed
2025-05-09 22:49:39,747 - 由于超时，已删除测试方法: testParseOctalWithMultipleTrailingSpacesShouldNotResetEndPosition
2025-05-09 22:52:17,085 - alive ./defects4j_fixed/JxPath/JxPath_17_fixed/src/java/org/apache/commons/jxpath/ri/model/dom/DOMAttributeIterator.java
2025-05-09 23:11:14,643 - alive ./defects4j_fixed/JxPath/JxPath_18_fixed/src/java/org/apache/commons/jxpath/ri/axes/AttributeContext.java
2025-05-09 23:24:10,257 - alive ./defects4j_fixed/JxPath/JxPath_19_fixed/src/java/org/apache/commons/jxpath/ri/model/dom/DOMNodePointer.java
2025-05-09 23:40:58,050 - alive ./defects4j_fixed/JxPath/JxPath_17_fixed/src/java/org/apache/commons/jxpath/ri/model/dom/DOMAttributeIterator.java
2025-05-09 23:45:53,976 - 执行测试超时(500s)，尝试删除最后一个测试方法后重试...,./defects4j_fixed/Compress/Compress_17_fixed
2025-05-09 23:45:54,140 - 由于超时，已删除测试方法: testParseOctalWithMultipleTrailingNULsShouldTrimAll
2025-05-09 23:56:38,589 - alive ./defects4j_fixed/JxPath/JxPath_20_fixed/src/java/org/apache/commons/jxpath/ri/compiler/CoreOperationRelationalExpression.java
2025-05-09 23:58:22,646 - alive ./defects4j_fixed/JxPath/JxPath_21_fixed/src/java/org/apache/commons/jxpath/ri/model/beans/PropertyPointer.java
2025-05-10 00:00:20,176 - alive ./defects4j_fixed/JxPath/JxPath_22_fixed/src/java/org/apache/commons/jxpath/ri/model/dom/DOMNodePointer.java
2025-05-10 00:01:37,916 - 执行测试超时(500s)，尝试删除最后一个测试方法后重试...,./defects4j_fixed/Compress/Compress_17_fixed
2025-05-10 00:01:37,996 - 由于超时，已删除测试方法: testParseOctalWithMultipleTrailingSpacesShouldNotSkipDigits
2025-05-10 00:12:03,172 - 执行测试超时(500s)，尝试删除最后一个测试方法后重试...,./defects4j_fixed/Compress/Compress_37_fixed
2025-05-10 00:12:03,929 - 由于超时，已删除测试方法: testParsePaxHeadersWithMultiByteKeywordDetectsReadCounterMutant
2025-05-10 00:16:52,728 - 执行测试超时(500s)，尝试删除最后一个测试方法后重试...,./defects4j_fixed/Compress/Compress_17_fixed
2025-05-10 00:16:52,852 - 由于超时，已删除测试方法: testParseOctalWithMultipleTrailingSpacesShouldNotIncrementEnd
2025-05-10 00:33:03,488 - 执行测试超时(500s)，尝试删除最后一个测试方法后重试...,./defects4j_fixed/Compress/Compress_17_fixed
2025-05-10 00:33:03,540 - 由于超时，已删除测试方法: testParseOctalWithMixedTrailingSpacesAndNULs
2025-05-10 00:33:46,776 - 执行测试超时(500s)，尝试删除最后一个测试方法后重试...,./defects4j_fixed/Compress/Compress_37_fixed
2025-05-10 00:33:47,645 - 由于超时，已删除测试方法: testParsePaxHeadersWithMultiByteKeywordDetectsReadCounterMutant
2025-05-10 00:49:28,055 - 执行测试超时(500s)，尝试删除最后一个测试方法后重试...,./defects4j_fixed/Compress/Compress_17_fixed
2025-05-10 00:49:28,212 - 由于超时，已删除测试方法: testParseOctalTrailerCheckWithInvalidTrailer
2025-05-10 00:51:04,668 - 执行测试超时(500s)，尝试删除最后一个测试方法后重试...,./defects4j_fixed/Compress/Compress_37_fixed
2025-05-10 00:51:05,218 - 由于超时，已删除测试方法: testParsePaxHeadersWithEqualsSign
2025-05-10 01:00:42,663 - 执行测试超时(500s)，尝试删除最后一个测试方法后重试...,./defects4j_fixed/Compress/Compress_37_fixed
2025-05-10 01:00:43,621 - 由于超时，已删除测试方法: testParsePaxHeadersWithNonEmptyKeyword
2025-05-10 01:22:10,888 - 执行测试超时(500s)，尝试删除最后一个测试方法后重试...,./defects4j_fixed/Compress/Compress_37_fixed
2025-05-10 01:22:11,861 - 由于超时，已删除测试方法: testParsePaxHeaders_EmptyValue
2025-05-10 01:47:09,276 - 执行测试超时(500s)，尝试删除最后一个测试方法后重试...,./defects4j_fixed/Compress/Compress_17_fixed
2025-05-10 01:47:09,439 - 由于超时，已删除测试方法: testParseOctalWithInvalidTrailingCharShouldThrow
2025-05-10 01:47:20,804 - 执行测试超时(500s)，尝试删除最后一个测试方法后重试...,./defects4j_fixed/Compress/Compress_37_fixed
2025-05-10 01:47:21,847 - 由于超时，已删除测试方法: testParsePaxHeadersWithNonEmptyKeyword
2025-05-10 02:04:08,564 - 执行测试超时(500s)，尝试删除最后一个测试方法后重试...,./defects4j_fixed/Compress/Compress_17_fixed
2025-05-10 02:04:09,047 - 由于超时，已删除测试方法: testParseOctalWithMultipleTrailingSpaces
2025-05-10 02:05:05,928 - 执行测试超时(500s)，尝试删除最后一个测试方法后重试...,./defects4j_fixed/Compress/Compress_37_fixed
2025-05-10 02:05:06,617 - 由于超时，已删除测试方法: testParsePaxHeaders_restLen1ShouldRemoveHeader
2025-05-10 02:14:39,228 - 执行测试超时(500s)，尝试删除最后一个测试方法后重试...,./defects4j_fixed/Compress/Compress_37_fixed
2025-05-10 02:14:39,576 - 由于超时，已删除测试方法: testParsePaxHeaders_ShouldRemoveKeywordWhenOnlyNewlineRemains
2025-05-10 02:20:38,899 - 执行测试超时(500s)，尝试删除最后一个测试方法后重试...,./defects4j_fixed/Compress/Compress_17_fixed
2025-05-10 02:20:39,137 - 由于超时，已删除测试方法: testParseOctalWithMultipleTrailingSpacesShouldNotBeAffectedByEndIncrement
2025-05-10 02:36:12,032 - 执行测试超时(500s)，尝试删除最后一个测试方法后重试...,./defects4j_fixed/Compress/Compress_37_fixed
2025-05-10 02:36:12,969 - 由于超时，已删除测试方法: testParsePaxHeaders_IncompleteRead
2025-05-10 02:37:52,156 - 执行测试超时(500s)，尝试删除最后一个测试方法后重试...,./defects4j_fixed/Compress/Compress_17_fixed
2025-05-10 02:37:52,339 - 由于超时，已删除测试方法: testParseOctalWithMultipleTrailingSpacesShouldDetectMutant
2025-05-10 02:54:28,236 - 执行测试超时(500s)，尝试删除最后一个测试方法后重试...,./defects4j_fixed/Compress/Compress_17_fixed
2025-05-10 02:54:28,878 - 由于超时，已删除测试方法: testParseOctal_InvalidTrailingChar_ThrowsException
2025-05-10 02:56:38,100 - 执行测试超时(500s)，尝试删除最后一个测试方法后重试...,./defects4j_fixed/Compress/Compress_37_fixed
2025-05-10 02:56:38,661 - 由于超时，已删除测试方法: testParsePaxHeaders_ShouldRemoveKeywordWhenOnlyNewlineRemains
2025-05-10 03:06:12,684 - 执行测试超时(500s)，尝试删除最后一个测试方法后重试...,./defects4j_fixed/Compress/Compress_37_fixed
2025-05-10 03:06:13,444 - 由于超时，已删除测试方法: testParsePaxHeadersWithNonEmptyValueDetectsBufferSizeMutant
2025-05-10 03:35:04,840 - 执行测试超时(500s)，尝试删除最后一个测试方法后重试...,./defects4j_fixed/Compress/Compress_37_fixed
2025-05-10 03:35:05,859 - 由于超时，已删除测试方法: testParsePaxHeadersWithValidEntryShouldNotThrowIOException
2025-05-10 03:54:31,968 - 执行测试超时(500s)，尝试删除最后一个测试方法后重试...,./defects4j_fixed/Compress/Compress_37_fixed
2025-05-10 03:54:32,743 - 由于超时，已删除测试方法: testParsePaxHeadersWithValidEntryShouldNotThrowIOException
2025-05-10 04:03:58,552 - 执行测试超时(500s)，尝试删除最后一个测试方法后重试...,./defects4j_fixed/Compress/Compress_37_fixed
2025-05-10 04:03:58,967 - 由于超时，已删除测试方法: testParsePaxHeadersWithIncompleteRead
2025-05-10 04:26:01,688 - 执行测试超时(500s)，尝试删除最后一个测试方法后重试...,./defects4j_fixed/Compress/Compress_37_fixed
2025-05-10 04:26:02,265 - 由于超时，已删除测试方法: testParsePaxHeadersWithIncompleteRead
2025-05-10 04:35:33,787 - 执行测试超时(500s)，尝试删除最后一个测试方法后重试...,./defects4j_fixed/Compress/Compress_37_fixed
2025-05-10 04:35:34,307 - 由于超时，已删除测试方法: testParsePaxHeaders_ShouldAddHeaderToMap
2025-05-10 04:56:00,032 - 执行测试超时(500s)，尝试删除最后一个测试方法后重试...,./defects4j_fixed/Compress/Compress_37_fixed
2025-05-10 04:56:00,495 - 由于超时，已删除测试方法: testParsePaxHeaders_ShouldAddHeaderToMap
2025-05-10 05:06:32,688 - 执行测试超时(500s)，尝试删除最后一个测试方法后重试...,./defects4j_fixed/Compress/Compress_37_fixed
2025-05-10 05:06:33,031 - 由于超时，已删除测试方法: testParsePaxHeadersWithMultipleHeadersShouldProcessAllHeaders
2025-05-10 05:31:40,248 - 执行测试超时(500s)，尝试删除最后一个测试方法后重试...,./defects4j_fixed/Compress/Compress_37_fixed
2025-05-10 05:31:41,127 - 由于超时，已删除测试方法: testParsePaxHeaders_RemoveHeader
2025-05-10 05:51:16,712 - 执行测试超时(500s)，尝试删除最后一个测试方法后重试...,./defects4j_fixed/Compress/Compress_37_fixed
2025-05-10 05:51:17,851 - 由于超时，已删除测试方法: testParsePaxHeadersDetectsReadDecrementMutant1
2025-05-10 05:59:42,264 - 执行测试超时(500s)，尝试删除最后一个测试方法后重试...,./defects4j_fixed/Compress/Compress_37_fixed
2025-05-10 05:59:42,589 - 由于超时，已删除测试方法: testParsePaxHeadersShouldTerminateAfterProcessingHeader
2025-05-10 06:08:07,268 - 执行测试超时(500s)，尝试删除最后一个测试方法后重试...,./defects4j_fixed/Compress/Compress_37_fixed
2025-05-10 06:08:08,006 - 由于超时，已删除测试方法: testParsePaxHeadersWithMultipleHeadersShouldProcessAllHeaders
2025-05-10 23:08:38,044 - alive ./defects4j_fixed/Math/Math_5_fixed/src/main/java/org/apache/commons/math3/complex/Complex.java
2025-05-10 23:08:40,183 - alive ./defects4j_fixed/Math/Math_2_fixed/src/main/java/org/apache/commons/math3/distribution/HypergeometricDistribution.java
2025-05-10 23:08:52,216 - alive ./defects4j_fixed/Math/Math_1_fixed/src/main/java/org/apache/commons/math3/fraction/BigFraction.java
2025-05-10 23:08:57,312 - alive ./defects4j_fixed/Math/Math_4_fixed/src/main/java/org/apache/commons/math3/geometry/euclidean/threed/SubLine.java
2025-05-10 23:08:59,838 - alive ./defects4j_fixed/Math/Math_3_fixed/src/main/java/org/apache/commons/math3/util/MathArrays.java
2025-05-10 23:09:09,234 - alive ./defects4j_fixed/Math/Math_8_fixed/src/main/java/org/apache/commons/math3/distribution/DiscreteDistribution.java
2025-05-10 23:09:42,882 - alive ./defects4j_fixed/Math/Math_7_fixed/src/main/java/org/apache/commons/math3/ode/AbstractIntegrator.java
2025-05-10 23:10:02,341 - alive ./defects4j_fixed/Math/Math_6_fixed/src/main/java/org/apache/commons/math3/optim/BaseOptimizer.java
2025-05-10 23:15:04,089 - alive ./defects4j_fixed/Math/Math_9_fixed/src/main/java/org/apache/commons/math3/geometry/euclidean/threed/Line.java
2025-05-10 23:29:32,445 - alive ./defects4j_fixed/Math/Math_10_fixed/src/main/java/org/apache/commons/math3/analysis/differentiation/DSCompiler.java
2025-05-10 23:39:03,179 - alive ./defects4j_fixed/Math/Math_11_fixed/src/main/java/org/apache/commons/math3/distribution/MultivariateNormalDistribution.java
2025-05-10 23:54:13,559 - alive ./defects4j_fixed/Math/Math_13_fixed/src/main/java/org/apache/commons/math3/optimization/general/AbstractLeastSquaresOptimizer.java
2025-05-11 00:00:28,764 - 执行测试超时(500s)，尝试删除最后一个测试方法后重试...,./defects4j_fixed/Math/Math_7_fixed
2025-05-11 00:00:28,971 - 由于超时，已删除测试方法: testAcceptStep_DetectsSoftPreviousTimeMutation
2025-05-11 00:14:56,381 - alive ./defects4j_fixed/Math/Math_14_fixed/src/main/java/org/apache/commons/math3/optim/nonlinear/vector/Weight.java
2025-05-11 00:18:51,275 - alive ./defects4j_fixed/Math/Math_15_fixed/src/main/java/org/apache/commons/math3/util/FastMath.java
2025-05-11 00:20:17,492 - alive ./defects4j_fixed/Math/Math_16_fixed/src/main/java/org/apache/commons/math3/util/FastMath.java
2025-05-11 00:27:16,892 - alive ./defects4j_fixed/Math/Math_17_fixed/src/main/java/org/apache/commons/math3/dfp/Dfp.java
2025-05-11 00:30:31,736 - 执行测试超时(500s)，尝试删除最后一个测试方法后重试...,./defects4j_fixed/Math/Math_7_fixed
2025-05-11 00:30:32,265 - 由于超时，已删除测试方法: testAcceptStepSetsCorrectSoftCurrentTimeForEvents
2025-05-11 00:30:41,733 - 执行测试超时(500s)，尝试删除最后一个测试方法后重试...,./defects4j_fixed/Math/Math_15_fixed
2025-05-11 00:30:41,994 - 由于超时，已删除测试方法: testPow_Precision
2025-05-11 00:47:52,389 - 执行测试超时(500s)，尝试删除最后一个测试方法后重试...,./defects4j_fixed/Math/Math_7_fixed
2025-05-11 00:47:53,748 - 由于超时，已删除测试方法: testAcceptStepSetsCorrectSoftCurrentTimeForEvents
2025-05-11 00:49:12,752 - 执行测试超时(500s)，尝试删除最后一个测试方法后重试...,./defects4j_fixed/Math/Math_15_fixed
2025-05-11 00:49:13,028 - 由于超时，已删除测试方法: testPow_EdgeCases1
2025-05-11 01:02:58,428 - 执行测试超时(500s)，尝试删除最后一个测试方法后重试...,./defects4j_fixed/Math/Math_15_fixed
2025-05-11 01:02:58,544 - 由于超时，已删除测试方法: testPow_EdgeCases1
2025-05-11 01:09:21,655 - alive ./defects4j_fixed/Math/Math_18_fixed/src/main/java/org/apache/commons/math3/optimization/direct/CMAESOptimizer.java
2025-05-11 01:18:21,080 - 执行测试超时(500s)，尝试删除最后一个测试方法后重试...,./defects4j_fixed/Math/Math_15_fixed
2025-05-11 01:18:21,378 - 由于超时，已删除测试方法: testPow_EdgeCases
2025-05-11 01:26:32,756 - alive ./defects4j_fixed/Math/Math_19_fixed/src/main/java/org/apache/commons/math3/optimization/direct/CMAESOptimizer.java
2025-05-11 01:32:50,039 - 执行测试超时(500s)，尝试删除最后一个测试方法后重试...,./defects4j_fixed/Math/Math_15_fixed
2025-05-11 01:32:50,150 - 由于超时，已删除测试方法: testPow_PositiveExponent
2025-05-11 01:39:02,367 - alive ./defects4j_fixed/Math/Math_20_fixed/src/main/java/org/apache/commons/math3/optimization/direct/CMAESOptimizer.java
2025-05-11 01:39:30,909 - 执行测试超时(500s)，尝试删除最后一个测试方法后重试...,./defects4j_fixed/Math/Math_7_fixed
2025-05-11 01:39:31,935 - 由于超时，已删除测试方法: testAcceptStep_NeedResetBehavior
2025-05-11 01:46:55,532 - 执行测试超时(500s)，尝试删除最后一个测试方法后重试...,./defects4j_fixed/Math/Math_15_fixed
2025-05-11 01:46:56,109 - 由于超时，已删除测试方法: testPow_PositiveExponent
2025-05-11 01:59:47,056 - 执行测试超时(500s)，尝试删除最后一个测试方法后重试...,./defects4j_fixed/Math/Math_15_fixed
2025-05-11 01:59:47,211 - 由于超时，已删除测试方法: testPow_NormalCases
2025-05-11 02:11:21,196 - 执行测试超时(500s)，尝试删除最后一个测试方法后重试...,./defects4j_fixed/Math/Math_15_fixed
2025-05-11 02:11:21,755 - 由于超时，已删除测试方法: testPow_NormalCases
2025-05-11 02:23:09,732 - 执行测试超时(500s)，尝试删除最后一个测试方法后重试...,./defects4j_fixed/Math/Math_15_fixed
2025-05-11 02:23:09,921 - 由于超时，已删除测试方法: testPow_NormalCases
2025-05-11 02:23:48,711 - alive ./defects4j_fixed/Math/Math_20_fixed/src/main/java/org/apache/commons/math3/optimization/direct/CMAESOptimizer.java
2025-05-11 02:34:30,724 - 执行测试超时(500s)，尝试删除最后一个测试方法后重试...,./defects4j_fixed/Math/Math_15_fixed
2025-05-11 02:34:31,747 - 由于超时，已删除测试方法: testPow_SpecialCases1
2025-05-11 02:35:35,472 - 执行测试超时(500s)，尝试删除最后一个测试方法后重试...,./defects4j_fixed/Math/Math_7_fixed
2025-05-11 02:35:36,786 - 由于超时，已删除测试方法: testAcceptStepSetsCorrectSoftPreviousTimeAfterEvent
2025-05-11 02:37:44,867 - alive ./defects4j_fixed/Math/Math_21_fixed/src/main/java/org/apache/commons/math3/linear/RectangularCholeskyDecomposition.java
2025-05-11 02:44:16,252 - 执行测试超时(500s)，尝试删除最后一个测试方法后重试...,./defects4j_fixed/Math/Math_15_fixed
2025-05-11 02:44:16,395 - 由于超时，已删除测试方法: testPow_OddEvenExponents
2025-05-11 02:53:38,344 - 执行测试超时(500s)，尝试删除最后一个测试方法后重试...,./defects4j_fixed/Math/Math_15_fixed
2025-05-11 02:53:38,635 - 由于超时，已删除测试方法: testPow_Precision
2025-05-11 03:01:56,268 - 执行测试超时(500s)，尝试删除最后一个测试方法后重试...,./defects4j_fixed/Math/Math_7_fixed
2025-05-11 03:01:57,832 - 由于超时，已删除测试方法: testAcceptStep_VerifyCorrectTimeSetAfterEventHandling
2025-05-11 03:02:27,658 - alive ./defects4j_fixed/Math/Math_18_fixed/src/main/java/org/apache/commons/math3/optimization/direct/CMAESOptimizer.java
2025-05-11 03:03:09,192 - 执行测试超时(500s)，尝试删除最后一个测试方法后重试...,./defects4j_fixed/Math/Math_15_fixed
2025-05-11 03:03:09,439 - 由于超时，已删除测试方法: testPow_LargeExponents
2025-05-11 03:05:24,858 - alive ./defects4j_fixed/Math/Math_22_fixed/src/main/java/org/apache/commons/math3/distribution/FDistribution.java
2025-05-11 03:12:58,672 - 执行测试超时(500s)，尝试删除最后一个测试方法后重试...,./defects4j_fixed/Math/Math_15_fixed
2025-05-11 03:12:58,952 - 由于超时，已删除测试方法: testPow_SpecialCases
2025-05-11 03:15:28,781 - alive ./defects4j_fixed/Math/Math_23_fixed/src/main/java/org/apache/commons/math3/optimization/univariate/BrentOptimizer.java
2025-05-11 03:23:38,380 - 执行测试超时(500s)，尝试删除最后一个测试方法后重试...,./defects4j_fixed/Math/Math_15_fixed
2025-05-11 03:23:38,464 - 由于超时，已删除测试方法: testPow_NegativeBaseWithIntegerExponent
2025-05-11 03:24:42,856 - 执行测试超时(500s)，尝试删除最后一个测试方法后重试...,./defects4j_fixed/Math/Math_7_fixed
2025-05-11 03:24:45,411 - 由于超时，已删除测试方法: testAcceptStepDoesNotForceLastStepWhenNoStateRequestsStop
2025-05-11 03:33:26,540 - 执行测试超时(500s)，尝试删除最后一个测试方法后重试...,./defects4j_fixed/Math/Math_15_fixed
2025-05-11 03:33:26,730 - 由于超时，已删除测试方法: testPow_InfinityBase
2025-05-11 03:44:06,696 - 执行测试超时(500s)，尝试删除最后一个测试方法后重试...,./defects4j_fixed/Math/Math_15_fixed
2025-05-11 03:44:06,838 - 由于超时，已删除测试方法: testPow_InfinityBase
2025-05-11 03:52:48,684 - 执行测试超时(500s)，尝试删除最后一个测试方法后重试...,./defects4j_fixed/Math/Math_15_fixed
2025-05-11 03:52:48,788 - 由于超时，已删除测试方法: testPow_InfinityExponent
2025-05-11 04:01:17,361 - 执行测试超时(500s)，尝试删除最后一个测试方法后重试...,./defects4j_fixed/Math/Math_15_fixed
2025-05-11 04:01:17,453 - 由于超时，已删除测试方法: testPow_PositiveBaseWithFractionalExponent
2025-05-11 04:09:48,768 - 执行测试超时(500s)，尝试删除最后一个测试方法后重试...,./defects4j_fixed/Math/Math_15_fixed
2025-05-11 04:09:48,877 - 由于超时，已删除测试方法: testPow_ZeroExponent1
2025-05-11 04:10:26,483 - alive ./defects4j_fixed/Math/Math_24_fixed/src/main/java/org/apache/commons/math3/optimization/univariate/BrentOptimizer.java
2025-05-11 04:13:59,744 - alive ./defects4j_fixed/Math/Math_25_fixed/src/main/java/org/apache/commons/math3/optimization/fitting/HarmonicFitter.java
2025-05-11 04:14:32,872 - 执行测试超时(500s)，尝试删除最后一个测试方法后重试...,./defects4j_fixed/Math/Math_7_fixed
2025-05-11 04:14:33,758 - 由于超时，已删除测试方法: testAcceptStep_ShouldNotStopWhenNoEventRequestsStop
2025-05-11 04:18:19,149 - 执行测试超时(500s)，尝试删除最后一个测试方法后重试...,./defects4j_fixed/Math/Math_15_fixed
2025-05-11 04:18:19,293 - 由于超时，已删除测试方法: testPow_NegativeZeroBase
2025-05-11 04:35:52,309 - alive ./defects4j_fixed/Math/Math_26_fixed/src/main/java/org/apache/commons/math3/fraction/Fraction.java
2025-05-11 05:38:23,710 - alive ./defects4j_fixed/Math/Math_27_fixed/src/main/java/org/apache/commons/math3/fraction/Fraction.java
2025-05-11 05:41:28,024 - alive ./defects4j_fixed/Math/Math_28_fixed/src/main/java/org/apache/commons/math3/optimization/linear/SimplexSolver.java
2025-05-11 05:58:23,144 - alive ./defects4j_fixed/Math/Math_29_fixed/src/main/java/org/apache/commons/math3/linear/OpenMapRealVector.java
2025-05-11 06:04:10,835 - alive ./defects4j_fixed/Math/Math_30_fixed/src/main/java/org/apache/commons/math3/stat/inference/MannWhitneyUTest.java
2025-05-11 06:25:31,469 - alive ./defects4j_fixed/Math/Math_31_fixed/src/main/java/org/apache/commons/math3/util/ContinuedFraction.java
2025-05-11 06:27:12,368 - 执行测试超时(500s)，尝试删除最后一个测试方法后重试...,./defects4j_fixed/Math/Math_7_fixed
2025-05-11 06:27:14,830 - 由于超时，已删除测试方法: testAcceptStep_DetectsSoftPreviousTimeMutation
2025-05-11 06:44:41,478 - alive ./defects4j_fixed/Math/Math_32_fixed/src/main/java/org/apache/commons/math3/geometry/euclidean/twod/PolygonsSet.java
2025-05-11 06:57:20,516 - 执行测试超时(500s)，尝试删除最后一个测试方法后重试...,./defects4j_fixed/Math/Math_7_fixed
2025-05-11 06:57:22,833 - 由于超时，已删除测试方法: testAcceptStepDoesNotForceLastStepWhenNoStateRequestsStop1
2025-05-11 06:59:56,195 - alive ./defects4j_fixed/Math/Math_33_fixed/src/main/java/org/apache/commons/math3/optimization/linear/SimplexTableau.java
2025-05-11 07:23:55,576 - 执行测试超时(500s)，尝试删除最后一个测试方法后重试...,./defects4j_fixed/Math/Math_7_fixed
2025-05-11 07:23:58,943 - 由于超时，已删除测试方法: testAcceptStep_DetectsRecurringEvent
2025-05-11 07:27:06,421 - alive ./defects4j_fixed/Math/Math_34_fixed/src/main/java/org/apache/commons/math3/genetics/ListPopulation.java
2025-05-11 08:18:05,262 - alive ./defects4j_fixed/Math/Math_35_fixed/src/main/java/org/apache/commons/math3/genetics/ElitisticListPopulation.java
2025-05-11 08:45:10,748 - 执行测试超时(500s)，尝试删除最后一个测试方法后重试...,./defects4j_fixed/Math/Math_31_fixed
2025-05-11 08:45:12,503 - 由于超时，已删除测试方法: testEvaluateWithExtremelySmallTerms
2025-05-11 08:46:54,622 - alive ./defects4j_fixed/Math/Math_36_fixed/src/main/java/org/apache/commons/math/fraction/BigFraction.java
2025-05-11 09:07:07,975 - alive ./defects4j_fixed/Math/Math_37_fixed/src/main/java/org/apache/commons/math/complex/Complex.java
2025-05-11 09:21:13,489 - alive ./defects4j_fixed/Math/Math_38_fixed/src/main/java/org/apache/commons/math/optimization/direct/BOBYQAOptimizer.java
2025-05-11 09:41:27,532 - 执行测试超时(500s)，尝试删除最后一个测试方法后重试...,./defects4j_fixed/Math/Math_31_fixed
2025-05-11 09:41:28,033 - 由于超时，已删除测试方法: testEvaluateWithSmallHPrev
2025-05-11 09:50:45,748 - 执行测试超时(500s)，尝试删除最后一个测试方法后重试...,./defects4j_fixed/Math/Math_7_fixed
2025-05-11 09:50:49,085 - 由于超时，已删除测试方法: testAcceptStepSetsCorrectSoftPreviousTimeAfterEvent
2025-05-11 10:05:09,945 - alive ./defects4j_fixed/Math/Math_39_fixed/src/main/java/org/apache/commons/math/ode/nonstiff/EmbeddedRungeKuttaIntegrator.java
2025-05-11 10:05:51,240 - 执行测试超时(500s)，尝试删除最后一个测试方法后重试...,./defects4j_fixed/Math/Math_31_fixed
2025-05-11 10:05:51,831 - 由于超时，已删除测试方法: testEvaluate_WithMaxIterations1
2025-05-11 10:14:38,868 - alive ./defects4j_fixed/Math/Math_40_fixed/src/main/java/org/apache/commons/math/analysis/solvers/BracketingNthOrderBrentSolver.java
2025-05-11 10:32:59,672 - 执行测试超时(500s)，尝试删除最后一个测试方法后重试...,./defects4j_fixed/Math/Math_31_fixed
2025-05-11 10:33:01,490 - 由于超时，已删除测试方法: testEvaluateWithNearZeroInitialValue
2025-05-11 10:39:41,828 - alive ./defects4j_fixed/Math/Math_41_fixed/src/main/java/org/apache/commons/math/stat/descriptive/moment/Variance.java
2025-05-11 10:43:06,832 - 执行测试超时(500s)，尝试删除最后一个测试方法后重试...,./defects4j_fixed/Math/Math_7_fixed
2025-05-11 10:43:12,162 - 由于超时，已删除测试方法: testAcceptStep_DetectsRecurringEventsInSameStep
2025-05-11 11:09:29,332 - 执行测试超时(500s)，尝试删除最后一个测试方法后重试...,./defects4j_fixed/Math/Math_7_fixed
2025-05-11 11:09:33,824 - 由于超时，已删除测试方法: testAcceptStepDoesNotForceLastStepWhenNoStateRequestsStop1
2025-05-11 11:17:41,197 - alive ./defects4j_fixed/Math/Math_42_fixed/src/main/java/org/apache/commons/math/optimization/linear/SimplexTableau.java
2025-05-11 11:35:13,560 - alive ./defects4j_fixed/Math/Math_39_fixed/src/main/java/org/apache/commons/math/ode/nonstiff/EmbeddedRungeKuttaIntegrator.java
2025-05-11 11:43:09,132 - 执行测试超时(500s)，尝试删除最后一个测试方法后重试...,./defects4j_fixed/Math/Math_7_fixed
2025-05-11 11:43:11,921 - 由于超时，已删除测试方法: testAcceptStepCallsStepHandlers4
2025-05-11 11:58:45,353 - alive ./defects4j_fixed/Math/Math_43_fixed/src/main/java/org/apache/commons/math/stat/descriptive/SummaryStatistics.java
2025-05-11 12:04:19,088 - alive ./defects4j_fixed/Math/Math_44_fixed/src/main/java/org/apache/commons/math/ode/AbstractIntegrator.java
2025-05-11 12:43:03,045 - alive ./defects4j_fixed/Math/Math_45_fixed/src/main/java/org/apache/commons/math/linear/OpenMapRealMatrix.java
2025-05-11 12:45:19,999 - alive ./defects4j_fixed/Math/Math_46_fixed/src/main/java/org/apache/commons/math/complex/Complex.java
2025-05-11 12:51:22,975 - alive ./defects4j_fixed/Math/Math_47_fixed/src/main/java/org/apache/commons/math/complex/Complex.java
2025-05-11 13:13:17,917 - alive ./defects4j_fixed/Math/Math_48_fixed/src/main/java/org/apache/commons/math/analysis/solvers/BaseSecantSolver.java
2025-05-11 13:17:25,957 - alive ./defects4j_fixed/Math/Math_49_fixed/src/main/java/org/apache/commons/math/linear/OpenMapRealVector.java
2025-05-11 13:18:32,606 - alive ./defects4j_fixed/Math/Math_50_fixed/src/main/java/org/apache/commons/math/analysis/solvers/BaseSecantSolver.java
2025-05-11 13:31:04,518 - alive ./defects4j_fixed/Math/Math_51_fixed/src/main/java/org/apache/commons/math/analysis/solvers/BaseSecantSolver.java
2025-05-11 13:31:29,504 - 执行测试超时(500s)，尝试删除最后一个测试方法后重试...,./defects4j_fixed/Math/Math_44_fixed
2025-05-11 13:31:29,734 - 由于超时，已删除测试方法: testAcceptStep_WithSingleEvent
2025-05-11 13:50:08,180 - 执行测试超时(500s)，尝试删除最后一个测试方法后重试...,./defects4j_fixed/Math/Math_44_fixed
2025-05-11 13:50:08,577 - 由于超时，已删除测试方法: testAcceptStep_InitializesStatesWhenNotInitialized
2025-05-11 13:50:32,568 - alive ./defects4j_fixed/Math/Math_52_fixed/src/main/java/org/apache/commons/math/geometry/euclidean/threed/Rotation.java
2025-05-11 13:51:15,368 - alive ./defects4j_fixed/Math/Math_50_fixed/src/main/java/org/apache/commons/math/analysis/solvers/BaseSecantSolver.java
2025-05-11 14:00:44,460 - 执行测试超时(500s)，尝试删除最后一个测试方法后重试...,./defects4j_fixed/Math/Math_44_fixed
2025-05-11 14:00:44,691 - 由于超时，已删除测试方法: testAcceptStep_LastStepWhenReachingTEnd
2025-05-11 14:09:13,516 - 执行测试超时(500s)，尝试删除最后一个测试方法后重试...,./defects4j_fixed/Math/Math_44_fixed
2025-05-11 14:09:14,207 - 由于超时，已删除测试方法: testAcceptStep_BackwardIntegration
2025-05-11 14:17:42,104 - 执行测试超时(500s)，尝试删除最后一个测试方法后重试...,./defects4j_fixed/Math/Math_44_fixed
2025-05-11 14:17:42,347 - 由于超时，已删除测试方法: testAcceptStep_WithEventThatTriggersReset
2025-05-11 14:19:14,212 - 执行测试超时(500s)，尝试删除最后一个测试方法后重试...,./defects4j_fixed/Math/Math_48_fixed
2025-05-11 14:19:14,453 - 由于超时，已删除测试方法: testDoSolveDetectsSecantFormulaMutation
2025-05-11 14:26:11,277 - 执行测试超时(500s)，尝试删除最后一个测试方法后重试...,./defects4j_fixed/Math/Math_44_fixed
2025-05-11 14:26:11,483 - 由于超时，已删除测试方法: testAcceptStep_WithEventThatStopsIntegration
2025-05-11 15:00:43,879 - 执行测试超时(500s)，尝试删除最后一个测试方法后重试...,./defects4j_fixed/Math/Math_39_fixed
2025-05-11 15:00:45,091 - 执行测试超时(500s)，尝试删除最后一个测试方法后重试...,./defects4j_fixed/Math/Math_44_fixed
2025-05-11 15:00:45,091 - 执行测试超时(500s)，尝试删除最后一个测试方法后重试...,./defects4j_fixed/Math/Math_1_fixed
2025-05-11 15:00:51,358 - 由于超时，已删除测试方法: testAcceptStep_WithMultipleEvents
2025-05-11 15:00:51,779 - 由于超时，已删除测试方法: testFilteredNextIsLastStepAdjustment
2025-05-11 15:01:08,808 - 由于超时，已删除测试方法: testIntConstructorInitialization2
2025-05-11 15:40:11,841 - 执行测试超时(500s)，尝试删除最后一个测试方法后重试...,./defects4j_fixed/Math/Math_42_fixed
2025-05-11 15:56:06,693 - 执行测试超时(500s)，尝试删除最后一个测试方法后重试...,./defects4j_fixed/Math/Math_44_fixed
2025-05-12 17:15:36,793 - alive ./defects4j_fixed/Math/Math_48_fixed/src/main/java/org/apache/commons/math/analysis/solvers/BaseSecantSolver.java
2025-05-12 17:15:39,193 - alive ./defects4j_fixed/Math/Math_1_fixed/src/main/java/org/apache/commons/math3/fraction/BigFraction.java
2025-05-12 17:15:40,173 - alive ./defects4j_fixed/Math/Math_44_fixed/src/main/java/org/apache/commons/math/ode/AbstractIntegrator.java
2025-05-12 17:15:57,573 - alive ./defects4j_fixed/Math/Math_42_fixed/src/main/java/org/apache/commons/math/optimization/linear/SimplexTableau.java
2025-05-12 17:16:15,813 - alive ./defects4j_fixed/Math/Math_39_fixed/src/main/java/org/apache/commons/math/ode/nonstiff/EmbeddedRungeKuttaIntegrator.java
2025-05-12 17:19:15,437 - alive ./defects4j_fixed/JxPath/JxPath_14_fixed/src/java/org/apache/commons/jxpath/ri/compiler/CoreFunction.java
2025-05-12 17:37:25,649 - 执行测试超时(500s)，尝试删除最后一个测试方法后重试...,./defects4j_fixed/Math/Math_44_fixed
2025-05-12 17:37:25,747 - 由于超时，已删除测试方法: testAcceptStep_ReachesEndTime
2025-05-12 17:43:52,397 - alive ./defects4j_fixed/Math/Math_50_fixed/src/main/java/org/apache/commons/math/analysis/solvers/BaseSecantSolver.java
2025-05-12 17:44:59,999 - alive ./defects4j_fixed/Math/Math_50_fixed/src/main/java/org/apache/commons/math/analysis/solvers/BaseSecantSolver.java
2025-05-12 17:45:05,860 - alive ./defects4j_fixed/Math/Math_56_fixed/src/main/java/org/apache/commons/math/util/MultidimensionalCounter.java
2025-05-12 17:45:06,894 - alive ./defects4j_fixed/Math/Math_57_fixed/src/main/java/org/apache/commons/math/stat/clustering/KMeansPlusPlusClusterer.java
2025-05-12 17:45:12,676 - alive ./defects4j_fixed/Math/Math_53_fixed/src/main/java/org/apache/commons/math/complex/Complex.java
2025-05-12 17:45:24,183 - alive ./defects4j_fixed/Math/Math_54_fixed/src/main/java/org/apache/commons/math/dfp/Dfp.java
2025-05-12 17:45:48,928 - alive ./defects4j_fixed/Math/Math_52_fixed/src/main/java/org/apache/commons/math/geometry/euclidean/threed/Rotation.java
2025-05-12 17:46:04,078 - alive ./defects4j_fixed/Math/Math_51_fixed/src/main/java/org/apache/commons/math/analysis/solvers/BaseSecantSolver.java
2025-05-12 17:46:09,439 - alive ./defects4j_fixed/Math/Math_55_fixed/src/main/java/org/apache/commons/math/geometry/Vector3D.java
2025-05-12 18:00:53,988 - alive ./defects4j_fixed/Math/Math_58_fixed/src/main/java/org/apache/commons/math/optimization/fitting/GaussianFitter.java
2025-05-12 18:10:10,529 - alive ./defects4j_fixed/Math/Math_59_fixed/src/main/java/org/apache/commons/math/util/FastMath.java
2025-05-12 18:17:48,578 - 执行测试超时(500s)，尝试删除最后一个测试方法后重试...,./defects4j_fixed/Math/Math_57_fixed
2025-05-12 18:17:48,953 - 由于超时，已删除测试方法: testChooseInitialCentersArraySize
2025-05-12 18:22:03,433 - alive ./defects4j_fixed/Math/Math_51_fixed/src/main/java/org/apache/commons/math/analysis/solvers/BaseSecantSolver.java
2025-05-12 18:27:17,866 - alive ./defects4j_fixed/Math/Math_48_fixed/src/main/java/org/apache/commons/math/analysis/solvers/BaseSecantSolver.java
2025-05-12 18:34:20,393 - alive ./defects4j_fixed/Math/Math_60_fixed/src/main/java/org/apache/commons/math/distribution/NormalDistributionImpl.java
2025-05-12 18:38:13,930 - 执行测试超时(500s)，尝试删除最后一个测试方法后重试...,./defects4j_fixed/Math/Math_44_fixed
2025-05-12 18:38:14,111 - 由于超时，已删除测试方法: testEventOrderingWithDirection
2025-05-12 18:53:41,487 - 执行测试超时(500s)，尝试删除最后一个测试方法后重试...,./defects4j_fixed/Math/Math_44_fixed
2025-05-12 18:53:41,979 - 由于超时，已删除测试方法: testAcceptStep_OnlyAddsEventsThatActuallyOccur
2025-05-12 19:08:30,654 - 执行测试超时(500s)，尝试删除最后一个测试方法后重试...,./defects4j_fixed/Math/Math_44_fixed
2025-05-12 19:08:31,507 - 由于超时，已删除测试方法: testAcceptStep_DetectsSoftCurrentTimeMutation
2025-05-12 19:14:10,496 - alive ./defects4j_fixed/Math/Math_61_fixed/src/main/java/org/apache/commons/math/distribution/PoissonDistributionImpl.java
2025-05-12 19:16:05,561 - alive ./defects4j_fixed/Math/Math_62_fixed/src/main/java/org/apache/commons/math/optimization/univariate/MultiStartUnivariateRealOptimizer.java
2025-05-12 19:17:55,114 - 执行测试超时(500s)，尝试删除最后一个测试方法后重试...,./defects4j_fixed/Math/Math_51_fixed
2025-05-12 19:17:55,342 - 由于超时，已删除测试方法: testDoSolveReturnsImmediatelyWhenF0IsZero
2025-05-12 19:33:15,066 - alive ./defects4j_fixed/Math/Math_58_fixed/src/main/java/org/apache/commons/math/optimization/fitting/GaussianFitter.java
2025-05-12 19:33:15,314 - alive ./defects4j_fixed/Math/Math_50_fixed/src/main/java/org/apache/commons/math/analysis/solvers/BaseSecantSolver.java
2025-05-12 19:33:16,959 - alive ./defects4j_fixed/Math/Math_56_fixed/src/main/java/org/apache/commons/math/util/MultidimensionalCounter.java
2025-05-12 19:33:20,034 - alive ./defects4j_fixed/Math/Math_57_fixed/src/main/java/org/apache/commons/math/stat/clustering/KMeansPlusPlusClusterer.java
2025-05-12 19:33:23,040 - alive ./defects4j_fixed/Math/Math_61_fixed/src/main/java/org/apache/commons/math/distribution/PoissonDistributionImpl.java
2025-05-12 19:33:25,273 - alive ./defects4j_fixed/Math/Math_53_fixed/src/main/java/org/apache/commons/math/complex/Complex.java
2025-05-12 19:33:31,791 - alive ./defects4j_fixed/Math/Math_54_fixed/src/main/java/org/apache/commons/math/dfp/Dfp.java
2025-05-12 19:33:49,782 - alive ./defects4j_fixed/Math/Math_60_fixed/src/main/java/org/apache/commons/math/distribution/NormalDistributionImpl.java
2025-05-12 19:34:00,803 - alive ./defects4j_fixed/Math/Math_52_fixed/src/main/java/org/apache/commons/math/geometry/euclidean/threed/Rotation.java
2025-05-12 19:34:03,390 - alive ./defects4j_fixed/Math/Math_59_fixed/src/main/java/org/apache/commons/math/util/FastMath.java
2025-05-12 19:34:22,413 - alive ./defects4j_fixed/Math/Math_51_fixed/src/main/java/org/apache/commons/math/analysis/solvers/BaseSecantSolver.java
2025-05-12 19:34:24,927 - alive ./defects4j_fixed/Math/Math_55_fixed/src/main/java/org/apache/commons/math/geometry/Vector3D.java
2025-05-12 19:35:25,816 - alive ./defects4j_fixed/Math/Math_1_fixed/src/main/java/org/apache/commons/math3/fraction/BigFraction.java
2025-05-12 19:40:43,758 - alive ./defects4j_fixed/JxPath/JxPath_14_fixed/src/java/org/apache/commons/jxpath/ri/compiler/CoreFunction.java
2025-05-12 19:48:06,954 - alive ./defects4j_fixed/Math/Math_62_fixed/src/main/java/org/apache/commons/math/optimization/univariate/MultiStartUnivariateRealOptimizer.java
2025-05-12 19:50:34,362 - alive ./defects4j_fixed/Math/Math_63_fixed/src/main/java/org/apache/commons/math/util/MathUtils.java
2025-05-12 19:51:30,849 - alive ./defects4j_fixed/Math/Math_64_fixed/src/main/java/org/apache/commons/math/optimization/general/LevenbergMarquardtOptimizer.java
2025-05-12 19:56:48,740 - alive ./defects4j_fixed/Math/Math_65_fixed/src/main/java/org/apache/commons/math/optimization/general/AbstractLeastSquaresOptimizer.java
2025-05-12 20:00:19,775 - alive ./defects4j_fixed/Math/Math_66_fixed/src/main/java/org/apache/commons/math/optimization/univariate/BrentOptimizer.java
2025-05-12 20:08:05,957 - alive ./defects4j_fixed/Math/Math_67_fixed/src/main/java/org/apache/commons/math/optimization/MultiStartUnivariateRealOptimizer.java
2025-05-12 20:12:29,990 - alive ./defects4j_fixed/Math/Math_62_fixed/src/main/java/org/apache/commons/math/optimization/univariate/MultiStartUnivariateRealOptimizer.java
2025-05-12 20:21:54,346 - alive ./defects4j_fixed/JxPath/JxPath_14_fixed/src/java/org/apache/commons/jxpath/ri/compiler/CoreFunction.java
2025-05-12 20:26:06,541 - alive ./defects4j_fixed/Math/Math_66_fixed/src/main/java/org/apache/commons/math/optimization/univariate/BrentOptimizer.java
2025-05-12 20:27:15,893 - 执行测试超时，尝试删除最后一个测试方法后重试..., ./defects4j_fixed/Math/Math_57_fixed
2025-05-12 20:27:16,011 - 由于超时，已删除测试方法: testChooseInitialCenters_ValidInput
2025-05-12 20:29:21,481 - alive ./defects4j_fixed/Math/Math_68_fixed/src/main/java/org/apache/commons/math/optimization/general/LevenbergMarquardtOptimizer.java
2025-05-12 20:38:23,478 - alive ./defects4j_fixed/Math/Math_58_fixed/src/main/java/org/apache/commons/math/optimization/fitting/GaussianFitter.java
2025-05-12 20:56:21,834 - alive ./defects4j_fixed/Math/Math_51_fixed/src/main/java/org/apache/commons/math/analysis/solvers/BaseSecantSolver.java
2025-05-12 20:56:55,021 - alive ./defects4j_fixed/Math/Math_69_fixed/src/main/java/org/apache/commons/math/stat/correlation/PearsonsCorrelation.java
2025-05-12 21:03:33,003 - alive ./defects4j_fixed/Math/Math_70_fixed/src/main/java/org/apache/commons/math/analysis/solvers/BisectionSolver.java
2025-05-12 21:09:35,279 - alive ./defects4j_fixed/Math/Math_71_fixed/src/main/java/org/apache/commons/math/ode/nonstiff/EmbeddedRungeKuttaIntegrator.java
2025-05-12 21:28:53,988 - alive ./defects4j_fixed/Math/Math_72_fixed/src/main/java/org/apache/commons/math/analysis/solvers/BrentSolver.java
2025-05-12 21:30:36,759 - alive ./defects4j_fixed/Math/Math_73_fixed/src/main/java/org/apache/commons/math/analysis/solvers/BrentSolver.java
2025-05-12 21:31:23,573 - alive ./defects4j_fixed/Math/Math_74_fixed/src/main/java/org/apache/commons/math/ode/nonstiff/EmbeddedRungeKuttaIntegrator.java
2025-05-12 21:42:02,529 - alive ./defects4j_fixed/Math/Math_75_fixed/src/main/java/org/apache/commons/math/stat/Frequency.java
2025-05-12 22:02:09,744 - alive ./defects4j_fixed/Math/Math_76_fixed/src/main/java/org/apache/commons/math/linear/SingularValueDecompositionImpl.java
2025-05-12 22:05:31,586 - alive ./defects4j_fixed/Math/Math_73_fixed/src/main/java/org/apache/commons/math/analysis/solvers/BrentSolver.java
2025-05-12 22:37:10,866 - alive ./defects4j_fixed/Math/Math_77_fixed/src/main/java/org/apache/commons/math/linear/ArrayRealVector.java
2025-05-12 22:49:12,003 - alive ./defects4j_fixed/Math/Math_78_fixed/src/main/java/org/apache/commons/math/ode/events/EventState.java
2025-05-12 23:22:58,636 - alive ./defects4j_fixed/Math/Math_79_fixed/src/main/java/org/apache/commons/math/util/MathUtils.java
2025-05-12 23:24:52,956 - alive ./defects4j_fixed/Math/Math_80_fixed/src/main/java/org/apache/commons/math/linear/EigenDecompositionImpl.java
2025-05-12 23:35:31,349 - alive ./defects4j_fixed/Math/Math_81_fixed/src/main/java/org/apache/commons/math/linear/EigenDecompositionImpl.java
2025-05-12 23:47:19,385 - alive ./defects4j_fixed/Math/Math_82_fixed/src/main/java/org/apache/commons/math/optimization/linear/SimplexSolver.java
2025-05-13 00:02:50,574 - alive ./defects4j_fixed/Math/Math_83_fixed/src/main/java/org/apache/commons/math/optimization/linear/SimplexTableau.java
2025-05-13 00:26:58,735 - alive ./defects4j_fixed/Math/Math_84_fixed/src/main/java/org/apache/commons/math/optimization/direct/MultiDirectional.java
2025-05-13 00:30:20,033 - 执行测试超时，尝试删除最后一个测试方法后重试..., ./defects4j_fixed/Math/Math_71_fixed
2025-05-13 00:30:20,187 - 由于超时，已删除测试方法: testStepRejectionBehavior
2025-05-13 00:31:01,871 - alive ./defects4j_fixed/Math/Math_85_fixed/src/java/org/apache/commons/math/analysis/solvers/UnivariateRealSolverUtils.java
2025-05-13 00:55:53,742 - alive ./defects4j_fixed/Math/Math_86_fixed/src/java/org/apache/commons/math/linear/CholeskyDecompositionImpl.java
2025-05-13 01:07:22,733 - alive ./defects4j_fixed/Math/Math_1_fixed/src/main/java/org/apache/commons/math3/fraction/BigFraction.java
2025-05-13 01:08:02,862 - alive ./defects4j_fixed/Math/Math_39_fixed/src/main/java/org/apache/commons/math/ode/nonstiff/EmbeddedRungeKuttaIntegrator.java
2025-05-13 01:13:20,899 - alive ./defects4j_fixed/Math/Math_82_fixed/src/main/java/org/apache/commons/math/optimization/linear/SimplexSolver.java
2025-05-13 01:13:21,290 - alive ./defects4j_fixed/Math/Math_85_fixed/src/java/org/apache/commons/math/analysis/solvers/UnivariateRealSolverUtils.java
2025-05-13 01:13:31,929 - alive ./defects4j_fixed/Math/Math_81_fixed/src/main/java/org/apache/commons/math/linear/EigenDecompositionImpl.java
2025-05-13 01:13:40,463 - alive ./defects4j_fixed/Math/Math_86_fixed/src/java/org/apache/commons/math/linear/CholeskyDecompositionImpl.java
2025-05-13 01:13:53,001 - alive ./defects4j_fixed/Math/Math_83_fixed/src/main/java/org/apache/commons/math/optimization/linear/SimplexTableau.java
2025-05-13 01:14:07,744 - alive ./defects4j_fixed/Math/Math_84_fixed/src/main/java/org/apache/commons/math/optimization/direct/MultiDirectional.java
2025-05-13 01:53:00,264 - alive ./defects4j_fixed/Math/Math_86_fixed/src/java/org/apache/commons/math/linear/CholeskyDecompositionImpl.java
2025-05-13 02:32:58,981 - alive ./defects4j_fixed/Math/Math_87_fixed/src/java/org/apache/commons/math/optimization/linear/SimplexTableau.java
2025-05-13 02:40:45,161 - alive ./defects4j_fixed/Math/Math_88_fixed/src/java/org/apache/commons/math/optimization/linear/SimplexTableau.java
2025-05-13 03:15:06,692 - alive ./defects4j_fixed/Math/Math_89_fixed/src/java/org/apache/commons/math/stat/Frequency.java
2025-05-13 03:48:43,280 - alive ./defects4j_fixed/Math/Math_90_fixed/src/java/org/apache/commons/math/stat/Frequency.java
2025-05-13 03:59:37,288 - alive ./defects4j_fixed/Math/Math_91_fixed/src/java/org/apache/commons/math/fraction/Fraction.java
2025-05-13 04:10:23,013 - alive ./defects4j_fixed/Math/Math_92_fixed/src/java/org/apache/commons/math/util/MathUtils.java
2025-05-13 04:29:48,272 - alive ./defects4j_fixed/Math/Math_93_fixed/src/java/org/apache/commons/math/util/MathUtils.java
2025-05-13 04:36:01,508 - alive ./defects4j_fixed/Math/Math_94_fixed/src/java/org/apache/commons/math/util/MathUtils.java
2025-05-13 04:42:52,711 - alive ./defects4j_fixed/Math/Math_95_fixed/src/java/org/apache/commons/math/distribution/FDistributionImpl.java
2025-05-13 04:59:28,160 - alive ./defects4j_fixed/Math/Math_96_fixed/src/java/org/apache/commons/math/complex/Complex.java
2025-05-13 05:04:37,730 - alive ./defects4j_fixed/Math/Math_97_fixed/src/java/org/apache/commons/math/analysis/BrentSolver.java
2025-05-13 05:06:05,572 - alive ./defects4j_fixed/Math/Math_98_fixed/src/java/org/apache/commons/math/linear/BigMatrixImpl.java
2025-05-13 06:22:17,976 - alive ./defects4j_fixed/Math/Math_99_fixed/src/java/org/apache/commons/math/util/MathUtils.java
2025-05-13 06:23:36,026 - alive ./defects4j_fixed/Math/Math_100_fixed/src/java/org/apache/commons/math/estimation/AbstractEstimator.java
2025-05-13 06:35:04,119 - alive ./defects4j_fixed/Math/Math_101_fixed/src/java/org/apache/commons/math/complex/ComplexFormat.java
2025-05-13 06:37:24,273 - alive ./defects4j_fixed/Math/Math_102_fixed/src/java/org/apache/commons/math/stat/inference/ChiSquareTestImpl.java
2025-05-13 06:41:36,607 - alive ./defects4j_fixed/Math/Math_103_fixed/src/java/org/apache/commons/math/distribution/NormalDistributionImpl.java
2025-05-13 06:53:25,651 - alive ./defects4j_fixed/Math/Math_105_fixed/src/java/org/apache/commons/math/stat/regression/SimpleRegression.java
2025-05-13 07:10:45,596 - alive ./defects4j_fixed/Math/Math_106_fixed/src/java/org/apache/commons/math/fraction/ProperFractionFormat.java
2025-05-13 08:10:00,796 - alive ./defects4j_fixed/Math/Math_42_fixed/src/main/java/org/apache/commons/math/optimization/linear/SimplexTableau.java
2025-05-13 11:53:22,140 - alive ./defects4j_fixed/Math/Math_44_fixed/src/main/java/org/apache/commons/math/ode/AbstractIntegrator.java
2025-05-13 12:15:04,179 - 执行测试超时，尝试删除最后一个测试方法后重试..., ./defects4j_fixed/Math/Math_44_fixed
2025-05-13 12:15:04,190 - terminating..., ./defects4j_fixed/Math/Math_44_fixed
2025-05-13 12:15:04,200 - terminating..., ./defects4j_fixed/Math/Math_44_fixed
2025-05-13 12:15:04,206 - Math_44_fixed
2025-05-13 12:15:04,284 - Killing PID=3780837 → changpy  3780837  0.0  0.0  12864  3556 pts/48   S+   12:06   0:00 sh -c cd /data3/cpy/MutAGENTest/src/defects4j_fixed/Math/Math_44_fixed && ant -f /data3/cpy/MutAGENTest/mutantsgen/Wukong/defects4j/framework/projects/defects4j.build.xml -Dd4j.home=/data3/cpy/MutAGENTest/mutantsgen/Wukong/defects4j -Dd4j.dir.projects=/data3/cpy/MutAGENTest/mutantsgen/Wukong/defects4j/framework/projects -Dbasedir=/data3/cpy/MutAGENTest/src/defects4j_fixed/Math/Math_44_fixed -DOUTFILE=/data3/cpy/MutAGENTest/src/defects4j_fixed/Math/Math_44_fixed/failing_tests -Dd4j.test.dir=/data3/cpy/MutAGENTest/src/defects4j_fixed/Math/Math_44_fixed/.test_suite -Dd4j.test.include=*.java  run.gen.tests 2>&1
2025-05-13 12:15:04,289 - Killing PID=3780838 → changpy  3780838  673 15.1 37737004 29953572 pts/48 Sl+ 12:06  55:58 /usr/lib/jvm/java-8-openjdk-amd64/jre/bin/java -classpath /usr/share/ant/lib/ant-launcher.jar -Dant.home=/usr/share/ant -Dant.library.dir=/usr/share/ant/lib org.apache.tools.ant.launch.Launcher -cp  -f /data3/cpy/MutAGENTest/mutantsgen/Wukong/defects4j/framework/projects/defects4j.build.xml -Dd4j.home=/data3/cpy/MutAGENTest/mutantsgen/Wukong/defects4j -Dd4j.dir.projects=/data3/cpy/MutAGENTest/mutantsgen/Wukong/defects4j/framework/projects -Dbasedir=/data3/cpy/MutAGENTest/src/defects4j_fixed/Math/Math_44_fixed -DOUTFILE=/data3/cpy/MutAGENTest/src/defects4j_fixed/Math/Math_44_fixed/failing_tests -Dd4j.test.dir=/data3/cpy/MutAGENTest/src/defects4j_fixed/Math/Math_44_fixed/.test_suite -Dd4j.test.include=*.java run.gen.tests
2025-05-13 12:15:04,551 - 由于超时，已删除测试方法: testAcceptStep_ReoccurringEvent
2025-05-13 12:16:00,198 - alive ./defects4j_fixed/Math/Math_48_fixed/src/main/java/org/apache/commons/math/analysis/solvers/BaseSecantSolver.java
2025-05-13 14:02:14,372 - 执行测试超时，尝试删除最后一个测试方法后重试..., ./defects4j_fixed/Math/Math_48_fixed
2025-05-13 14:02:14,381 - terminating..., ./defects4j_fixed/Math/Math_48_fixed
2025-05-13 14:02:14,383 - terminating..., ./defects4j_fixed/Math/Math_48_fixed
2025-05-13 14:02:14,383 - Math_48_fixed
2025-05-13 14:02:14,418 - Killing PID=3868387 → changpy  3868387  0.0  0.0  12864  3280 pts/48   S+   13:53   0:00 sh -c cd /data3/cpy/MutAGENTest/src/defects4j_fixed/Math/Math_48_fixed && ant -f /data3/cpy/MutAGENTest/mutantsgen/Wukong/defects4j/framework/projects/defects4j.build.xml -Dd4j.home=/data3/cpy/MutAGENTest/mutantsgen/Wukong/defects4j -Dd4j.dir.projects=/data3/cpy/MutAGENTest/mutantsgen/Wukong/defects4j/framework/projects -Dbasedir=/data3/cpy/MutAGENTest/src/defects4j_fixed/Math/Math_48_fixed -DOUTFILE=/data3/cpy/MutAGENTest/src/defects4j_fixed/Math/Math_48_fixed/failing_tests -Dd4j.test.dir=/data3/cpy/MutAGENTest/src/defects4j_fixed/Math/Math_48_fixed/.test_suite -Dd4j.test.include=*.java  run.gen.tests 2>&1
2025-05-13 14:02:14,418 - Killing PID=3868388 → changpy  3868388  101  0.1 37737004 338572 pts/48 Sl+ 13:53   8:26 /usr/lib/jvm/java-8-openjdk-amd64/jre/bin/java -classpath /usr/share/ant/lib/ant-launcher.jar -Dant.home=/usr/share/ant -Dant.library.dir=/usr/share/ant/lib org.apache.tools.ant.launch.Launcher -cp  -f /data3/cpy/MutAGENTest/mutantsgen/Wukong/defects4j/framework/projects/defects4j.build.xml -Dd4j.home=/data3/cpy/MutAGENTest/mutantsgen/Wukong/defects4j -Dd4j.dir.projects=/data3/cpy/MutAGENTest/mutantsgen/Wukong/defects4j/framework/projects -Dbasedir=/data3/cpy/MutAGENTest/src/defects4j_fixed/Math/Math_48_fixed -DOUTFILE=/data3/cpy/MutAGENTest/src/defects4j_fixed/Math/Math_48_fixed/failing_tests -Dd4j.test.dir=/data3/cpy/MutAGENTest/src/defects4j_fixed/Math/Math_48_fixed/.test_suite -Dd4j.test.include=*.java run.gen.tests
2025-05-13 14:02:14,856 - 由于超时，已删除测试方法: testRightSideSolutionWithInvertedInterval
2025-05-13 14:04:08,847 - alive ./defects4j_fixed/Math/Math_51_fixed/src/main/java/org/apache/commons/math/analysis/solvers/BaseSecantSolver.java
2025-05-13 14:30:08,854 - alive ./defects4j_fixed/Math/Math_51_fixed/src/main/java/org/apache/commons/math/analysis/solvers/BaseSecantSolver.java
2025-05-13 16:30:45,876 - alive ./defects4j_fixed/Math/Math_68_fixed/src/main/java/org/apache/commons/math/optimization/general/LevenbergMarquardtOptimizer.java
2025-05-13 17:43:18,924 - alive ./defects4j_fixed/Math/Math_71_fixed/src/main/java/org/apache/commons/math/ode/nonstiff/EmbeddedRungeKuttaIntegrator.java
2025-05-13 17:46:13,025 - alive ./defects4j_fixed/Math/Math_68_fixed/src/main/java/org/apache/commons/math/optimization/general/LevenbergMarquardtOptimizer.java
2025-05-13 21:08:13,101 - alive ./defects4j_fixed/Math/Math_74_fixed/src/main/java/org/apache/commons/math/ode/nonstiff/EmbeddedRungeKuttaIntegrator.java
2025-05-13 23:56:23,474 - alive ./defects4j_fixed/Math/Math_44_fixed/src/main/java/org/apache/commons/math/ode/AbstractIntegrator.java
2025-05-13 23:56:26,205 - alive ./defects4j_fixed/Math/Math_48_fixed/src/main/java/org/apache/commons/math/analysis/solvers/BaseSecantSolver.java
2025-05-14 00:45:01,264 - 执行测试超时，尝试删除最后一个测试方法后重试..., ./defects4j_fixed/Math/Math_44_fixed
2025-05-14 00:45:01,333 - terminating..., ./defects4j_fixed/Math/Math_44_fixed
2025-05-14 00:45:01,335 - terminating..., ./defects4j_fixed/Math/Math_44_fixed
2025-05-14 00:45:01,335 - Math_44_fixed
2025-05-14 00:45:01,380 - Killing PID=2625509 → changpy  2625509  0.0  0.0  12864  3552 pts/15   S+   00:36   0:00 sh -c cd /data3/cpy/MutAGENTest/src/defects4j_fixed/Math/Math_44_fixed && ant -f /data3/cpy/MutAGENTest/mutantsgen/Wukong/defects4j/framework/projects/defects4j.build.xml -Dd4j.home=/data3/cpy/MutAGENTest/mutantsgen/Wukong/defects4j -Dd4j.dir.projects=/data3/cpy/MutAGENTest/mutantsgen/Wukong/defects4j/framework/projects -Dbasedir=/data3/cpy/MutAGENTest/src/defects4j_fixed/Math/Math_44_fixed -DOUTFILE=/data3/cpy/MutAGENTest/src/defects4j_fixed/Math/Math_44_fixed/failing_tests -Dd4j.test.dir=/data3/cpy/MutAGENTest/src/defects4j_fixed/Math/Math_44_fixed/.test_suite -Dd4j.test.include=*.java  run.gen.tests 2>&1
2025-05-14 00:45:01,380 - Killing PID=2625510 → changpy  2625510  692 14.7 37737004 29071176 pts/15 Sl+ 00:36  57:34 /usr/lib/jvm/java-8-openjdk-amd64/jre/bin/java -classpath /usr/share/ant/lib/ant-launcher.jar -Dant.home=/usr/share/ant -Dant.library.dir=/usr/share/ant/lib org.apache.tools.ant.launch.Launcher -cp  -f /data3/cpy/MutAGENTest/mutantsgen/Wukong/defects4j/framework/projects/defects4j.build.xml -Dd4j.home=/data3/cpy/MutAGENTest/mutantsgen/Wukong/defects4j -Dd4j.dir.projects=/data3/cpy/MutAGENTest/mutantsgen/Wukong/defects4j/framework/projects -Dbasedir=/data3/cpy/MutAGENTest/src/defects4j_fixed/Math/Math_44_fixed -DOUTFILE=/data3/cpy/MutAGENTest/src/defects4j_fixed/Math/Math_44_fixed/failing_tests -Dd4j.test.dir=/data3/cpy/MutAGENTest/src/defects4j_fixed/Math/Math_44_fixed/.test_suite -Dd4j.test.include=*.java run.gen.tests
2025-05-14 00:45:01,457 - 由于超时，已删除测试方法: testAcceptStep_WithMultipleEvents_ForwardIntegration
2025-05-14 02:43:16,090 - alive ./defects4j_fixed/Math/Math_76_fixed/src/main/java/org/apache/commons/math/linear/SingularValueDecompositionImpl.java
2025-05-14 03:34:33,335 - alive ./defects4j_fixed/Math/Math_78_fixed/src/main/java/org/apache/commons/math/ode/events/EventState.java
2025-05-14 07:51:28,949 - 执行测试超时，尝试删除最后一个测试方法后重试..., ./defects4j_fixed/Math/Math_48_fixed
2025-05-14 07:51:28,949 - terminating..., ./defects4j_fixed/Math/Math_48_fixed
2025-05-14 07:51:28,951 - terminating..., ./defects4j_fixed/Math/Math_48_fixed
2025-05-14 07:51:28,951 - Math_48_fixed
2025-05-14 07:51:28,986 - Killing PID=653765 → changpy   653765  0.0  0.0  12864  3500 pts/15   S+   07:43   0:00 sh -c cd /data3/cpy/MutAGENTest/src/defects4j_fixed/Math/Math_48_fixed && ant -f /data3/cpy/MutAGENTest/mutantsgen/Wukong/defects4j/framework/projects/defects4j.build.xml -Dd4j.home=/data3/cpy/MutAGENTest/mutantsgen/Wukong/defects4j -Dd4j.dir.projects=/data3/cpy/MutAGENTest/mutantsgen/Wukong/defects4j/framework/projects -Dbasedir=/data3/cpy/MutAGENTest/src/defects4j_fixed/Math/Math_48_fixed -DOUTFILE=/data3/cpy/MutAGENTest/src/defects4j_fixed/Math/Math_48_fixed/failing_tests -Dd4j.test.dir=/data3/cpy/MutAGENTest/src/defects4j_fixed/Math/Math_48_fixed/.test_suite -Dd4j.test.include=*.java  run.gen.tests 2>&1
2025-05-14 07:51:28,986 - Killing PID=653766 → changpy   653766  101  0.1 37737004 369156 pts/15 Sl+ 07:43   8:27 /usr/lib/jvm/java-8-openjdk-amd64/jre/bin/java -classpath /usr/share/ant/lib/ant-launcher.jar -Dant.home=/usr/share/ant -Dant.library.dir=/usr/share/ant/lib org.apache.tools.ant.launch.Launcher -cp  -f /data3/cpy/MutAGENTest/mutantsgen/Wukong/defects4j/framework/projects/defects4j.build.xml -Dd4j.home=/data3/cpy/MutAGENTest/mutantsgen/Wukong/defects4j -Dd4j.dir.projects=/data3/cpy/MutAGENTest/mutantsgen/Wukong/defects4j/framework/projects -Dbasedir=/data3/cpy/MutAGENTest/src/defects4j_fixed/Math/Math_48_fixed -DOUTFILE=/data3/cpy/MutAGENTest/src/defects4j_fixed/Math/Math_48_fixed/failing_tests -Dd4j.test.dir=/data3/cpy/MutAGENTest/src/defects4j_fixed/Math/Math_48_fixed/.test_suite -Dd4j.test.include=*.java run.gen.tests
2025-05-14 07:51:29,502 - 由于超时，已删除测试方法: testIntervalConvergenceExactlyAtTolerance
2025-05-14 14:02:09,976 - alive ./defects4j_fixed/Math/Math_48_fixed/src/main/java/org/apache/commons/math/analysis/solvers/BaseSecantSolver.java
2025-05-14 14:02:10,973 - alive ./defects4j_fixed/Math/Math_44_fixed/src/main/java/org/apache/commons/math/ode/AbstractIntegrator.java
2025-05-14 14:36:26,042 - 执行测试超时，尝试删除最后一个测试方法后重试..., ./defects4j_fixed/Math/Math_44_fixed
2025-05-14 14:36:26,043 - terminating..., ./defects4j_fixed/Math/Math_44_fixed
2025-05-14 14:36:26,045 - terminating..., ./defects4j_fixed/Math/Math_44_fixed
2025-05-14 14:36:26,045 - Math_44_fixed
2025-05-14 14:36:26,084 - Killing PID=841546 → changpy   841546  0.0  0.0  12864  3460 pts/15   S+   14:28   0:00 sh -c cd /data3/cpy/MutAGENTest/src/defects4j_fixed/Math/Math_44_fixed && ant -f /data3/cpy/MutAGENTest/mutantsgen/Wukong/defects4j/framework/projects/defects4j.build.xml -Dd4j.home=/data3/cpy/MutAGENTest/mutantsgen/Wukong/defects4j -Dd4j.dir.projects=/data3/cpy/MutAGENTest/mutantsgen/Wukong/defects4j/framework/projects -Dbasedir=/data3/cpy/MutAGENTest/src/defects4j_fixed/Math/Math_44_fixed -DOUTFILE=/data3/cpy/MutAGENTest/src/defects4j_fixed/Math/Math_44_fixed/failing_tests -Dd4j.test.dir=/data3/cpy/MutAGENTest/src/defects4j_fixed/Math/Math_44_fixed/.test_suite -Dd4j.test.include=*.java  run.gen.tests 2>&1
2025-05-14 14:36:26,084 - Killing PID=841547 → changpy   841547  692 14.9 37737004 29583496 pts/15 Sl+ 14:28  57:26 /usr/lib/jvm/java-8-openjdk-amd64/jre/bin/java -classpath /usr/share/ant/lib/ant-launcher.jar -Dant.home=/usr/share/ant -Dant.library.dir=/usr/share/ant/lib org.apache.tools.ant.launch.Launcher -cp  -f /data3/cpy/MutAGENTest/mutantsgen/Wukong/defects4j/framework/projects/defects4j.build.xml -Dd4j.home=/data3/cpy/MutAGENTest/mutantsgen/Wukong/defects4j -Dd4j.dir.projects=/data3/cpy/MutAGENTest/mutantsgen/Wukong/defects4j/framework/projects -Dbasedir=/data3/cpy/MutAGENTest/src/defects4j_fixed/Math/Math_44_fixed -DOUTFILE=/data3/cpy/MutAGENTest/src/defects4j_fixed/Math/Math_44_fixed/failing_tests -Dd4j.test.dir=/data3/cpy/MutAGENTest/src/defects4j_fixed/Math/Math_44_fixed/.test_suite -Dd4j.test.include=*.java run.gen.tests
2025-05-14 14:36:26,175 - 由于超时，已删除测试方法: testAcceptStep_WithSingleEvent
2025-05-14 14:48:54,861 - 执行测试超时，尝试删除最后一个测试方法后重试..., ./defects4j_fixed/Math/Math_44_fixed
2025-05-14 14:48:54,862 - terminating..., ./defects4j_fixed/Math/Math_44_fixed
2025-05-14 14:48:54,864 - terminating..., ./defects4j_fixed/Math/Math_44_fixed
2025-05-14 14:48:54,864 - Math_44_fixed
2025-05-14 14:48:54,900 - Killing PID=861864 → changpy   861864  0.0  0.0  12864  3340 pts/15   S+   14:40   0:00 sh -c cd /data3/cpy/MutAGENTest/src/defects4j_fixed/Math/Math_44_fixed && ant -f /data3/cpy/MutAGENTest/mutantsgen/Wukong/defects4j/framework/projects/defects4j.build.xml -Dd4j.home=/data3/cpy/MutAGENTest/mutantsgen/Wukong/defects4j -Dd4j.dir.projects=/data3/cpy/MutAGENTest/mutantsgen/Wukong/defects4j/framework/projects -Dbasedir=/data3/cpy/MutAGENTest/src/defects4j_fixed/Math/Math_44_fixed -DOUTFILE=/data3/cpy/MutAGENTest/src/defects4j_fixed/Math/Math_44_fixed/failing_tests -Dd4j.test.dir=/data3/cpy/MutAGENTest/src/defects4j_fixed/Math/Math_44_fixed/.test_suite -Dd4j.test.include=*.java  run.gen.tests 2>&1
2025-05-14 14:48:54,901 - Killing PID=861865 → changpy   861865  653 14.6 37737004 28841228 pts/15 Sl+ 14:40  54:15 /usr/lib/jvm/java-8-openjdk-amd64/jre/bin/java -classpath /usr/share/ant/lib/ant-launcher.jar -Dant.home=/usr/share/ant -Dant.library.dir=/usr/share/ant/lib org.apache.tools.ant.launch.Launcher -cp  -f /data3/cpy/MutAGENTest/mutantsgen/Wukong/defects4j/framework/projects/defects4j.build.xml -Dd4j.home=/data3/cpy/MutAGENTest/mutantsgen/Wukong/defects4j -Dd4j.dir.projects=/data3/cpy/MutAGENTest/mutantsgen/Wukong/defects4j/framework/projects -Dbasedir=/data3/cpy/MutAGENTest/src/defects4j_fixed/Math/Math_44_fixed -DOUTFILE=/data3/cpy/MutAGENTest/src/defects4j_fixed/Math/Math_44_fixed/failing_tests -Dd4j.test.dir=/data3/cpy/MutAGENTest/src/defects4j_fixed/Math/Math_44_fixed/.test_suite -Dd4j.test.include=*.java run.gen.tests
2025-05-14 14:48:54,986 - 由于超时，已删除测试方法: testAcceptStep_EventRequestsStop
2025-05-14 14:58:13,883 - 执行测试超时，尝试删除最后一个测试方法后重试..., ./defects4j_fixed/Math/Math_44_fixed
2025-05-14 14:58:13,883 - terminating..., ./defects4j_fixed/Math/Math_44_fixed
2025-05-14 14:58:13,885 - terminating..., ./defects4j_fixed/Math/Math_44_fixed
2025-05-14 14:58:13,885 - Math_44_fixed
2025-05-14 14:58:13,921 - Killing PID=868625 → changpy   868625  0.0  0.0  12864  3412 pts/15   S+   14:49   0:00 sh -c cd /data3/cpy/MutAGENTest/src/defects4j_fixed/Math/Math_44_fixed && ant -f /data3/cpy/MutAGENTest/mutantsgen/Wukong/defects4j/framework/projects/defects4j.build.xml -Dd4j.home=/data3/cpy/MutAGENTest/mutantsgen/Wukong/defects4j -Dd4j.dir.projects=/data3/cpy/MutAGENTest/mutantsgen/Wukong/defects4j/framework/projects -Dbasedir=/data3/cpy/MutAGENTest/src/defects4j_fixed/Math/Math_44_fixed -DOUTFILE=/data3/cpy/MutAGENTest/src/defects4j_fixed/Math/Math_44_fixed/failing_tests -Dd4j.test.dir=/data3/cpy/MutAGENTest/src/defects4j_fixed/Math/Math_44_fixed/.test_suite -Dd4j.test.include=*.java  run.gen.tests 2>&1
2025-05-14 14:58:13,921 - Killing PID=868626 → changpy   868626  657 14.5 37737004 28774908 pts/15 Sl+ 14:49  54:34 /usr/lib/jvm/java-8-openjdk-amd64/jre/bin/java -classpath /usr/share/ant/lib/ant-launcher.jar -Dant.home=/usr/share/ant -Dant.library.dir=/usr/share/ant/lib org.apache.tools.ant.launch.Launcher -cp  -f /data3/cpy/MutAGENTest/mutantsgen/Wukong/defects4j/framework/projects/defects4j.build.xml -Dd4j.home=/data3/cpy/MutAGENTest/mutantsgen/Wukong/defects4j -Dd4j.dir.projects=/data3/cpy/MutAGENTest/mutantsgen/Wukong/defects4j/framework/projects -Dbasedir=/data3/cpy/MutAGENTest/src/defects4j_fixed/Math/Math_44_fixed -DOUTFILE=/data3/cpy/MutAGENTest/src/defects4j_fixed/Math/Math_44_fixed/failing_tests -Dd4j.test.dir=/data3/cpy/MutAGENTest/src/defects4j_fixed/Math/Math_44_fixed/.test_suite -Dd4j.test.include=*.java run.gen.tests
2025-05-14 14:58:14,199 - 由于超时，已删除测试方法: testAcceptStep_MultipleEventsInOrder
2025-05-14 15:42:45,792 - 执行测试超时，尝试删除最后一个测试方法后重试..., ./defects4j_fixed/Math/Math_44_fixed
2025-05-14 15:42:45,792 - terminating..., ./defects4j_fixed/Math/Math_44_fixed
2025-05-14 15:42:45,794 - terminating..., ./defects4j_fixed/Math/Math_44_fixed
2025-05-14 15:42:45,794 - Math_44_fixed
2025-05-14 15:42:45,840 - Killing PID=923655 → changpy   923655  0.0  0.0  12864  3476 pts/15   S+   15:34   0:00 sh -c cd /data3/cpy/MutAGENTest/src/defects4j_fixed/Math/Math_44_fixed && ant -f /data3/cpy/MutAGENTest/mutantsgen/Wukong/defects4j/framework/projects/defects4j.build.xml -Dd4j.home=/data3/cpy/MutAGENTest/mutantsgen/Wukong/defects4j -Dd4j.dir.projects=/data3/cpy/MutAGENTest/mutantsgen/Wukong/defects4j/framework/projects -Dbasedir=/data3/cpy/MutAGENTest/src/defects4j_fixed/Math/Math_44_fixed -DOUTFILE=/data3/cpy/MutAGENTest/src/defects4j_fixed/Math/Math_44_fixed/failing_tests -Dd4j.test.dir=/data3/cpy/MutAGENTest/src/defects4j_fixed/Math/Math_44_fixed/.test_suite -Dd4j.test.include=*.java  run.gen.tests 2>&1
2025-05-14 15:42:45,840 - Killing PID=923656 → changpy   923656  673 14.0 37737004 27818044 pts/15 Sl+ 15:34  55:56 /usr/lib/jvm/java-8-openjdk-amd64/jre/bin/java -classpath /usr/share/ant/lib/ant-launcher.jar -Dant.home=/usr/share/ant -Dant.library.dir=/usr/share/ant/lib org.apache.tools.ant.launch.Launcher -cp  -f /data3/cpy/MutAGENTest/mutantsgen/Wukong/defects4j/framework/projects/defects4j.build.xml -Dd4j.home=/data3/cpy/MutAGENTest/mutantsgen/Wukong/defects4j -Dd4j.dir.projects=/data3/cpy/MutAGENTest/mutantsgen/Wukong/defects4j/framework/projects -Dbasedir=/data3/cpy/MutAGENTest/src/defects4j_fixed/Math/Math_44_fixed -DOUTFILE=/data3/cpy/MutAGENTest/src/defects4j_fixed/Math/Math_44_fixed/failing_tests -Dd4j.test.dir=/data3/cpy/MutAGENTest/src/defects4j_fixed/Math/Math_44_fixed/.test_suite -Dd4j.test.include=*.java run.gen.tests
2025-05-14 15:42:45,912 - 由于超时，已删除测试方法: testAcceptStepDetectsEvents
2025-05-14 15:53:27,977 - 执行测试超时，尝试删除最后一个测试方法后重试..., ./defects4j_fixed/Math/Math_44_fixed
2025-05-14 15:53:27,978 - terminating..., ./defects4j_fixed/Math/Math_44_fixed
2025-05-14 15:53:27,980 - terminating..., ./defects4j_fixed/Math/Math_44_fixed
2025-05-14 15:53:27,980 - Math_44_fixed
2025-05-14 15:53:28,020 - Killing PID=939421 → changpy   939421  0.0  0.0  12864  3504 pts/15   S+   15:45   0:00 sh -c cd /data3/cpy/MutAGENTest/src/defects4j_fixed/Math/Math_44_fixed && ant -f /data3/cpy/MutAGENTest/mutantsgen/Wukong/defects4j/framework/projects/defects4j.build.xml -Dd4j.home=/data3/cpy/MutAGENTest/mutantsgen/Wukong/defects4j -Dd4j.dir.projects=/data3/cpy/MutAGENTest/mutantsgen/Wukong/defects4j/framework/projects -Dbasedir=/data3/cpy/MutAGENTest/src/defects4j_fixed/Math/Math_44_fixed -DOUTFILE=/data3/cpy/MutAGENTest/src/defects4j_fixed/Math/Math_44_fixed/failing_tests -Dd4j.test.dir=/data3/cpy/MutAGENTest/src/defects4j_fixed/Math/Math_44_fixed/.test_suite -Dd4j.test.include=*.java  run.gen.tests 2>&1
2025-05-14 15:53:28,020 - Killing PID=939422 → changpy   939422  687 14.4 37737004 28516364 pts/15 Sl+ 15:45  57:06 /usr/lib/jvm/java-8-openjdk-amd64/jre/bin/java -classpath /usr/share/ant/lib/ant-launcher.jar -Dant.home=/usr/share/ant -Dant.library.dir=/usr/share/ant/lib org.apache.tools.ant.launch.Launcher -cp  -f /data3/cpy/MutAGENTest/mutantsgen/Wukong/defects4j/framework/projects/defects4j.build.xml -Dd4j.home=/data3/cpy/MutAGENTest/mutantsgen/Wukong/defects4j -Dd4j.dir.projects=/data3/cpy/MutAGENTest/mutantsgen/Wukong/defects4j/framework/projects -Dbasedir=/data3/cpy/MutAGENTest/src/defects4j_fixed/Math/Math_44_fixed -DOUTFILE=/data3/cpy/MutAGENTest/src/defects4j_fixed/Math/Math_44_fixed/failing_tests -Dd4j.test.dir=/data3/cpy/MutAGENTest/src/defects4j_fixed/Math/Math_44_fixed/.test_suite -Dd4j.test.include=*.java run.gen.tests
2025-05-14 15:53:28,284 - 由于超时，已删除测试方法: testAcceptStepWithConcurrentEventModification
2025-05-14 16:02:38,145 - 执行测试超时，尝试删除最后一个测试方法后重试..., ./defects4j_fixed/Math/Math_44_fixed
2025-05-14 16:02:38,145 - terminating..., ./defects4j_fixed/Math/Math_44_fixed
2025-05-14 16:02:38,147 - terminating..., ./defects4j_fixed/Math/Math_44_fixed
2025-05-14 16:02:38,147 - Math_44_fixed
2025-05-14 16:02:38,186 - Killing PID=949256 → changpy   949256  0.0  0.0  12864  3556 pts/15   S+   15:54   0:00 sh -c cd /data3/cpy/MutAGENTest/src/defects4j_fixed/Math/Math_44_fixed && ant -f /data3/cpy/MutAGENTest/mutantsgen/Wukong/defects4j/framework/projects/defects4j.build.xml -Dd4j.home=/data3/cpy/MutAGENTest/mutantsgen/Wukong/defects4j -Dd4j.dir.projects=/data3/cpy/MutAGENTest/mutantsgen/Wukong/defects4j/framework/projects -Dbasedir=/data3/cpy/MutAGENTest/src/defects4j_fixed/Math/Math_44_fixed -DOUTFILE=/data3/cpy/MutAGENTest/src/defects4j_fixed/Math/Math_44_fixed/failing_tests -Dd4j.test.dir=/data3/cpy/MutAGENTest/src/defects4j_fixed/Math/Math_44_fixed/.test_suite -Dd4j.test.include=*.java  run.gen.tests 2>&1
2025-05-14 16:02:38,187 - Killing PID=949257 → changpy   949257  648 14.1 37737004 27854552 pts/15 Sl+ 15:54  53:55 /usr/lib/jvm/java-8-openjdk-amd64/jre/bin/java -classpath /usr/share/ant/lib/ant-launcher.jar -Dant.home=/usr/share/ant -Dant.library.dir=/usr/share/ant/lib org.apache.tools.ant.launch.Launcher -cp  -f /data3/cpy/MutAGENTest/mutantsgen/Wukong/defects4j/framework/projects/defects4j.build.xml -Dd4j.home=/data3/cpy/MutAGENTest/mutantsgen/Wukong/defects4j -Dd4j.dir.projects=/data3/cpy/MutAGENTest/mutantsgen/Wukong/defects4j/framework/projects -Dbasedir=/data3/cpy/MutAGENTest/src/defects4j_fixed/Math/Math_44_fixed -DOUTFILE=/data3/cpy/MutAGENTest/src/defects4j_fixed/Math/Math_44_fixed/failing_tests -Dd4j.test.dir=/data3/cpy/MutAGENTest/src/defects4j_fixed/Math/Math_44_fixed/.test_suite -Dd4j.test.include=*.java run.gen.tests
2025-05-14 16:02:38,253 - 由于超时，已删除测试方法: testAcceptStep_OnlyAddsEventsThatActuallyOccur
2025-05-14 16:08:24,851 - 执行测试超时，尝试删除最后一个测试方法后重试..., ./defects4j_fixed/Math/Math_48_fixed
2025-05-14 16:08:24,851 - terminating..., ./defects4j_fixed/Math/Math_48_fixed
2025-05-14 16:08:24,853 - terminating..., ./defects4j_fixed/Math/Math_48_fixed
2025-05-14 16:08:24,853 - Math_48_fixed
2025-05-14 16:08:24,891 - Killing PID=955736 → changpy   955736  0.0  0.0  12864  3492 pts/15   S+   16:00   0:00 sh -c cd /data3/cpy/MutAGENTest/src/defects4j_fixed/Math/Math_48_fixed && ant -f /data3/cpy/MutAGENTest/mutantsgen/Wukong/defects4j/framework/projects/defects4j.build.xml -Dd4j.home=/data3/cpy/MutAGENTest/mutantsgen/Wukong/defects4j -Dd4j.dir.projects=/data3/cpy/MutAGENTest/mutantsgen/Wukong/defects4j/framework/projects -Dbasedir=/data3/cpy/MutAGENTest/src/defects4j_fixed/Math/Math_48_fixed -DOUTFILE=/data3/cpy/MutAGENTest/src/defects4j_fixed/Math/Math_48_fixed/failing_tests -Dd4j.test.dir=/data3/cpy/MutAGENTest/src/defects4j_fixed/Math/Math_48_fixed/.test_suite -Dd4j.test.include=*.java  run.gen.tests 2>&1
2025-05-14 16:08:24,891 - Killing PID=955737 → changpy   955737  101  0.1 37737004 356136 pts/15 Sl+ 16:00   8:26 /usr/lib/jvm/java-8-openjdk-amd64/jre/bin/java -classpath /usr/share/ant/lib/ant-launcher.jar -Dant.home=/usr/share/ant -Dant.library.dir=/usr/share/ant/lib org.apache.tools.ant.launch.Launcher -cp  -f /data3/cpy/MutAGENTest/mutantsgen/Wukong/defects4j/framework/projects/defects4j.build.xml -Dd4j.home=/data3/cpy/MutAGENTest/mutantsgen/Wukong/defects4j -Dd4j.dir.projects=/data3/cpy/MutAGENTest/mutantsgen/Wukong/defects4j/framework/projects -Dbasedir=/data3/cpy/MutAGENTest/src/defects4j_fixed/Math/Math_48_fixed -DOUTFILE=/data3/cpy/MutAGENTest/src/defects4j_fixed/Math/Math_48_fixed/failing_tests -Dd4j.test.dir=/data3/cpy/MutAGENTest/src/defects4j_fixed/Math/Math_48_fixed/.test_suite -Dd4j.test.include=*.java run.gen.tests
2025-05-14 16:08:25,244 - 由于超时，已删除测试方法: testExactRootCheckDetectsMutant
2025-05-14 16:12:43,325 - 执行测试超时，尝试删除最后一个测试方法后重试..., ./defects4j_fixed/Math/Math_44_fixed
2025-05-14 16:12:43,326 - terminating..., ./defects4j_fixed/Math/Math_44_fixed
2025-05-14 16:12:43,328 - terminating..., ./defects4j_fixed/Math/Math_44_fixed
2025-05-14 16:12:43,328 - Math_44_fixed
2025-05-14 16:12:43,366 - Killing PID=961450 → changpy   961450  0.0  0.0  12864  3492 pts/15   S+   16:04   0:00 sh -c cd /data3/cpy/MutAGENTest/src/defects4j_fixed/Math/Math_44_fixed && ant -f /data3/cpy/MutAGENTest/mutantsgen/Wukong/defects4j/framework/projects/defects4j.build.xml -Dd4j.home=/data3/cpy/MutAGENTest/mutantsgen/Wukong/defects4j -Dd4j.dir.projects=/data3/cpy/MutAGENTest/mutantsgen/Wukong/defects4j/framework/projects -Dbasedir=/data3/cpy/MutAGENTest/src/defects4j_fixed/Math/Math_44_fixed -DOUTFILE=/data3/cpy/MutAGENTest/src/defects4j_fixed/Math/Math_44_fixed/failing_tests -Dd4j.test.dir=/data3/cpy/MutAGENTest/src/defects4j_fixed/Math/Math_44_fixed/.test_suite -Dd4j.test.include=*.java  run.gen.tests 2>&1
2025-05-14 16:12:43,366 - Killing PID=961451 → changpy   961451  717 14.0 37737004 27689932 pts/15 Sl+ 16:04  59:37 /usr/lib/jvm/java-8-openjdk-amd64/jre/bin/java -classpath /usr/share/ant/lib/ant-launcher.jar -Dant.home=/usr/share/ant -Dant.library.dir=/usr/share/ant/lib org.apache.tools.ant.launch.Launcher -cp  -f /data3/cpy/MutAGENTest/mutantsgen/Wukong/defects4j/framework/projects/defects4j.build.xml -Dd4j.home=/data3/cpy/MutAGENTest/mutantsgen/Wukong/defects4j -Dd4j.dir.projects=/data3/cpy/MutAGENTest/mutantsgen/Wukong/defects4j/framework/projects -Dbasedir=/data3/cpy/MutAGENTest/src/defects4j_fixed/Math/Math_44_fixed -DOUTFILE=/data3/cpy/MutAGENTest/src/defects4j_fixed/Math/Math_44_fixed/failing_tests -Dd4j.test.dir=/data3/cpy/MutAGENTest/src/defects4j_fixed/Math/Math_44_fixed/.test_suite -Dd4j.test.include=*.java run.gen.tests
2025-05-14 16:12:43,465 - 由于超时，已删除测试方法: testAcceptStep_ShouldContinueWhenEventDoesNotStop
2025-05-14 16:29:42,548 - 执行测试超时，尝试删除最后一个测试方法后重试..., ./defects4j_fixed/Math/Math_44_fixed
2025-05-14 16:29:42,548 - terminating..., ./defects4j_fixed/Math/Math_44_fixed
2025-05-14 16:29:42,550 - terminating..., ./defects4j_fixed/Math/Math_44_fixed
2025-05-14 16:29:42,551 - Math_44_fixed
2025-05-14 16:29:42,598 - Killing PID=990605 → changpy   990605  0.0  0.0  12864  3556 pts/15   S+   16:21   0:00 sh -c cd /data3/cpy/MutAGENTest/src/defects4j_fixed/Math/Math_44_fixed && ant -f /data3/cpy/MutAGENTest/mutantsgen/Wukong/defects4j/framework/projects/defects4j.build.xml -Dd4j.home=/data3/cpy/MutAGENTest/mutantsgen/Wukong/defects4j -Dd4j.dir.projects=/data3/cpy/MutAGENTest/mutantsgen/Wukong/defects4j/framework/projects -Dbasedir=/data3/cpy/MutAGENTest/src/defects4j_fixed/Math/Math_44_fixed -DOUTFILE=/data3/cpy/MutAGENTest/src/defects4j_fixed/Math/Math_44_fixed/failing_tests -Dd4j.test.dir=/data3/cpy/MutAGENTest/src/defects4j_fixed/Math/Math_44_fixed/.test_suite -Dd4j.test.include=*.java  run.gen.tests 2>&1
2025-05-14 16:29:42,598 - Killing PID=990606 → changpy   990606  671 14.4 37737004 28477908 pts/15 Sl+ 16:21  55:44 /usr/lib/jvm/java-8-openjdk-amd64/jre/bin/java -classpath /usr/share/ant/lib/ant-launcher.jar -Dant.home=/usr/share/ant -Dant.library.dir=/usr/share/ant/lib org.apache.tools.ant.launch.Launcher -cp  -f /data3/cpy/MutAGENTest/mutantsgen/Wukong/defects4j/framework/projects/defects4j.build.xml -Dd4j.home=/data3/cpy/MutAGENTest/mutantsgen/Wukong/defects4j -Dd4j.dir.projects=/data3/cpy/MutAGENTest/mutantsgen/Wukong/defects4j/framework/projects -Dbasedir=/data3/cpy/MutAGENTest/src/defects4j_fixed/Math/Math_44_fixed -DOUTFILE=/data3/cpy/MutAGENTest/src/defects4j_fixed/Math/Math_44_fixed/failing_tests -Dd4j.test.dir=/data3/cpy/MutAGENTest/src/defects4j_fixed/Math/Math_44_fixed/.test_suite -Dd4j.test.include=*.java run.gen.tests
2025-05-14 16:29:42,727 - 由于超时，已删除测试方法: testAcceptStep_EventResetBehavior
2025-05-14 16:47:29,148 - 执行测试超时，尝试删除最后一个测试方法后重试..., ./defects4j_fixed/Math/Math_44_fixed
2025-05-14 16:47:29,148 - terminating..., ./defects4j_fixed/Math/Math_44_fixed
2025-05-14 16:47:29,150 - terminating..., ./defects4j_fixed/Math/Math_44_fixed
2025-05-14 16:47:29,150 - Math_44_fixed
2025-05-14 16:47:29,190 - Killing PID=1007828 → changpy  1007828  0.0  0.0  12864  3516 pts/15   S+   16:39   0:00 sh -c cd /data3/cpy/MutAGENTest/src/defects4j_fixed/Math/Math_44_fixed && ant -f /data3/cpy/MutAGENTest/mutantsgen/Wukong/defects4j/framework/projects/defects4j.build.xml -Dd4j.home=/data3/cpy/MutAGENTest/mutantsgen/Wukong/defects4j -Dd4j.dir.projects=/data3/cpy/MutAGENTest/mutantsgen/Wukong/defects4j/framework/projects -Dbasedir=/data3/cpy/MutAGENTest/src/defects4j_fixed/Math/Math_44_fixed -DOUTFILE=/data3/cpy/MutAGENTest/src/defects4j_fixed/Math/Math_44_fixed/failing_tests -Dd4j.test.dir=/data3/cpy/MutAGENTest/src/defects4j_fixed/Math/Math_44_fixed/.test_suite -Dd4j.test.include=*.java  run.gen.tests 2>&1
2025-05-14 16:47:29,190 - Killing PID=1007829 → changpy  1007829  665 14.9 37737004 29487672 pts/15 Sl+ 16:39  55:19 /usr/lib/jvm/java-8-openjdk-amd64/jre/bin/java -classpath /usr/share/ant/lib/ant-launcher.jar -Dant.home=/usr/share/ant -Dant.library.dir=/usr/share/ant/lib org.apache.tools.ant.launch.Launcher -cp  -f /data3/cpy/MutAGENTest/mutantsgen/Wukong/defects4j/framework/projects/defects4j.build.xml -Dd4j.home=/data3/cpy/MutAGENTest/mutantsgen/Wukong/defects4j -Dd4j.dir.projects=/data3/cpy/MutAGENTest/mutantsgen/Wukong/defects4j/framework/projects -Dbasedir=/data3/cpy/MutAGENTest/src/defects4j_fixed/Math/Math_44_fixed -DOUTFILE=/data3/cpy/MutAGENTest/src/defects4j_fixed/Math/Math_44_fixed/failing_tests -Dd4j.test.dir=/data3/cpy/MutAGENTest/src/defects4j_fixed/Math/Math_44_fixed/.test_suite -Dd4j.test.include=*.java run.gen.tests
2025-05-14 16:47:29,300 - 由于超时，已删除测试方法: testAcceptStep_DetectsRecurringEvent
2025-05-14 18:01:18,168 - 执行测试超时，尝试删除最后一个测试方法后重试..., ./defects4j_fixed/Math/Math_44_fixed
2025-05-14 18:01:18,168 - terminating..., ./defects4j_fixed/Math/Math_44_fixed
2025-05-14 18:01:18,171 - terminating..., ./defects4j_fixed/Math/Math_44_fixed
2025-05-14 18:01:18,171 - Math_44_fixed
2025-05-14 18:01:18,207 - Killing PID=1126636 → changpy  1126636  0.0  0.0  12864  3520 pts/15   S+   17:52   0:00 sh -c cd /data3/cpy/MutAGENTest/src/defects4j_fixed/Math/Math_44_fixed && ant -f /data3/cpy/MutAGENTest/mutantsgen/Wukong/defects4j/framework/projects/defects4j.build.xml -Dd4j.home=/data3/cpy/MutAGENTest/mutantsgen/Wukong/defects4j -Dd4j.dir.projects=/data3/cpy/MutAGENTest/mutantsgen/Wukong/defects4j/framework/projects -Dbasedir=/data3/cpy/MutAGENTest/src/defects4j_fixed/Math/Math_44_fixed -DOUTFILE=/data3/cpy/MutAGENTest/src/defects4j_fixed/Math/Math_44_fixed/failing_tests -Dd4j.test.dir=/data3/cpy/MutAGENTest/src/defects4j_fixed/Math/Math_44_fixed/.test_suite -Dd4j.test.include=*.java  run.gen.tests 2>&1
2025-05-14 18:01:18,207 - Killing PID=1126637 → changpy  1126637  696 14.2 37737004 28227644 pts/15 Sl+ 17:52  57:53 /usr/lib/jvm/java-8-openjdk-amd64/jre/bin/java -classpath /usr/share/ant/lib/ant-launcher.jar -Dant.home=/usr/share/ant -Dant.library.dir=/usr/share/ant/lib org.apache.tools.ant.launch.Launcher -cp  -f /data3/cpy/MutAGENTest/mutantsgen/Wukong/defects4j/framework/projects/defects4j.build.xml -Dd4j.home=/data3/cpy/MutAGENTest/mutantsgen/Wukong/defects4j -Dd4j.dir.projects=/data3/cpy/MutAGENTest/mutantsgen/Wukong/defects4j/framework/projects -Dbasedir=/data3/cpy/MutAGENTest/src/defects4j_fixed/Math/Math_44_fixed -DOUTFILE=/data3/cpy/MutAGENTest/src/defects4j_fixed/Math/Math_44_fixed/failing_tests -Dd4j.test.dir=/data3/cpy/MutAGENTest/src/defects4j_fixed/Math/Math_44_fixed/.test_suite -Dd4j.test.include=*.java run.gen.tests
2025-05-14 18:01:18,599 - 由于超时，已删除测试方法: testAcceptStepWithCustomEventCollection
2025-05-14 18:16:42,421 - 执行测试超时，尝试删除最后一个测试方法后重试..., ./defects4j_fixed/Math/Math_44_fixed
2025-05-14 18:16:42,421 - terminating..., ./defects4j_fixed/Math/Math_44_fixed
2025-05-14 18:16:42,423 - terminating..., ./defects4j_fixed/Math/Math_44_fixed
2025-05-14 18:16:42,423 - Math_44_fixed
2025-05-14 18:16:42,459 - Killing PID=1149668 → changpy  1149668  0.0  0.0  12864  3560 pts/15   S+   18:08   0:00 sh -c cd /data3/cpy/MutAGENTest/src/defects4j_fixed/Math/Math_44_fixed && ant -f /data3/cpy/MutAGENTest/mutantsgen/Wukong/defects4j/framework/projects/defects4j.build.xml -Dd4j.home=/data3/cpy/MutAGENTest/mutantsgen/Wukong/defects4j -Dd4j.dir.projects=/data3/cpy/MutAGENTest/mutantsgen/Wukong/defects4j/framework/projects -Dbasedir=/data3/cpy/MutAGENTest/src/defects4j_fixed/Math/Math_44_fixed -DOUTFILE=/data3/cpy/MutAGENTest/src/defects4j_fixed/Math/Math_44_fixed/failing_tests -Dd4j.test.dir=/data3/cpy/MutAGENTest/src/defects4j_fixed/Math/Math_44_fixed/.test_suite -Dd4j.test.include=*.java  run.gen.tests 2>&1
2025-05-14 18:16:42,459 - Killing PID=1149669 → changpy  1149669  677 14.4 37737004 28463728 pts/15 Sl+ 18:08  56:22 /usr/lib/jvm/java-8-openjdk-amd64/jre/bin/java -classpath /usr/share/ant/lib/ant-launcher.jar -Dant.home=/usr/share/ant -Dant.library.dir=/usr/share/ant/lib org.apache.tools.ant.launch.Launcher -cp  -f /data3/cpy/MutAGENTest/mutantsgen/Wukong/defects4j/framework/projects/defects4j.build.xml -Dd4j.home=/data3/cpy/MutAGENTest/mutantsgen/Wukong/defects4j -Dd4j.dir.projects=/data3/cpy/MutAGENTest/mutantsgen/Wukong/defects4j/framework/projects -Dbasedir=/data3/cpy/MutAGENTest/src/defects4j_fixed/Math/Math_44_fixed -DOUTFILE=/data3/cpy/MutAGENTest/src/defects4j_fixed/Math/Math_44_fixed/failing_tests -Dd4j.test.dir=/data3/cpy/MutAGENTest/src/defects4j_fixed/Math/Math_44_fixed/.test_suite -Dd4j.test.include=*.java run.gen.tests
2025-05-14 18:16:42,635 - 由于超时，已删除测试方法: testAcceptStep_ShouldNotStopWhenEventDoesNotRequestStop
2025-05-14 18:31:37,700 - 执行测试超时，尝试删除最后一个测试方法后重试..., ./defects4j_fixed/Math/Math_44_fixed
2025-05-14 18:31:37,700 - terminating..., ./defects4j_fixed/Math/Math_44_fixed
2025-05-14 18:31:37,702 - terminating..., ./defects4j_fixed/Math/Math_44_fixed
2025-05-14 18:31:37,702 - Math_44_fixed
2025-05-14 18:31:37,741 - Killing PID=1188539 → changpy  1188539  0.0  0.0  12864  3420 pts/15   S+   18:23   0:00 sh -c cd /data3/cpy/MutAGENTest/src/defects4j_fixed/Math/Math_44_fixed && ant -f /data3/cpy/MutAGENTest/mutantsgen/Wukong/defects4j/framework/projects/defects4j.build.xml -Dd4j.home=/data3/cpy/MutAGENTest/mutantsgen/Wukong/defects4j -Dd4j.dir.projects=/data3/cpy/MutAGENTest/mutantsgen/Wukong/defects4j/framework/projects -Dbasedir=/data3/cpy/MutAGENTest/src/defects4j_fixed/Math/Math_44_fixed -DOUTFILE=/data3/cpy/MutAGENTest/src/defects4j_fixed/Math/Math_44_fixed/failing_tests -Dd4j.test.dir=/data3/cpy/MutAGENTest/src/defects4j_fixed/Math/Math_44_fixed/.test_suite -Dd4j.test.include=*.java  run.gen.tests 2>&1
2025-05-14 18:31:37,741 - Killing PID=1188540 → changpy  1188540  639 14.8 37737004 29328768 pts/15 Sl+ 18:23  53:05 /usr/lib/jvm/java-8-openjdk-amd64/jre/bin/java -classpath /usr/share/ant/lib/ant-launcher.jar -Dant.home=/usr/share/ant -Dant.library.dir=/usr/share/ant/lib org.apache.tools.ant.launch.Launcher -cp  -f /data3/cpy/MutAGENTest/mutantsgen/Wukong/defects4j/framework/projects/defects4j.build.xml -Dd4j.home=/data3/cpy/MutAGENTest/mutantsgen/Wukong/defects4j -Dd4j.dir.projects=/data3/cpy/MutAGENTest/mutantsgen/Wukong/defects4j/framework/projects -Dbasedir=/data3/cpy/MutAGENTest/src/defects4j_fixed/Math/Math_44_fixed -DOUTFILE=/data3/cpy/MutAGENTest/src/defects4j_fixed/Math/Math_44_fixed/failing_tests -Dd4j.test.dir=/data3/cpy/MutAGENTest/src/defects4j_fixed/Math/Math_44_fixed/.test_suite -Dd4j.test.include=*.java run.gen.tests
2025-05-14 18:31:37,915 - 由于超时，已删除测试方法: testAcceptStepDoesNotStopWhenNotLastStep1
2025-05-14 18:45:35,769 - 执行测试超时，尝试删除最后一个测试方法后重试..., ./defects4j_fixed/Math/Math_44_fixed
2025-05-14 18:45:35,770 - terminating..., ./defects4j_fixed/Math/Math_44_fixed
2025-05-14 18:45:35,772 - terminating..., ./defects4j_fixed/Math/Math_44_fixed
2025-05-14 18:45:35,772 - Math_44_fixed
2025-05-14 18:45:35,828 - Killing PID=1210417 → changpy  1210417  0.0  0.0  12864  3468 pts/15   S+   18:37   0:00 sh -c cd /data3/cpy/MutAGENTest/src/defects4j_fixed/Math/Math_44_fixed && ant -f /data3/cpy/MutAGENTest/mutantsgen/Wukong/defects4j/framework/projects/defects4j.build.xml -Dd4j.home=/data3/cpy/MutAGENTest/mutantsgen/Wukong/defects4j -Dd4j.dir.projects=/data3/cpy/MutAGENTest/mutantsgen/Wukong/defects4j/framework/projects -Dbasedir=/data3/cpy/MutAGENTest/src/defects4j_fixed/Math/Math_44_fixed -DOUTFILE=/data3/cpy/MutAGENTest/src/defects4j_fixed/Math/Math_44_fixed/failing_tests -Dd4j.test.dir=/data3/cpy/MutAGENTest/src/defects4j_fixed/Math/Math_44_fixed/.test_suite -Dd4j.test.include=*.java  run.gen.tests 2>&1
2025-05-14 18:45:35,829 - Killing PID=1210421 → changpy  1210421  680 14.3 37737004 28282008 pts/15 Sl+ 18:37  56:29 /usr/lib/jvm/java-8-openjdk-amd64/jre/bin/java -classpath /usr/share/ant/lib/ant-launcher.jar -Dant.home=/usr/share/ant -Dant.library.dir=/usr/share/ant/lib org.apache.tools.ant.launch.Launcher -cp  -f /data3/cpy/MutAGENTest/mutantsgen/Wukong/defects4j/framework/projects/defects4j.build.xml -Dd4j.home=/data3/cpy/MutAGENTest/mutantsgen/Wukong/defects4j -Dd4j.dir.projects=/data3/cpy/MutAGENTest/mutantsgen/Wukong/defects4j/framework/projects -Dbasedir=/data3/cpy/MutAGENTest/src/defects4j_fixed/Math/Math_44_fixed -DOUTFILE=/data3/cpy/MutAGENTest/src/defects4j_fixed/Math/Math_44_fixed/failing_tests -Dd4j.test.dir=/data3/cpy/MutAGENTest/src/defects4j_fixed/Math/Math_44_fixed/.test_suite -Dd4j.test.include=*.java run.gen.tests
2025-05-14 18:45:36,180 - 由于超时，已删除测试方法: testAcceptStep_EventResetCondition
2025-05-14 19:55:17,141 - 执行测试超时，尝试删除最后一个测试方法后重试..., ./defects4j_fixed/Math/Math_44_fixed
2025-05-14 19:55:17,142 - terminating..., ./defects4j_fixed/Math/Math_44_fixed
2025-05-14 19:55:17,144 - terminating..., ./defects4j_fixed/Math/Math_44_fixed
2025-05-14 19:55:17,144 - Math_44_fixed
2025-05-14 19:55:17,192 - Killing PID=1315694 → changpy  1315694  0.0  0.0  12864  3560 pts/15   S+   19:46   0:00 sh -c cd /data3/cpy/MutAGENTest/src/defects4j_fixed/Math/Math_44_fixed && ant -f /data3/cpy/MutAGENTest/mutantsgen/Wukong/defects4j/framework/projects/defects4j.build.xml -Dd4j.home=/data3/cpy/MutAGENTest/mutantsgen/Wukong/defects4j -Dd4j.dir.projects=/data3/cpy/MutAGENTest/mutantsgen/Wukong/defects4j/framework/projects -Dbasedir=/data3/cpy/MutAGENTest/src/defects4j_fixed/Math/Math_44_fixed -DOUTFILE=/data3/cpy/MutAGENTest/src/defects4j_fixed/Math/Math_44_fixed/failing_tests -Dd4j.test.dir=/data3/cpy/MutAGENTest/src/defects4j_fixed/Math/Math_44_fixed/.test_suite -Dd4j.test.include=*.java  run.gen.tests 2>&1
2025-05-14 19:55:17,192 - Killing PID=1315695 → changpy  1315695  660 15.0 37737004 29771124 pts/15 Sl+ 19:46  54:56 /usr/lib/jvm/java-8-openjdk-amd64/jre/bin/java -classpath /usr/share/ant/lib/ant-launcher.jar -Dant.home=/usr/share/ant -Dant.library.dir=/usr/share/ant/lib org.apache.tools.ant.launch.Launcher -cp  -f /data3/cpy/MutAGENTest/mutantsgen/Wukong/defects4j/framework/projects/defects4j.build.xml -Dd4j.home=/data3/cpy/MutAGENTest/mutantsgen/Wukong/defects4j -Dd4j.dir.projects=/data3/cpy/MutAGENTest/mutantsgen/Wukong/defects4j/framework/projects -Dbasedir=/data3/cpy/MutAGENTest/src/defects4j_fixed/Math/Math_44_fixed -DOUTFILE=/data3/cpy/MutAGENTest/src/defects4j_fixed/Math/Math_44_fixed/failing_tests -Dd4j.test.dir=/data3/cpy/MutAGENTest/src/defects4j_fixed/Math/Math_44_fixed/.test_suite -Dd4j.test.include=*.java run.gen.tests
2025-05-14 19:55:17,364 - 由于超时，已删除测试方法: testAcceptStepOnlyProcessesOccurringEvents
2025-05-14 20:09:21,421 - 执行测试超时，尝试删除最后一个测试方法后重试..., ./defects4j_fixed/Math/Math_44_fixed
2025-05-14 20:09:21,421 - terminating..., ./defects4j_fixed/Math/Math_44_fixed
2025-05-14 20:09:21,423 - terminating..., ./defects4j_fixed/Math/Math_44_fixed
2025-05-14 20:09:21,423 - Math_44_fixed
2025-05-14 20:09:21,459 - Killing PID=1326870 → changpy  1326870  0.0  0.0  12864  3580 pts/15   S+   20:01   0:00 sh -c cd /data3/cpy/MutAGENTest/src/defects4j_fixed/Math/Math_44_fixed && ant -f /data3/cpy/MutAGENTest/mutantsgen/Wukong/defects4j/framework/projects/defects4j.build.xml -Dd4j.home=/data3/cpy/MutAGENTest/mutantsgen/Wukong/defects4j -Dd4j.dir.projects=/data3/cpy/MutAGENTest/mutantsgen/Wukong/defects4j/framework/projects -Dbasedir=/data3/cpy/MutAGENTest/src/defects4j_fixed/Math/Math_44_fixed -DOUTFILE=/data3/cpy/MutAGENTest/src/defects4j_fixed/Math/Math_44_fixed/failing_tests -Dd4j.test.dir=/data3/cpy/MutAGENTest/src/defects4j_fixed/Math/Math_44_fixed/.test_suite -Dd4j.test.include=*.java  run.gen.tests 2>&1
2025-05-14 20:09:21,459 - Killing PID=1326871 → changpy  1326871  677 15.0 37737004 29653396 pts/15 Sl+ 20:01  56:20 /usr/lib/jvm/java-8-openjdk-amd64/jre/bin/java -classpath /usr/share/ant/lib/ant-launcher.jar -Dant.home=/usr/share/ant -Dant.library.dir=/usr/share/ant/lib org.apache.tools.ant.launch.Launcher -cp  -f /data3/cpy/MutAGENTest/mutantsgen/Wukong/defects4j/framework/projects/defects4j.build.xml -Dd4j.home=/data3/cpy/MutAGENTest/mutantsgen/Wukong/defects4j -Dd4j.dir.projects=/data3/cpy/MutAGENTest/mutantsgen/Wukong/defects4j/framework/projects -Dbasedir=/data3/cpy/MutAGENTest/src/defects4j_fixed/Math/Math_44_fixed -DOUTFILE=/data3/cpy/MutAGENTest/src/defects4j_fixed/Math/Math_44_fixed/failing_tests -Dd4j.test.dir=/data3/cpy/MutAGENTest/src/defects4j_fixed/Math/Math_44_fixed/.test_suite -Dd4j.test.include=*.java run.gen.tests
2025-05-14 20:09:21,807 - 由于超时，已删除测试方法: testAcceptStepDetectsEvents1
2025-05-14 20:24:38,900 - 执行测试超时，尝试删除最后一个测试方法后重试..., ./defects4j_fixed/Math/Math_44_fixed
2025-05-14 20:24:38,900 - terminating..., ./defects4j_fixed/Math/Math_44_fixed
2025-05-14 20:24:38,901 - terminating..., ./defects4j_fixed/Math/Math_44_fixed
2025-05-14 20:24:38,901 - Math_44_fixed
2025-05-14 20:24:38,932 - Killing PID=1342420 → changpy  1342420  0.0  0.0  12864  3432 pts/15   S+   20:16   0:00 sh -c cd /data3/cpy/MutAGENTest/src/defects4j_fixed/Math/Math_44_fixed && ant -f /data3/cpy/MutAGENTest/mutantsgen/Wukong/defects4j/framework/projects/defects4j.build.xml -Dd4j.home=/data3/cpy/MutAGENTest/mutantsgen/Wukong/defects4j -Dd4j.dir.projects=/data3/cpy/MutAGENTest/mutantsgen/Wukong/defects4j/framework/projects -Dbasedir=/data3/cpy/MutAGENTest/src/defects4j_fixed/Math/Math_44_fixed -DOUTFILE=/data3/cpy/MutAGENTest/src/defects4j_fixed/Math/Math_44_fixed/failing_tests -Dd4j.test.dir=/data3/cpy/MutAGENTest/src/defects4j_fixed/Math/Math_44_fixed/.test_suite -Dd4j.test.include=*.java  run.gen.tests 2>&1
2025-05-14 20:24:38,932 - Killing PID=1342421 → changpy  1342421  726 14.3 37737004 28363712 pts/15 Sl+ 20:16  60:16 /usr/lib/jvm/java-8-openjdk-amd64/jre/bin/java -classpath /usr/share/ant/lib/ant-launcher.jar -Dant.home=/usr/share/ant -Dant.library.dir=/usr/share/ant/lib org.apache.tools.ant.launch.Launcher -cp  -f /data3/cpy/MutAGENTest/mutantsgen/Wukong/defects4j/framework/projects/defects4j.build.xml -Dd4j.home=/data3/cpy/MutAGENTest/mutantsgen/Wukong/defects4j -Dd4j.dir.projects=/data3/cpy/MutAGENTest/mutantsgen/Wukong/defects4j/framework/projects -Dbasedir=/data3/cpy/MutAGENTest/src/defects4j_fixed/Math/Math_44_fixed -DOUTFILE=/data3/cpy/MutAGENTest/src/defects4j_fixed/Math/Math_44_fixed/failing_tests -Dd4j.test.dir=/data3/cpy/MutAGENTest/src/defects4j_fixed/Math/Math_44_fixed/.test_suite -Dd4j.test.include=*.java run.gen.tests
2025-05-14 20:24:39,272 - 由于超时，已删除测试方法: testAcceptStepWithCustomEventSet
2025-05-14 20:39:01,877 - 执行测试超时，尝试删除最后一个测试方法后重试..., ./defects4j_fixed/Math/Math_44_fixed
2025-05-14 20:39:01,878 - terminating..., ./defects4j_fixed/Math/Math_44_fixed
2025-05-14 20:39:01,880 - terminating..., ./defects4j_fixed/Math/Math_44_fixed
2025-05-14 20:39:01,880 - Math_44_fixed
2025-05-14 20:39:01,918 - Killing PID=1355545 → changpy  1355545  0.0  0.0  12864  3416 pts/15   S+   20:30   0:00 sh -c cd /data3/cpy/MutAGENTest/src/defects4j_fixed/Math/Math_44_fixed && ant -f /data3/cpy/MutAGENTest/mutantsgen/Wukong/defects4j/framework/projects/defects4j.build.xml -Dd4j.home=/data3/cpy/MutAGENTest/mutantsgen/Wukong/defects4j -Dd4j.dir.projects=/data3/cpy/MutAGENTest/mutantsgen/Wukong/defects4j/framework/projects -Dbasedir=/data3/cpy/MutAGENTest/src/defects4j_fixed/Math/Math_44_fixed -DOUTFILE=/data3/cpy/MutAGENTest/src/defects4j_fixed/Math/Math_44_fixed/failing_tests -Dd4j.test.dir=/data3/cpy/MutAGENTest/src/defects4j_fixed/Math/Math_44_fixed/.test_suite -Dd4j.test.include=*.java  run.gen.tests 2>&1
2025-05-14 20:39:01,918 - Killing PID=1355546 → changpy  1355546  683 14.3 37737004 28342028 pts/15 Sl+ 20:30  56:45 /usr/lib/jvm/java-8-openjdk-amd64/jre/bin/java -classpath /usr/share/ant/lib/ant-launcher.jar -Dant.home=/usr/share/ant -Dant.library.dir=/usr/share/ant/lib org.apache.tools.ant.launch.Launcher -cp  -f /data3/cpy/MutAGENTest/mutantsgen/Wukong/defects4j/framework/projects/defects4j.build.xml -Dd4j.home=/data3/cpy/MutAGENTest/mutantsgen/Wukong/defects4j -Dd4j.dir.projects=/data3/cpy/MutAGENTest/mutantsgen/Wukong/defects4j/framework/projects -Dbasedir=/data3/cpy/MutAGENTest/src/defects4j_fixed/Math/Math_44_fixed -DOUTFILE=/data3/cpy/MutAGENTest/src/defects4j_fixed/Math/Math_44_fixed/failing_tests -Dd4j.test.dir=/data3/cpy/MutAGENTest/src/defects4j_fixed/Math/Math_44_fixed/.test_suite -Dd4j.test.include=*.java run.gen.tests
2025-05-14 20:39:02,098 - 由于超时，已删除测试方法: testAcceptStep_ShouldContinueWhenEventDoesNotStop
2025-05-14 21:00:21,037 - 执行测试超时，尝试删除最后一个测试方法后重试..., ./defects4j_fixed/Math/Math_44_fixed
2025-05-14 21:00:21,038 - terminating..., ./defects4j_fixed/Math/Math_44_fixed
2025-05-14 21:00:21,040 - terminating..., ./defects4j_fixed/Math/Math_44_fixed
2025-05-14 21:00:21,040 - Math_44_fixed
2025-05-14 21:00:21,086 - Killing PID=1376636 → changpy  1376636  0.0  0.0  12864  3352 pts/15   S+   20:52   0:00 sh -c cd /data3/cpy/MutAGENTest/src/defects4j_fixed/Math/Math_44_fixed && ant -f /data3/cpy/MutAGENTest/mutantsgen/Wukong/defects4j/framework/projects/defects4j.build.xml -Dd4j.home=/data3/cpy/MutAGENTest/mutantsgen/Wukong/defects4j -Dd4j.dir.projects=/data3/cpy/MutAGENTest/mutantsgen/Wukong/defects4j/framework/projects -Dbasedir=/data3/cpy/MutAGENTest/src/defects4j_fixed/Math/Math_44_fixed -DOUTFILE=/data3/cpy/MutAGENTest/src/defects4j_fixed/Math/Math_44_fixed/failing_tests -Dd4j.test.dir=/data3/cpy/MutAGENTest/src/defects4j_fixed/Math/Math_44_fixed/.test_suite -Dd4j.test.include=*.java  run.gen.tests 2>&1
2025-05-14 21:00:21,086 - Killing PID=1376637 → changpy  1376637  696 14.3 37737004 28418196 pts/15 Sl+ 20:52  57:48 /usr/lib/jvm/java-8-openjdk-amd64/jre/bin/java -classpath /usr/share/ant/lib/ant-launcher.jar -Dant.home=/usr/share/ant -Dant.library.dir=/usr/share/ant/lib org.apache.tools.ant.launch.Launcher -cp  -f /data3/cpy/MutAGENTest/mutantsgen/Wukong/defects4j/framework/projects/defects4j.build.xml -Dd4j.home=/data3/cpy/MutAGENTest/mutantsgen/Wukong/defects4j -Dd4j.dir.projects=/data3/cpy/MutAGENTest/mutantsgen/Wukong/defects4j/framework/projects -Dbasedir=/data3/cpy/MutAGENTest/src/defects4j_fixed/Math/Math_44_fixed -DOUTFILE=/data3/cpy/MutAGENTest/src/defects4j_fixed/Math/Math_44_fixed/failing_tests -Dd4j.test.dir=/data3/cpy/MutAGENTest/src/defects4j_fixed/Math/Math_44_fixed/.test_suite -Dd4j.test.include=*.java run.gen.tests
2025-05-14 21:00:21,433 - 由于超时，已删除测试方法: testAcceptStep_ShouldContinueAfterEvent_DetectsMutant
2025-05-14 21:15:37,405 - 执行测试超时，尝试删除最后一个测试方法后重试..., ./defects4j_fixed/Math/Math_44_fixed
2025-05-14 21:15:37,406 - terminating..., ./defects4j_fixed/Math/Math_44_fixed
2025-05-14 21:15:37,408 - terminating..., ./defects4j_fixed/Math/Math_44_fixed
2025-05-14 21:15:37,408 - Math_44_fixed
2025-05-14 21:15:37,444 - Killing PID=1390456 → changpy  1390456  0.0  0.0  12864  3476 pts/15   S+   21:07   0:00 sh -c cd /data3/cpy/MutAGENTest/src/defects4j_fixed/Math/Math_44_fixed && ant -f /data3/cpy/MutAGENTest/mutantsgen/Wukong/defects4j/framework/projects/defects4j.build.xml -Dd4j.home=/data3/cpy/MutAGENTest/mutantsgen/Wukong/defects4j -Dd4j.dir.projects=/data3/cpy/MutAGENTest/mutantsgen/Wukong/defects4j/framework/projects -Dbasedir=/data3/cpy/MutAGENTest/src/defects4j_fixed/Math/Math_44_fixed -DOUTFILE=/data3/cpy/MutAGENTest/src/defects4j_fixed/Math/Math_44_fixed/failing_tests -Dd4j.test.dir=/data3/cpy/MutAGENTest/src/defects4j_fixed/Math/Math_44_fixed/.test_suite -Dd4j.test.include=*.java  run.gen.tests 2>&1
2025-05-14 21:15:37,444 - Killing PID=1390457 → changpy  1390457  704 15.0 37737004 29740760 pts/15 Sl+ 21:07  58:27 /usr/lib/jvm/java-8-openjdk-amd64/jre/bin/java -classpath /usr/share/ant/lib/ant-launcher.jar -Dant.home=/usr/share/ant -Dant.library.dir=/usr/share/ant/lib org.apache.tools.ant.launch.Launcher -cp  -f /data3/cpy/MutAGENTest/mutantsgen/Wukong/defects4j/framework/projects/defects4j.build.xml -Dd4j.home=/data3/cpy/MutAGENTest/mutantsgen/Wukong/defects4j -Dd4j.dir.projects=/data3/cpy/MutAGENTest/mutantsgen/Wukong/defects4j/framework/projects -Dbasedir=/data3/cpy/MutAGENTest/src/defects4j_fixed/Math/Math_44_fixed -DOUTFILE=/data3/cpy/MutAGENTest/src/defects4j_fixed/Math/Math_44_fixed/failing_tests -Dd4j.test.dir=/data3/cpy/MutAGENTest/src/defects4j_fixed/Math/Math_44_fixed/.test_suite -Dd4j.test.include=*.java run.gen.tests
2025-05-14 21:15:37,810 - 由于超时，已删除测试方法: testAcceptStep_ShouldNotResetWhenEventDoesNotRequestReset
2025-05-15 01:58:32,961 - alive ./defects4j_fixed/Compress/Compress_1_fixed/src/main/java/org/apache/commons/compress/archivers/cpio/CpioArchiveOutputStream.java
2025-05-15 02:02:50,593 - alive ./defects4j_fixed/Math/Math_1_fixed/src/main/java/org/apache/commons/math3/fraction/BigFraction.java
2025-05-15 14:02:47,722 - alive ./defects4j_fixed/Math/Math_5_fixed/src/main/java/org/apache/commons/math3/complex/Complex.java
2025-05-15 14:02:48,849 - alive ./defects4j_fixed/Math/Math_2_fixed/src/main/java/org/apache/commons/math3/distribution/HypergeometricDistribution.java
2025-05-15 14:02:53,409 - alive ./defects4j_fixed/Math/Math_9_fixed/src/main/java/org/apache/commons/math3/geometry/euclidean/threed/Line.java
2025-05-15 14:02:58,626 - alive ./defects4j_fixed/Math/Math_3_fixed/src/main/java/org/apache/commons/math3/util/MathArrays.java
2025-05-15 14:03:07,218 - alive ./defects4j_fixed/Math/Math_4_fixed/src/main/java/org/apache/commons/math3/geometry/euclidean/threed/SubLine.java
2025-05-15 14:03:19,748 - alive ./defects4j_fixed/Math/Math_8_fixed/src/main/java/org/apache/commons/math3/distribution/DiscreteDistribution.java
2025-05-15 14:03:40,943 - alive ./defects4j_fixed/Math/Math_7_fixed/src/main/java/org/apache/commons/math3/ode/AbstractIntegrator.java
2025-05-15 14:03:50,669 - alive ./defects4j_fixed/Math/Math_6_fixed/src/main/java/org/apache/commons/math3/optim/BaseOptimizer.java
2025-05-15 14:09:56,981 - alive ./defects4j_fixed/Math/Math_10_fixed/src/main/java/org/apache/commons/math3/analysis/differentiation/DSCompiler.java
2025-05-15 14:18:23,153 - 执行测试超时，尝试删除最后一个测试方法后重试..., ./defects4j_fixed/Math/Math_7_fixed
2025-05-15 14:18:23,162 - terminating..., ./defects4j_fixed/Math/Math_7_fixed
2025-05-15 14:18:23,164 - terminating..., ./defects4j_fixed/Math/Math_7_fixed
2025-05-15 14:18:23,164 - Math_7_fixed
2025-05-15 14:18:23,219 - Killing PID=2316784 → changpy  2316784  0.0  0.0  12864  3472 pts/96   S+   14:10   0:00 sh -c cd /data3/cpy/MutAGENTest/src/defects4j_fixed/Math/Math_7_fixed && ant -f /data3/cpy/MutAGENTest/mutantsgen/Wukong/defects4j/framework/projects/defects4j.build.xml -Dd4j.home=/data3/cpy/MutAGENTest/mutantsgen/Wukong/defects4j -Dd4j.dir.projects=/data3/cpy/MutAGENTest/mutantsgen/Wukong/defects4j/framework/projects -Dbasedir=/data3/cpy/MutAGENTest/src/defects4j_fixed/Math/Math_7_fixed -DOUTFILE=/data3/cpy/MutAGENTest/src/defects4j_fixed/Math/Math_7_fixed/failing_tests -Dd4j.test.dir=/data3/cpy/MutAGENTest/src/defects4j_fixed/Math/Math_7_fixed/.test_suite -Dd4j.test.include=*.java  run.gen.tests 2>&1
2025-05-15 14:18:23,219 - Killing PID=2316785 → changpy  2316785  658 14.5 37737004 28729780 pts/96 Sl+ 14:10  54:46 /usr/lib/jvm/java-8-openjdk-amd64/jre/bin/java -classpath /usr/share/ant/lib/ant-launcher.jar -Dant.home=/usr/share/ant -Dant.library.dir=/usr/share/ant/lib org.apache.tools.ant.launch.Launcher -cp  -f /data3/cpy/MutAGENTest/mutantsgen/Wukong/defects4j/framework/projects/defects4j.build.xml -Dd4j.home=/data3/cpy/MutAGENTest/mutantsgen/Wukong/defects4j -Dd4j.dir.projects=/data3/cpy/MutAGENTest/mutantsgen/Wukong/defects4j/framework/projects -Dbasedir=/data3/cpy/MutAGENTest/src/defects4j_fixed/Math/Math_7_fixed -DOUTFILE=/data3/cpy/MutAGENTest/src/defects4j_fixed/Math/Math_7_fixed/failing_tests -Dd4j.test.dir=/data3/cpy/MutAGENTest/src/defects4j_fixed/Math/Math_7_fixed/.test_suite -Dd4j.test.include=*.java run.gen.tests
2025-05-15 14:18:23,320 - 由于超时，已删除测试方法: testAcceptStep_MultipleEventsForwardIntegration
2025-05-15 14:24:17,093 - alive ./defects4j_fixed/Math/Math_11_fixed/src/main/java/org/apache/commons/math3/distribution/MultivariateNormalDistribution.java
2025-05-15 14:34:49,604 - alive ./defects4j_fixed/Math/Math_13_fixed/src/main/java/org/apache/commons/math3/optimization/general/AbstractLeastSquaresOptimizer.java
2025-05-15 14:36:22,584 - alive ./defects4j_fixed/Math/Math_14_fixed/src/main/java/org/apache/commons/math3/optim/nonlinear/vector/Weight.java
2025-05-15 14:42:19,684 - alive ./defects4j_fixed/Math/Math_15_fixed/src/main/java/org/apache/commons/math3/util/FastMath.java
2025-05-15 14:44:32,775 - alive ./defects4j_fixed/Math/Math_16_fixed/src/main/java/org/apache/commons/math3/util/FastMath.java
2025-05-15 14:48:23,597 - alive ./defects4j_fixed/Math/Math_17_fixed/src/main/java/org/apache/commons/math3/dfp/Dfp.java
2025-05-15 14:53:47,951 - 执行测试超时，尝试删除最后一个测试方法后重试..., ./defects4j_fixed/Math/Math_15_fixed
2025-05-15 14:53:47,952 - terminating..., ./defects4j_fixed/Math/Math_15_fixed
2025-05-15 14:53:47,954 - terminating..., ./defects4j_fixed/Math/Math_15_fixed
2025-05-15 14:53:47,954 - Math_15_fixed
2025-05-15 14:53:47,995 - Killing PID=2534366 → changpy  2534366  0.0  0.0  12864  3556 pts/96   S+   14:45   0:00 sh -c cd /data3/cpy/MutAGENTest/src/defects4j_fixed/Math/Math_15_fixed && ant -f /data3/cpy/MutAGENTest/mutantsgen/Wukong/defects4j/framework/projects/defects4j.build.xml -Dd4j.home=/data3/cpy/MutAGENTest/mutantsgen/Wukong/defects4j -Dd4j.dir.projects=/data3/cpy/MutAGENTest/mutantsgen/Wukong/defects4j/framework/projects -Dbasedir=/data3/cpy/MutAGENTest/src/defects4j_fixed/Math/Math_15_fixed -DOUTFILE=/data3/cpy/MutAGENTest/src/defects4j_fixed/Math/Math_15_fixed/failing_tests -Dd4j.test.dir=/data3/cpy/MutAGENTest/src/defects4j_fixed/Math/Math_15_fixed/.test_suite -Dd4j.test.include=*.java  run.gen.tests 2>&1
2025-05-15 14:53:47,995 - Killing PID=2534367 → changpy  2534367  101  0.1 37730676 221468 pts/96 Sl+ 14:45   8:22 /usr/lib/jvm/java-8-openjdk-amd64/jre/bin/java -classpath /usr/share/ant/lib/ant-launcher.jar -Dant.home=/usr/share/ant -Dant.library.dir=/usr/share/ant/lib org.apache.tools.ant.launch.Launcher -cp  -f /data3/cpy/MutAGENTest/mutantsgen/Wukong/defects4j/framework/projects/defects4j.build.xml -Dd4j.home=/data3/cpy/MutAGENTest/mutantsgen/Wukong/defects4j -Dd4j.dir.projects=/data3/cpy/MutAGENTest/mutantsgen/Wukong/defects4j/framework/projects -Dbasedir=/data3/cpy/MutAGENTest/src/defects4j_fixed/Math/Math_15_fixed -DOUTFILE=/data3/cpy/MutAGENTest/src/defects4j_fixed/Math/Math_15_fixed/failing_tests -Dd4j.test.dir=/data3/cpy/MutAGENTest/src/defects4j_fixed/Math/Math_15_fixed/.test_suite -Dd4j.test.include=*.java run.gen.tests
2025-05-15 14:53:48,262 - 由于超时，已删除测试方法: testPow_ZeroBase1
2025-05-15 15:12:40,257 - 执行测试超时，尝试删除最后一个测试方法后重试..., ./defects4j_fixed/Math/Math_15_fixed
2025-05-15 15:12:40,258 - terminating..., ./defects4j_fixed/Math/Math_15_fixed
2025-05-15 15:12:40,259 - terminating..., ./defects4j_fixed/Math/Math_15_fixed
2025-05-15 15:12:40,260 - Math_15_fixed
2025-05-15 15:12:40,318 - Killing PID=2590816 → changpy  2590816  0.0  0.0  12864  3492 pts/96   S+   15:04   0:00 sh -c cd /data3/cpy/MutAGENTest/src/defects4j_fixed/Math/Math_15_fixed && ant -f /data3/cpy/MutAGENTest/mutantsgen/Wukong/defects4j/framework/projects/defects4j.build.xml -Dd4j.home=/data3/cpy/MutAGENTest/mutantsgen/Wukong/defects4j -Dd4j.dir.projects=/data3/cpy/MutAGENTest/mutantsgen/Wukong/defects4j/framework/projects -Dbasedir=/data3/cpy/MutAGENTest/src/defects4j_fixed/Math/Math_15_fixed -DOUTFILE=/data3/cpy/MutAGENTest/src/defects4j_fixed/Math/Math_15_fixed/failing_tests -Dd4j.test.dir=/data3/cpy/MutAGENTest/src/defects4j_fixed/Math/Math_15_fixed/.test_suite -Dd4j.test.include=*.java  run.gen.tests 2>&1
2025-05-15 15:12:40,318 - Killing PID=2590817 → changpy  2590817  100  0.1 37730676 239140 pts/96 Sl+ 15:04   8:23 /usr/lib/jvm/java-8-openjdk-amd64/jre/bin/java -classpath /usr/share/ant/lib/ant-launcher.jar -Dant.home=/usr/share/ant -Dant.library.dir=/usr/share/ant/lib org.apache.tools.ant.launch.Launcher -cp  -f /data3/cpy/MutAGENTest/mutantsgen/Wukong/defects4j/framework/projects/defects4j.build.xml -Dd4j.home=/data3/cpy/MutAGENTest/mutantsgen/Wukong/defects4j -Dd4j.dir.projects=/data3/cpy/MutAGENTest/mutantsgen/Wukong/defects4j/framework/projects -Dbasedir=/data3/cpy/MutAGENTest/src/defects4j_fixed/Math/Math_15_fixed -DOUTFILE=/data3/cpy/MutAGENTest/src/defects4j_fixed/Math/Math_15_fixed/failing_tests -Dd4j.test.dir=/data3/cpy/MutAGENTest/src/defects4j_fixed/Math/Math_15_fixed/.test_suite -Dd4j.test.include=*.java run.gen.tests
2025-05-15 15:12:40,406 - 由于超时，已删除测试方法: testPow_OneBase1
2025-05-15 15:19:49,771 - alive ./defects4j_fixed/Math/Math_18_fixed/src/main/java/org/apache/commons/math3/optimization/direct/CMAESOptimizer.java
2025-05-15 15:23:02,145 - alive ./defects4j_fixed/Math/Math_8_fixed/src/main/java/org/apache/commons/math3/distribution/DiscreteDistribution.java
2025-05-15 15:33:59,137 - 执行测试超时，尝试删除最后一个测试方法后重试..., ./defects4j_fixed/Math/Math_7_fixed
2025-05-15 15:33:59,138 - terminating..., ./defects4j_fixed/Math/Math_7_fixed
2025-05-15 15:33:59,139 - terminating..., ./defects4j_fixed/Math/Math_7_fixed
2025-05-15 15:33:59,140 - Math_7_fixed
2025-05-15 15:33:59,194 - Killing PID=2672338 → changpy  2672338  0.0  0.0  12864  3400 pts/96   S+   15:25   0:00 sh -c cd /data3/cpy/MutAGENTest/src/defects4j_fixed/Math/Math_7_fixed && ant -f /data3/cpy/MutAGENTest/mutantsgen/Wukong/defects4j/framework/projects/defects4j.build.xml -Dd4j.home=/data3/cpy/MutAGENTest/mutantsgen/Wukong/defects4j -Dd4j.dir.projects=/data3/cpy/MutAGENTest/mutantsgen/Wukong/defects4j/framework/projects -Dbasedir=/data3/cpy/MutAGENTest/src/defects4j_fixed/Math/Math_7_fixed -DOUTFILE=/data3/cpy/MutAGENTest/src/defects4j_fixed/Math/Math_7_fixed/failing_tests -Dd4j.test.dir=/data3/cpy/MutAGENTest/src/defects4j_fixed/Math/Math_7_fixed/.test_suite -Dd4j.test.include=*.java  run.gen.tests 2>&1
2025-05-15 15:33:59,195 - Killing PID=2672339 → changpy  2672339  627 15.7 37737004 31102712 pts/96 Sl+ 15:25  52:11 /usr/lib/jvm/java-8-openjdk-amd64/jre/bin/java -classpath /usr/share/ant/lib/ant-launcher.jar -Dant.home=/usr/share/ant -Dant.library.dir=/usr/share/ant/lib org.apache.tools.ant.launch.Launcher -cp  -f /data3/cpy/MutAGENTest/mutantsgen/Wukong/defects4j/framework/projects/defects4j.build.xml -Dd4j.home=/data3/cpy/MutAGENTest/mutantsgen/Wukong/defects4j -Dd4j.dir.projects=/data3/cpy/MutAGENTest/mutantsgen/Wukong/defects4j/framework/projects -Dbasedir=/data3/cpy/MutAGENTest/src/defects4j_fixed/Math/Math_7_fixed -DOUTFILE=/data3/cpy/MutAGENTest/src/defects4j_fixed/Math/Math_7_fixed/failing_tests -Dd4j.test.dir=/data3/cpy/MutAGENTest/src/defects4j_fixed/Math/Math_7_fixed/.test_suite -Dd4j.test.include=*.java run.gen.tests
2025-05-15 15:33:59,316 - 由于超时，已删除测试方法: testAcceptStep_ShouldNotResetWhenNoEventRequiresReset
2025-05-15 15:36:50,025 - 执行测试超时，尝试删除最后一个测试方法后重试..., ./defects4j_fixed/Math/Math_15_fixed
2025-05-15 15:36:50,026 - terminating..., ./defects4j_fixed/Math/Math_15_fixed
2025-05-15 15:36:50,028 - terminating..., ./defects4j_fixed/Math/Math_15_fixed
2025-05-15 15:36:50,028 - Math_15_fixed
2025-05-15 15:36:50,073 - Killing PID=2679301 → changpy  2679301  0.0  0.0  12864  3424 pts/96   S+   15:28   0:00 sh -c cd /data3/cpy/MutAGENTest/src/defects4j_fixed/Math/Math_15_fixed && ant -f /data3/cpy/MutAGENTest/mutantsgen/Wukong/defects4j/framework/projects/defects4j.build.xml -Dd4j.home=/data3/cpy/MutAGENTest/mutantsgen/Wukong/defects4j -Dd4j.dir.projects=/data3/cpy/MutAGENTest/mutantsgen/Wukong/defects4j/framework/projects -Dbasedir=/data3/cpy/MutAGENTest/src/defects4j_fixed/Math/Math_15_fixed -DOUTFILE=/data3/cpy/MutAGENTest/src/defects4j_fixed/Math/Math_15_fixed/failing_tests -Dd4j.test.dir=/data3/cpy/MutAGENTest/src/defects4j_fixed/Math/Math_15_fixed/.test_suite -Dd4j.test.include=*.java  run.gen.tests 2>&1
2025-05-15 15:36:50,074 - Killing PID=2679302 → changpy  2679302  101  0.1 37731164 241564 pts/96 Sl+ 15:28   8:23 /usr/lib/jvm/java-8-openjdk-amd64/jre/bin/java -classpath /usr/share/ant/lib/ant-launcher.jar -Dant.home=/usr/share/ant -Dant.library.dir=/usr/share/ant/lib org.apache.tools.ant.launch.Launcher -cp  -f /data3/cpy/MutAGENTest/mutantsgen/Wukong/defects4j/framework/projects/defects4j.build.xml -Dd4j.home=/data3/cpy/MutAGENTest/mutantsgen/Wukong/defects4j -Dd4j.dir.projects=/data3/cpy/MutAGENTest/mutantsgen/Wukong/defects4j/framework/projects -Dbasedir=/data3/cpy/MutAGENTest/src/defects4j_fixed/Math/Math_15_fixed -DOUTFILE=/data3/cpy/MutAGENTest/src/defects4j_fixed/Math/Math_15_fixed/failing_tests -Dd4j.test.dir=/data3/cpy/MutAGENTest/src/defects4j_fixed/Math/Math_15_fixed/.test_suite -Dd4j.test.include=*.java run.gen.tests
2025-05-15 15:36:50,178 - 由于超时，已删除测试方法: testPowWithLargeExponents1
2025-05-15 16:04:02,325 - alive ./defects4j_fixed/Math/Math_6_fixed/src/main/java/org/apache/commons/math3/optim/BaseOptimizer.java
2025-05-15 16:16:09,552 - alive ./defects4j_fixed/Math/Math_18_fixed/src/main/java/org/apache/commons/math3/optimization/direct/CMAESOptimizer.java
2025-05-15 16:28:06,451 - alive ./defects4j_fixed/Math/Math_19_fixed/src/main/java/org/apache/commons/math3/optimization/direct/CMAESOptimizer.java
2025-05-15 16:31:23,875 - alive ./defects4j_fixed/Math/Math_20_fixed/src/main/java/org/apache/commons/math3/optimization/direct/CMAESOptimizer.java
2025-05-15 16:37:22,945 - alive ./defects4j_fixed/Math/Math_21_fixed/src/main/java/org/apache/commons/math3/linear/RectangularCholeskyDecomposition.java
2025-05-15 16:51:31,958 - alive ./defects4j_fixed/Math/Math_22_fixed/src/main/java/org/apache/commons/math3/distribution/FDistribution.java
2025-05-15 16:53:51,512 - alive ./defects4j_fixed/Math/Math_23_fixed/src/main/java/org/apache/commons/math3/optimization/univariate/BrentOptimizer.java
2025-05-15 17:03:28,438 - alive ./defects4j_fixed/Math/Math_24_fixed/src/main/java/org/apache/commons/math3/optimization/univariate/BrentOptimizer.java
2025-05-15 17:07:15,877 - alive ./defects4j_fixed/Math/Math_25_fixed/src/main/java/org/apache/commons/math3/optimization/fitting/HarmonicFitter.java
2025-05-15 17:12:45,145 - alive ./defects4j_fixed/Math/Math_26_fixed/src/main/java/org/apache/commons/math3/fraction/Fraction.java
2025-05-15 17:21:45,410 - alive ./defects4j_fixed/Math/Math_24_fixed/src/main/java/org/apache/commons/math3/optimization/univariate/BrentOptimizer.java
2025-05-15 17:29:44,037 - alive ./defects4j_fixed/Math/Math_27_fixed/src/main/java/org/apache/commons/math3/fraction/Fraction.java
2025-05-15 17:41:55,012 - alive ./defects4j_fixed/Math/Math_28_fixed/src/main/java/org/apache/commons/math3/optimization/linear/SimplexSolver.java
2025-05-15 17:49:50,070 - alive ./defects4j_fixed/Math/Math_29_fixed/src/main/java/org/apache/commons/math3/linear/OpenMapRealVector.java
2025-05-15 17:58:18,070 - alive ./defects4j_fixed/Math/Math_30_fixed/src/main/java/org/apache/commons/math3/stat/inference/MannWhitneyUTest.java
2025-05-15 18:14:43,991 - alive ./defects4j_fixed/Math/Math_31_fixed/src/main/java/org/apache/commons/math3/util/ContinuedFraction.java
2025-05-15 18:38:23,756 - alive ./defects4j_fixed/Math/Math_32_fixed/src/main/java/org/apache/commons/math3/geometry/euclidean/twod/PolygonsSet.java
2025-05-15 18:39:13,886 - alive ./defects4j_fixed/Math/Math_33_fixed/src/main/java/org/apache/commons/math3/optimization/linear/SimplexTableau.java
2025-05-15 18:47:17,488 - alive ./defects4j_fixed/Math/Math_34_fixed/src/main/java/org/apache/commons/math3/genetics/ListPopulation.java
2025-05-15 19:54:21,896 - alive ./defects4j_fixed/Math/Math_35_fixed/src/main/java/org/apache/commons/math3/genetics/ElitisticListPopulation.java
2025-05-15 19:57:52,831 - alive ./defects4j_fixed/Math/Math_36_fixed/src/main/java/org/apache/commons/math/fraction/BigFraction.java
2025-05-15 20:09:00,200 - alive ./defects4j_fixed/Compress/Compress_1_fixed/src/main/java/org/apache/commons/compress/archivers/cpio/CpioArchiveOutputStream.java
2025-05-15 20:09:00,474 - alive ./defects4j_fixed/Compress/Compress_3_fixed/src/main/java/org/apache/commons/compress/archivers/tar/TarArchiveOutputStream.java
2025-05-15 20:09:05,966 - alive ./defects4j_fixed/Compress/Compress_4_fixed/src/main/java/org/apache/commons/compress/archivers/cpio/CpioArchiveOutputStream.java
2025-05-15 20:09:25,451 - alive ./defects4j_fixed/Compress/Compress_7_fixed/src/main/java/org/apache/commons/compress/archivers/tar/TarUtils.java
2025-05-15 20:09:35,166 - alive ./defects4j_fixed/Compress/Compress_6_fixed/src/main/java/org/apache/commons/compress/archivers/zip/ZipArchiveEntry.java
2025-05-15 20:09:36,405 - alive ./defects4j_fixed/Compress/Compress_5_fixed/src/main/java/org/apache/commons/compress/archivers/zip/ZipArchiveInputStream.java
2025-05-15 20:09:39,741 - alive ./defects4j_fixed/Compress/Compress_2_fixed/src/main/java/org/apache/commons/compress/archivers/ar/ArArchiveInputStream.java
2025-05-15 20:12:55,935 - alive ./defects4j_fixed/Math/Math_37_fixed/src/main/java/org/apache/commons/math/complex/Complex.java
2025-05-15 20:17:36,079 - alive ./defects4j_fixed/Compress/Compress_8_fixed/src/main/java/org/apache/commons/compress/archivers/tar/TarUtils.java
2025-05-15 20:17:44,199 - alive ./defects4j_fixed/Math/Math_38_fixed/src/main/java/org/apache/commons/math/optimization/direct/BOBYQAOptimizer.java
2025-05-15 20:21:13,838 - alive ./defects4j_fixed/Compress/Compress_9_fixed/src/main/java/org/apache/commons/compress/archivers/tar/TarArchiveOutputStream.java
2025-05-15 20:29:27,396 - alive ./defects4j_fixed/Math/Math_39_fixed/src/main/java/org/apache/commons/math/ode/nonstiff/EmbeddedRungeKuttaIntegrator.java
2025-05-15 20:33:51,024 - alive ./defects4j_fixed/Compress/Compress_10_fixed/src/main/java/org/apache/commons/compress/archivers/zip/ZipFile.java
2025-05-15 20:33:54,102 - alive ./defects4j_fixed/Math/Math_40_fixed/src/main/java/org/apache/commons/math/analysis/solvers/BracketingNthOrderBrentSolver.java
2025-05-15 20:51:04,213 - alive ./defects4j_fixed/Math/Math_41_fixed/src/main/java/org/apache/commons/math/stat/descriptive/moment/Variance.java
2025-05-15 20:51:07,297 - alive ./defects4j_fixed/Compress/Compress_11_fixed/src/main/java/org/apache/commons/compress/archivers/ArchiveStreamFactory.java
2025-05-15 20:54:27,014 - alive ./defects4j_fixed/Compress/Compress_12_fixed/src/main/java/org/apache/commons/compress/archivers/tar/TarArchiveInputStream.java
2025-05-15 21:11:42,793 - alive ./defects4j_fixed/Math/Math_42_fixed/src/main/java/org/apache/commons/math/optimization/linear/SimplexTableau.java
2025-05-15 21:16:24,483 - alive ./defects4j_fixed/Math/Math_43_fixed/src/main/java/org/apache/commons/math/stat/descriptive/SummaryStatistics.java
2025-05-15 21:17:30,137 - alive ./defects4j_fixed/Math/Math_44_fixed/src/main/java/org/apache/commons/math/ode/AbstractIntegrator.java
2025-05-15 21:23:14,153 - alive ./defects4j_fixed/Compress/Compress_13_fixed/src/main/java/org/apache/commons/compress/archivers/zip/ZipArchiveEntry.java
2025-05-15 21:33:04,035 - alive ./defects4j_fixed/Math/Math_45_fixed/src/main/java/org/apache/commons/math/linear/OpenMapRealMatrix.java
2025-05-15 21:39:18,839 - alive ./defects4j_fixed/Math/Math_46_fixed/src/main/java/org/apache/commons/math/complex/Complex.java
2025-05-15 21:42:44,824 - alive ./defects4j_fixed/Compress/Compress_14_fixed/src/main/java/org/apache/commons/compress/archivers/tar/TarUtils.java
2025-05-15 21:48:55,455 - 执行测试超时，尝试删除最后一个测试方法后重试..., ./defects4j_fixed/Math/Math_44_fixed
2025-05-15 21:48:55,456 - terminating..., ./defects4j_fixed/Math/Math_44_fixed
2025-05-15 21:48:55,458 - terminating..., ./defects4j_fixed/Math/Math_44_fixed
2025-05-15 21:48:55,458 - Math_44_fixed
2025-05-15 21:48:55,502 - Killing PID=450264 → changpy   450264  0.0  0.0  12864  3404 pts/96   S+   21:40   0:00 sh -c cd /data3/cpy/MutAGENTest/src/defects4j_fixed/Math/Math_44_fixed && ant -f /data3/cpy/MutAGENTest/mutantsgen/Wukong/defects4j/framework/projects/defects4j.build.xml -Dd4j.home=/data3/cpy/MutAGENTest/mutantsgen/Wukong/defects4j -Dd4j.dir.projects=/data3/cpy/MutAGENTest/mutantsgen/Wukong/defects4j/framework/projects -Dbasedir=/data3/cpy/MutAGENTest/src/defects4j_fixed/Math/Math_44_fixed -DOUTFILE=/data3/cpy/MutAGENTest/src/defects4j_fixed/Math/Math_44_fixed/failing_tests -Dd4j.test.dir=/data3/cpy/MutAGENTest/src/defects4j_fixed/Math/Math_44_fixed/.test_suite -Dd4j.test.include=*.java  run.gen.tests 2>&1
2025-05-15 21:48:55,502 - Killing PID=450265 → changpy   450265  686 14.4 37737004 28616932 pts/96 Sl+ 21:40  56:59 /usr/lib/jvm/java-8-openjdk-amd64/jre/bin/java -classpath /usr/share/ant/lib/ant-launcher.jar -Dant.home=/usr/share/ant -Dant.library.dir=/usr/share/ant/lib org.apache.tools.ant.launch.Launcher -cp  -f /data3/cpy/MutAGENTest/mutantsgen/Wukong/defects4j/framework/projects/defects4j.build.xml -Dd4j.home=/data3/cpy/MutAGENTest/mutantsgen/Wukong/defects4j -Dd4j.dir.projects=/data3/cpy/MutAGENTest/mutantsgen/Wukong/defects4j/framework/projects -Dbasedir=/data3/cpy/MutAGENTest/src/defects4j_fixed/Math/Math_44_fixed -DOUTFILE=/data3/cpy/MutAGENTest/src/defects4j_fixed/Math/Math_44_fixed/failing_tests -Dd4j.test.dir=/data3/cpy/MutAGENTest/src/defects4j_fixed/Math/Math_44_fixed/.test_suite -Dd4j.test.include=*.java run.gen.tests
2025-05-15 21:48:55,611 - 由于超时，已删除测试方法: testAcceptStep_NoEvents
2025-05-15 21:50:20,040 - alive ./defects4j_fixed/Math/Math_47_fixed/src/main/java/org/apache/commons/math/complex/Complex.java
2025-05-15 21:52:51,734 - alive ./defects4j_fixed/Math/Math_48_fixed/src/main/java/org/apache/commons/math/analysis/solvers/BaseSecantSolver.java
2025-05-15 21:53:01,140 - alive ./defects4j_fixed/Math/Math_49_fixed/src/main/java/org/apache/commons/math/linear/OpenMapRealVector.java
2025-05-15 22:00:28,433 - alive ./defects4j_fixed/Math/Math_50_fixed/src/main/java/org/apache/commons/math/analysis/solvers/BaseSecantSolver.java
2025-05-15 22:01:26,845 - alive ./defects4j_fixed/Compress/Compress_15_fixed/src/main/java/org/apache/commons/compress/archivers/zip/ZipArchiveEntry.java
2025-05-15 22:06:21,000 - alive ./defects4j_fixed/Compress/Compress_16_fixed/src/main/java/org/apache/commons/compress/archivers/ArchiveStreamFactory.java
2025-05-15 22:08:23,454 - alive ./defects4j_fixed/Math/Math_51_fixed/src/main/java/org/apache/commons/math/analysis/solvers/BaseSecantSolver.java
2025-05-15 22:10:51,558 - 执行测试超时，尝试删除最后一个测试方法后重试..., ./defects4j_fixed/Math/Math_44_fixed
2025-05-15 22:10:51,558 - terminating..., ./defects4j_fixed/Math/Math_44_fixed
2025-05-15 22:10:51,560 - terminating..., ./defects4j_fixed/Math/Math_44_fixed
2025-05-15 22:10:51,560 - Math_44_fixed
2025-05-15 22:10:51,602 - Killing PID=656868 → changpy   656868  0.0  0.0  12864  3532 pts/96   S+   22:02   0:00 sh -c cd /data3/cpy/MutAGENTest/src/defects4j_fixed/Math/Math_44_fixed && ant -f /data3/cpy/MutAGENTest/mutantsgen/Wukong/defects4j/framework/projects/defects4j.build.xml -Dd4j.home=/data3/cpy/MutAGENTest/mutantsgen/Wukong/defects4j -Dd4j.dir.projects=/data3/cpy/MutAGENTest/mutantsgen/Wukong/defects4j/framework/projects -Dbasedir=/data3/cpy/MutAGENTest/src/defects4j_fixed/Math/Math_44_fixed -DOUTFILE=/data3/cpy/MutAGENTest/src/defects4j_fixed/Math/Math_44_fixed/failing_tests -Dd4j.test.dir=/data3/cpy/MutAGENTest/src/defects4j_fixed/Math/Math_44_fixed/.test_suite -Dd4j.test.include=*.java  run.gen.tests 2>&1
2025-05-15 22:10:51,602 - Killing PID=656869 → changpy   656869  687 13.6 37737004 26901880 pts/96 Sl+ 22:02  57:03 /usr/lib/jvm/java-8-openjdk-amd64/jre/bin/java -classpath /usr/share/ant/lib/ant-launcher.jar -Dant.home=/usr/share/ant -Dant.library.dir=/usr/share/ant/lib org.apache.tools.ant.launch.Launcher -cp  -f /data3/cpy/MutAGENTest/mutantsgen/Wukong/defects4j/framework/projects/defects4j.build.xml -Dd4j.home=/data3/cpy/MutAGENTest/mutantsgen/Wukong/defects4j -Dd4j.dir.projects=/data3/cpy/MutAGENTest/mutantsgen/Wukong/defects4j/framework/projects -Dbasedir=/data3/cpy/MutAGENTest/src/defects4j_fixed/Math/Math_44_fixed -DOUTFILE=/data3/cpy/MutAGENTest/src/defects4j_fixed/Math/Math_44_fixed/failing_tests -Dd4j.test.dir=/data3/cpy/MutAGENTest/src/defects4j_fixed/Math/Math_44_fixed/.test_suite -Dd4j.test.include=*.java run.gen.tests
2025-05-15 22:10:51,969 - 由于超时，已删除测试方法: testAcceptStep_RepeatingEvent
2025-05-15 22:19:43,585 - 执行测试超时，尝试删除最后一个测试方法后重试..., ./defects4j_fixed/Math/Math_44_fixed
2025-05-15 22:19:43,586 - terminating..., ./defects4j_fixed/Math/Math_44_fixed
2025-05-15 22:19:43,588 - terminating..., ./defects4j_fixed/Math/Math_44_fixed
2025-05-15 22:19:43,588 - Math_44_fixed
2025-05-15 22:19:43,635 - Killing PID=742021 → changpy   742021  0.0  0.0  12864  3416 pts/96   S+   22:11   0:00 sh -c cd /data3/cpy/MutAGENTest/src/defects4j_fixed/Math/Math_44_fixed && ant -f /data3/cpy/MutAGENTest/mutantsgen/Wukong/defects4j/framework/projects/defects4j.build.xml -Dd4j.home=/data3/cpy/MutAGENTest/mutantsgen/Wukong/defects4j -Dd4j.dir.projects=/data3/cpy/MutAGENTest/mutantsgen/Wukong/defects4j/framework/projects -Dbasedir=/data3/cpy/MutAGENTest/src/defects4j_fixed/Math/Math_44_fixed -DOUTFILE=/data3/cpy/MutAGENTest/src/defects4j_fixed/Math/Math_44_fixed/failing_tests -Dd4j.test.dir=/data3/cpy/MutAGENTest/src/defects4j_fixed/Math/Math_44_fixed/.test_suite -Dd4j.test.include=*.java  run.gen.tests 2>&1
2025-05-15 22:19:43,636 - Killing PID=742022 → changpy   742022  648 13.8 37737004 27318672 pts/96 Sl+ 22:11  53:53 /usr/lib/jvm/java-8-openjdk-amd64/jre/bin/java -classpath /usr/share/ant/lib/ant-launcher.jar -Dant.home=/usr/share/ant -Dant.library.dir=/usr/share/ant/lib org.apache.tools.ant.launch.Launcher -cp  -f /data3/cpy/MutAGENTest/mutantsgen/Wukong/defects4j/framework/projects/defects4j.build.xml -Dd4j.home=/data3/cpy/MutAGENTest/mutantsgen/Wukong/defects4j -Dd4j.dir.projects=/data3/cpy/MutAGENTest/mutantsgen/Wukong/defects4j/framework/projects -Dbasedir=/data3/cpy/MutAGENTest/src/defects4j_fixed/Math/Math_44_fixed -DOUTFILE=/data3/cpy/MutAGENTest/src/defects4j_fixed/Math/Math_44_fixed/failing_tests -Dd4j.test.dir=/data3/cpy/MutAGENTest/src/defects4j_fixed/Math/Math_44_fixed/.test_suite -Dd4j.test.include=*.java run.gen.tests
2025-05-15 22:19:43,760 - 由于超时，已删除测试方法: testAcceptStep_ReachedEndTime
2025-05-15 22:21:00,186 - alive ./defects4j_fixed/Math/Math_52_fixed/src/main/java/org/apache/commons/math/geometry/euclidean/threed/Rotation.java
2025-05-15 22:21:08,852 - alive ./defects4j_fixed/Compress/Compress_17_fixed/src/main/java/org/apache/commons/compress/archivers/tar/TarUtils.java
2025-05-15 22:22:08,651 - alive ./defects4j_fixed/Compress/Compress_18_fixed/src/main/java/org/apache/commons/compress/archivers/tar/TarArchiveOutputStream.java
2025-05-15 22:22:22,134 - alive ./defects4j_fixed/Compress/Compress_19_fixed/src/main/java/org/apache/commons/compress/archivers/zip/Zip64ExtendedInformationExtraField.java
2025-05-15 22:28:05,894 - 执行测试超时，尝试删除最后一个测试方法后重试..., ./defects4j_fixed/Math/Math_44_fixed
2025-05-15 22:28:05,894 - terminating..., ./defects4j_fixed/Math/Math_44_fixed
2025-05-15 22:28:05,896 - terminating..., ./defects4j_fixed/Math/Math_44_fixed
2025-05-15 22:28:05,896 - Math_44_fixed
2025-05-15 22:28:05,940 - Killing PID=828403 → changpy   828403  0.0  0.0  12864  3528 pts/96   S+   22:19   0:00 sh -c cd /data3/cpy/MutAGENTest/src/defects4j_fixed/Math/Math_44_fixed && ant -f /data3/cpy/MutAGENTest/mutantsgen/Wukong/defects4j/framework/projects/defects4j.build.xml -Dd4j.home=/data3/cpy/MutAGENTest/mutantsgen/Wukong/defects4j -Dd4j.dir.projects=/data3/cpy/MutAGENTest/mutantsgen/Wukong/defects4j/framework/projects -Dbasedir=/data3/cpy/MutAGENTest/src/defects4j_fixed/Math/Math_44_fixed -DOUTFILE=/data3/cpy/MutAGENTest/src/defects4j_fixed/Math/Math_44_fixed/failing_tests -Dd4j.test.dir=/data3/cpy/MutAGENTest/src/defects4j_fixed/Math/Math_44_fixed/.test_suite -Dd4j.test.include=*.java  run.gen.tests 2>&1
2025-05-15 22:28:05,940 - Killing PID=828404 → changpy   828404  641 14.1 37737004 28026120 pts/96 Sl+ 22:19  53:13 /usr/lib/jvm/java-8-openjdk-amd64/jre/bin/java -classpath /usr/share/ant/lib/ant-launcher.jar -Dant.home=/usr/share/ant -Dant.library.dir=/usr/share/ant/lib org.apache.tools.ant.launch.Launcher -cp  -f /data3/cpy/MutAGENTest/mutantsgen/Wukong/defects4j/framework/projects/defects4j.build.xml -Dd4j.home=/data3/cpy/MutAGENTest/mutantsgen/Wukong/defects4j -Dd4j.dir.projects=/data3/cpy/MutAGENTest/mutantsgen/Wukong/defects4j/framework/projects -Dbasedir=/data3/cpy/MutAGENTest/src/defects4j_fixed/Math/Math_44_fixed -DOUTFILE=/data3/cpy/MutAGENTest/src/defects4j_fixed/Math/Math_44_fixed/failing_tests -Dd4j.test.dir=/data3/cpy/MutAGENTest/src/defects4j_fixed/Math/Math_44_fixed/.test_suite -Dd4j.test.include=*.java run.gen.tests
2025-05-15 22:28:06,031 - 由于超时，已删除测试方法: testAcceptStep_MultipleEvents
2025-05-15 22:30:39,489 - 执行测试超时，尝试删除最后一个测试方法后重试..., ./defects4j_fixed/Compress/Compress_17_fixed
2025-05-15 22:30:39,490 - terminating..., ./defects4j_fixed/Compress/Compress_17_fixed
2025-05-15 22:30:39,491 - terminating..., ./defects4j_fixed/Compress/Compress_17_fixed
2025-05-15 22:30:39,491 - Compress_17_fixed
2025-05-15 22:30:39,538 - Killing PID=849264 → changpy   849264  0.0  0.0  12864  3592 pts/103  S+   22:22   0:00 sh -c cd /data3/cpy/MutAGENTest/src/defects4j_fixed/Compress/Compress_17_fixed && ant -f /data3/cpy/MutAGENTest/mutantsgen/Wukong/defects4j/framework/projects/defects4j.build.xml -Dd4j.home=/data3/cpy/MutAGENTest/mutantsgen/Wukong/defects4j -Dd4j.dir.projects=/data3/cpy/MutAGENTest/mutantsgen/Wukong/defects4j/framework/projects -Dbasedir=/data3/cpy/MutAGENTest/src/defects4j_fixed/Compress/Compress_17_fixed -DOUTFILE=/data3/cpy/MutAGENTest/src/defects4j_fixed/Compress/Compress_17_fixed/failing_tests -Dd4j.test.dir=/data3/cpy/MutAGENTest/src/defects4j_fixed/Compress/Compress_17_fixed/.test_suite -Dd4j.test.include=*.java  run.gen.tests 2>&1
2025-05-15 22:30:39,538 - Killing PID=849265 → changpy   849265  100  0.1 37724532 239960 pts/103 Sl+ 22:22   8:22 /usr/lib/jvm/java-8-openjdk-amd64/jre/bin/java -classpath /usr/share/ant/lib/ant-launcher.jar -Dant.home=/usr/share/ant -Dant.library.dir=/usr/share/ant/lib org.apache.tools.ant.launch.Launcher -cp  -f /data3/cpy/MutAGENTest/mutantsgen/Wukong/defects4j/framework/projects/defects4j.build.xml -Dd4j.home=/data3/cpy/MutAGENTest/mutantsgen/Wukong/defects4j -Dd4j.dir.projects=/data3/cpy/MutAGENTest/mutantsgen/Wukong/defects4j/framework/projects -Dbasedir=/data3/cpy/MutAGENTest/src/defects4j_fixed/Compress/Compress_17_fixed -DOUTFILE=/data3/cpy/MutAGENTest/src/defects4j_fixed/Compress/Compress_17_fixed/failing_tests -Dd4j.test.dir=/data3/cpy/MutAGENTest/src/defects4j_fixed/Compress/Compress_17_fixed/.test_suite -Dd4j.test.include=*.java run.gen.tests
2025-05-15 22:30:39,558 - 由于超时，已删除测试方法: testParseOctal_NullByteInMiddle
2025-05-15 22:36:27,756 - 执行测试超时，尝试删除最后一个测试方法后重试..., ./defects4j_fixed/Math/Math_44_fixed
2025-05-15 22:36:27,756 - terminating..., ./defects4j_fixed/Math/Math_44_fixed
2025-05-15 22:36:27,758 - terminating..., ./defects4j_fixed/Math/Math_44_fixed
2025-05-15 22:36:27,758 - Math_44_fixed
2025-05-15 22:36:27,807 - Killing PID=876236 → changpy   876236  0.0  0.0  12864  3588 pts/96   S+   22:28   0:00 sh -c cd /data3/cpy/MutAGENTest/src/defects4j_fixed/Math/Math_44_fixed && ant -f /data3/cpy/MutAGENTest/mutantsgen/Wukong/defects4j/framework/projects/defects4j.build.xml -Dd4j.home=/data3/cpy/MutAGENTest/mutantsgen/Wukong/defects4j -Dd4j.dir.projects=/data3/cpy/MutAGENTest/mutantsgen/Wukong/defects4j/framework/projects -Dbasedir=/data3/cpy/MutAGENTest/src/defects4j_fixed/Math/Math_44_fixed -DOUTFILE=/data3/cpy/MutAGENTest/src/defects4j_fixed/Math/Math_44_fixed/failing_tests -Dd4j.test.dir=/data3/cpy/MutAGENTest/src/defects4j_fixed/Math/Math_44_fixed/.test_suite -Dd4j.test.include=*.java  run.gen.tests 2>&1
2025-05-15 22:36:27,808 - Killing PID=876237 → changpy   876237  694 14.4 37737004 28557984 pts/96 Sl+ 22:28  57:39 /usr/lib/jvm/java-8-openjdk-amd64/jre/bin/java -classpath /usr/share/ant/lib/ant-launcher.jar -Dant.home=/usr/share/ant -Dant.library.dir=/usr/share/ant/lib org.apache.tools.ant.launch.Launcher -cp  -f /data3/cpy/MutAGENTest/mutantsgen/Wukong/defects4j/framework/projects/defects4j.build.xml -Dd4j.home=/data3/cpy/MutAGENTest/mutantsgen/Wukong/defects4j -Dd4j.dir.projects=/data3/cpy/MutAGENTest/mutantsgen/Wukong/defects4j/framework/projects -Dbasedir=/data3/cpy/MutAGENTest/src/defects4j_fixed/Math/Math_44_fixed -DOUTFILE=/data3/cpy/MutAGENTest/src/defects4j_fixed/Math/Math_44_fixed/failing_tests -Dd4j.test.dir=/data3/cpy/MutAGENTest/src/defects4j_fixed/Math/Math_44_fixed/.test_suite -Dd4j.test.include=*.java run.gen.tests
2025-05-15 22:36:27,873 - 由于超时，已删除测试方法: testAcceptStep_EventRequestsReset
2025-05-15 22:43:24,348 - 执行测试超时，尝试删除最后一个测试方法后重试..., ./defects4j_fixed/Compress/Compress_17_fixed
2025-05-15 22:43:24,348 - terminating..., ./defects4j_fixed/Compress/Compress_17_fixed
2025-05-15 22:43:24,349 - terminating..., ./defects4j_fixed/Compress/Compress_17_fixed
2025-05-15 22:43:24,349 - Compress_17_fixed
2025-05-15 22:43:24,392 - Killing PID=912669 → changpy   912669  0.0  0.0  12864  3400 pts/103  S+   22:35   0:00 sh -c cd /data3/cpy/MutAGENTest/src/defects4j_fixed/Compress/Compress_17_fixed && ant -f /data3/cpy/MutAGENTest/mutantsgen/Wukong/defects4j/framework/projects/defects4j.build.xml -Dd4j.home=/data3/cpy/MutAGENTest/mutantsgen/Wukong/defects4j -Dd4j.dir.projects=/data3/cpy/MutAGENTest/mutantsgen/Wukong/defects4j/framework/projects -Dbasedir=/data3/cpy/MutAGENTest/src/defects4j_fixed/Compress/Compress_17_fixed -DOUTFILE=/data3/cpy/MutAGENTest/src/defects4j_fixed/Compress/Compress_17_fixed/failing_tests -Dd4j.test.dir=/data3/cpy/MutAGENTest/src/defects4j_fixed/Compress/Compress_17_fixed/.test_suite -Dd4j.test.include=*.java  run.gen.tests 2>&1
2025-05-15 22:43:24,392 - Killing PID=912670 → changpy   912670  100  0.1 37724532 243072 pts/103 Sl+ 22:35   8:22 /usr/lib/jvm/java-8-openjdk-amd64/jre/bin/java -classpath /usr/share/ant/lib/ant-launcher.jar -Dant.home=/usr/share/ant -Dant.library.dir=/usr/share/ant/lib org.apache.tools.ant.launch.Launcher -cp  -f /data3/cpy/MutAGENTest/mutantsgen/Wukong/defects4j/framework/projects/defects4j.build.xml -Dd4j.home=/data3/cpy/MutAGENTest/mutantsgen/Wukong/defects4j -Dd4j.dir.projects=/data3/cpy/MutAGENTest/mutantsgen/Wukong/defects4j/framework/projects -Dbasedir=/data3/cpy/MutAGENTest/src/defects4j_fixed/Compress/Compress_17_fixed -DOUTFILE=/data3/cpy/MutAGENTest/src/defects4j_fixed/Compress/Compress_17_fixed/failing_tests -Dd4j.test.dir=/data3/cpy/MutAGENTest/src/defects4j_fixed/Compress/Compress_17_fixed/.test_suite -Dd4j.test.include=*.java run.gen.tests
2025-05-15 22:43:24,426 - 由于超时，已删除测试方法: testParseOctal_MultipleLeadingSpaces
2025-05-15 22:44:49,805 - 执行测试超时，尝试删除最后一个测试方法后重试..., ./defects4j_fixed/Math/Math_44_fixed
2025-05-15 22:44:49,806 - terminating..., ./defects4j_fixed/Math/Math_44_fixed
2025-05-15 22:44:49,808 - terminating..., ./defects4j_fixed/Math/Math_44_fixed
2025-05-15 22:44:49,809 - Math_44_fixed
2025-05-15 22:44:49,870 - Killing PID=926914 → changpy   926914  0.0  0.0  12864  3488 pts/96   S+   22:36   0:00 sh -c cd /data3/cpy/MutAGENTest/src/defects4j_fixed/Math/Math_44_fixed && ant -f /data3/cpy/MutAGENTest/mutantsgen/Wukong/defects4j/framework/projects/defects4j.build.xml -Dd4j.home=/data3/cpy/MutAGENTest/mutantsgen/Wukong/defects4j -Dd4j.dir.projects=/data3/cpy/MutAGENTest/mutantsgen/Wukong/defects4j/framework/projects -Dbasedir=/data3/cpy/MutAGENTest/src/defects4j_fixed/Math/Math_44_fixed -DOUTFILE=/data3/cpy/MutAGENTest/src/defects4j_fixed/Math/Math_44_fixed/failing_tests -Dd4j.test.dir=/data3/cpy/MutAGENTest/src/defects4j_fixed/Math/Math_44_fixed/.test_suite -Dd4j.test.include=*.java  run.gen.tests 2>&1
2025-05-15 22:44:49,870 - Killing PID=926915 → changpy   926915  731 13.7 37737004 27199720 pts/96 Sl+ 22:36  60:40 /usr/lib/jvm/java-8-openjdk-amd64/jre/bin/java -classpath /usr/share/ant/lib/ant-launcher.jar -Dant.home=/usr/share/ant -Dant.library.dir=/usr/share/ant/lib org.apache.tools.ant.launch.Launcher -cp  -f /data3/cpy/MutAGENTest/mutantsgen/Wukong/defects4j/framework/projects/defects4j.build.xml -Dd4j.home=/data3/cpy/MutAGENTest/mutantsgen/Wukong/defects4j -Dd4j.dir.projects=/data3/cpy/MutAGENTest/mutantsgen/Wukong/defects4j/framework/projects -Dbasedir=/data3/cpy/MutAGENTest/src/defects4j_fixed/Math/Math_44_fixed -DOUTFILE=/data3/cpy/MutAGENTest/src/defects4j_fixed/Math/Math_44_fixed/failing_tests -Dd4j.test.dir=/data3/cpy/MutAGENTest/src/defects4j_fixed/Math/Math_44_fixed/.test_suite -Dd4j.test.include=*.java run.gen.tests
2025-05-15 22:44:49,926 - 由于超时，已删除测试方法: testAcceptStep_BackwardIntegration
2025-05-15 22:52:39,359 - alive ./defects4j_fixed/Compress/Compress_20_fixed/src/main/java/org/apache/commons/compress/archivers/cpio/CpioArchiveInputStream.java
2025-05-15 22:53:11,897 - 执行测试超时，尝试删除最后一个测试方法后重试..., ./defects4j_fixed/Math/Math_44_fixed
2025-05-15 22:53:11,898 - terminating..., ./defects4j_fixed/Math/Math_44_fixed
2025-05-15 22:53:11,900 - terminating..., ./defects4j_fixed/Math/Math_44_fixed
2025-05-15 22:53:11,900 - Math_44_fixed
2025-05-15 22:53:11,942 - Killing PID=997329 → changpy   997329  0.0  0.0  12864  3268 pts/96   S+   22:44   0:00 sh -c cd /data3/cpy/MutAGENTest/src/defects4j_fixed/Math/Math_44_fixed && ant -f /data3/cpy/MutAGENTest/mutantsgen/Wukong/defects4j/framework/projects/defects4j.build.xml -Dd4j.home=/data3/cpy/MutAGENTest/mutantsgen/Wukong/defects4j -Dd4j.dir.projects=/data3/cpy/MutAGENTest/mutantsgen/Wukong/defects4j/framework/projects -Dbasedir=/data3/cpy/MutAGENTest/src/defects4j_fixed/Math/Math_44_fixed -DOUTFILE=/data3/cpy/MutAGENTest/src/defects4j_fixed/Math/Math_44_fixed/failing_tests -Dd4j.test.dir=/data3/cpy/MutAGENTest/src/defects4j_fixed/Math/Math_44_fixed/.test_suite -Dd4j.test.include=*.java  run.gen.tests 2>&1
2025-05-15 22:53:11,942 - Killing PID=997331 → changpy   997331  696 14.2 37737004 28086196 pts/96 Sl+ 22:44  57:48 /usr/lib/jvm/java-8-openjdk-amd64/jre/bin/java -classpath /usr/share/ant/lib/ant-launcher.jar -Dant.home=/usr/share/ant -Dant.library.dir=/usr/share/ant/lib org.apache.tools.ant.launch.Launcher -cp  -f /data3/cpy/MutAGENTest/mutantsgen/Wukong/defects4j/framework/projects/defects4j.build.xml -Dd4j.home=/data3/cpy/MutAGENTest/mutantsgen/Wukong/defects4j -Dd4j.dir.projects=/data3/cpy/MutAGENTest/mutantsgen/Wukong/defects4j/framework/projects -Dbasedir=/data3/cpy/MutAGENTest/src/defects4j_fixed/Math/Math_44_fixed -DOUTFILE=/data3/cpy/MutAGENTest/src/defects4j_fixed/Math/Math_44_fixed/failing_tests -Dd4j.test.dir=/data3/cpy/MutAGENTest/src/defects4j_fixed/Math/Math_44_fixed/.test_suite -Dd4j.test.include=*.java run.gen.tests
2025-05-15 22:53:12,000 - 由于超时，已删除测试方法: testAcceptStep_WithSingleEvent
2025-05-15 22:56:25,935 - alive ./defects4j_fixed/Compress/Compress_21_fixed/src/main/java/org/apache/commons/compress/archivers/sevenz/SevenZOutputFile.java
2025-05-15 23:07:11,655 - alive ./defects4j_fixed/Math/Math_53_fixed/src/main/java/org/apache/commons/math/complex/Complex.java
2025-05-15 23:09:46,329 - 执行测试超时，尝试删除最后一个测试方法后重试..., ./defects4j_fixed/Math/Math_44_fixed
2025-05-15 23:09:46,330 - terminating..., ./defects4j_fixed/Math/Math_44_fixed
2025-05-15 23:09:46,331 - terminating..., ./defects4j_fixed/Math/Math_44_fixed
2025-05-15 23:09:46,331 - Math_44_fixed
2025-05-15 23:09:46,375 - Killing PID=1201884 → changpy  1201884  0.0  0.0  12864  3416 pts/96   S+   23:01   0:00 sh -c cd /data3/cpy/MutAGENTest/src/defects4j_fixed/Math/Math_44_fixed && ant -f /data3/cpy/MutAGENTest/mutantsgen/Wukong/defects4j/framework/projects/defects4j.build.xml -Dd4j.home=/data3/cpy/MutAGENTest/mutantsgen/Wukong/defects4j -Dd4j.dir.projects=/data3/cpy/MutAGENTest/mutantsgen/Wukong/defects4j/framework/projects -Dbasedir=/data3/cpy/MutAGENTest/src/defects4j_fixed/Math/Math_44_fixed -DOUTFILE=/data3/cpy/MutAGENTest/src/defects4j_fixed/Math/Math_44_fixed/failing_tests -Dd4j.test.dir=/data3/cpy/MutAGENTest/src/defects4j_fixed/Math/Math_44_fixed/.test_suite -Dd4j.test.include=*.java  run.gen.tests 2>&1
2025-05-15 23:09:46,375 - Killing PID=1201885 → changpy  1201885  673 13.9 37737004 27504184 pts/96 Sl+ 23:01  56:00 /usr/lib/jvm/java-8-openjdk-amd64/jre/bin/java -classpath /usr/share/ant/lib/ant-launcher.jar -Dant.home=/usr/share/ant -Dant.library.dir=/usr/share/ant/lib org.apache.tools.ant.launch.Launcher -cp  -f /data3/cpy/MutAGENTest/mutantsgen/Wukong/defects4j/framework/projects/defects4j.build.xml -Dd4j.home=/data3/cpy/MutAGENTest/mutantsgen/Wukong/defects4j -Dd4j.dir.projects=/data3/cpy/MutAGENTest/mutantsgen/Wukong/defects4j/framework/projects -Dbasedir=/data3/cpy/MutAGENTest/src/defects4j_fixed/Math/Math_44_fixed -DOUTFILE=/data3/cpy/MutAGENTest/src/defects4j_fixed/Math/Math_44_fixed/failing_tests -Dd4j.test.dir=/data3/cpy/MutAGENTest/src/defects4j_fixed/Math/Math_44_fixed/.test_suite -Dd4j.test.include=*.java run.gen.tests
2025-05-15 23:09:46,432 - 由于超时，已删除测试方法: testAcceptStep_ArrayCopyMutation
2025-05-15 23:15:33,688 - alive ./defects4j_fixed/Math/Math_54_fixed/src/main/java/org/apache/commons/math/dfp/Dfp.java
2025-05-15 23:21:52,674 - alive ./defects4j_fixed/Math/Math_55_fixed/src/main/java/org/apache/commons/math/geometry/Vector3D.java
2025-05-15 23:23:16,195 - 执行测试超时，尝试删除最后一个测试方法后重试..., ./defects4j_fixed/Math/Math_44_fixed
2025-05-15 23:23:16,196 - terminating..., ./defects4j_fixed/Math/Math_44_fixed
2025-05-15 23:23:16,206 - terminating..., ./defects4j_fixed/Math/Math_44_fixed
2025-05-15 23:23:16,212 - Math_44_fixed
2025-05-15 23:23:16,268 - Killing PID=1354908 → changpy  1354908  0.0  0.0  12864  3424 pts/96   S+   23:14   0:00 sh -c cd /data3/cpy/MutAGENTest/src/defects4j_fixed/Math/Math_44_fixed && ant -f /data3/cpy/MutAGENTest/mutantsgen/Wukong/defects4j/framework/projects/defects4j.build.xml -Dd4j.home=/data3/cpy/MutAGENTest/mutantsgen/Wukong/defects4j -Dd4j.dir.projects=/data3/cpy/MutAGENTest/mutantsgen/Wukong/defects4j/framework/projects -Dbasedir=/data3/cpy/MutAGENTest/src/defects4j_fixed/Math/Math_44_fixed -DOUTFILE=/data3/cpy/MutAGENTest/src/defects4j_fixed/Math/Math_44_fixed/failing_tests -Dd4j.test.dir=/data3/cpy/MutAGENTest/src/defects4j_fixed/Math/Math_44_fixed/.test_suite -Dd4j.test.include=*.java  run.gen.tests 2>&1
2025-05-15 23:23:16,269 - Killing PID=1354909 → changpy  1354909  679 13.9 37737004 27464500 pts/96 Sl+ 23:14  56:30 /usr/lib/jvm/java-8-openjdk-amd64/jre/bin/java -classpath /usr/share/ant/lib/ant-launcher.jar -Dant.home=/usr/share/ant -Dant.library.dir=/usr/share/ant/lib org.apache.tools.ant.launch.Launcher -cp  -f /data3/cpy/MutAGENTest/mutantsgen/Wukong/defects4j/framework/projects/defects4j.build.xml -Dd4j.home=/data3/cpy/MutAGENTest/mutantsgen/Wukong/defects4j -Dd4j.dir.projects=/data3/cpy/MutAGENTest/mutantsgen/Wukong/defects4j/framework/projects -Dbasedir=/data3/cpy/MutAGENTest/src/defects4j_fixed/Math/Math_44_fixed -DOUTFILE=/data3/cpy/MutAGENTest/src/defects4j_fixed/Math/Math_44_fixed/failing_tests -Dd4j.test.dir=/data3/cpy/MutAGENTest/src/defects4j_fixed/Math/Math_44_fixed/.test_suite -Dd4j.test.include=*.java run.gen.tests
2025-05-15 23:23:16,333 - 由于超时，已删除测试方法: testAcceptStepDetectsArrayCopyMutant
2025-05-15 23:33:25,601 - alive ./defects4j_fixed/Compress/Compress_22_fixed/src/main/java/org/apache/commons/compress/compressors/bzip2/BZip2CompressorInputStream.java
2025-05-15 23:42:16,744 - alive ./defects4j_fixed/Math/Math_56_fixed/src/main/java/org/apache/commons/math/util/MultidimensionalCounter.java
2025-05-15 23:48:31,751 - 执行测试超时，尝试删除最后一个测试方法后重试..., ./defects4j_fixed/Math/Math_44_fixed
2025-05-15 23:48:31,751 - terminating..., ./defects4j_fixed/Math/Math_44_fixed
2025-05-15 23:48:31,753 - terminating..., ./defects4j_fixed/Math/Math_44_fixed
2025-05-15 23:48:31,753 - Math_44_fixed
2025-05-15 23:48:31,795 - Killing PID=1627317 → changpy  1627317  0.0  0.0  12864  3480 pts/96   S+   23:40   0:00 sh -c cd /data3/cpy/MutAGENTest/src/defects4j_fixed/Math/Math_44_fixed && ant -f /data3/cpy/MutAGENTest/mutantsgen/Wukong/defects4j/framework/projects/defects4j.build.xml -Dd4j.home=/data3/cpy/MutAGENTest/mutantsgen/Wukong/defects4j -Dd4j.dir.projects=/data3/cpy/MutAGENTest/mutantsgen/Wukong/defects4j/framework/projects -Dbasedir=/data3/cpy/MutAGENTest/src/defects4j_fixed/Math/Math_44_fixed -DOUTFILE=/data3/cpy/MutAGENTest/src/defects4j_fixed/Math/Math_44_fixed/failing_tests -Dd4j.test.dir=/data3/cpy/MutAGENTest/src/defects4j_fixed/Math/Math_44_fixed/.test_suite -Dd4j.test.include=*.java  run.gen.tests 2>&1
2025-05-15 23:48:31,795 - Killing PID=1627318 → changpy  1627318  654 14.3 37737004 28337216 pts/96 Sl+ 23:40  54:17 /usr/lib/jvm/java-8-openjdk-amd64/jre/bin/java -classpath /usr/share/ant/lib/ant-launcher.jar -Dant.home=/usr/share/ant -Dant.library.dir=/usr/share/ant/lib org.apache.tools.ant.launch.Launcher -cp  -f /data3/cpy/MutAGENTest/mutantsgen/Wukong/defects4j/framework/projects/defects4j.build.xml -Dd4j.home=/data3/cpy/MutAGENTest/mutantsgen/Wukong/defects4j -Dd4j.dir.projects=/data3/cpy/MutAGENTest/mutantsgen/Wukong/defects4j/framework/projects -Dbasedir=/data3/cpy/MutAGENTest/src/defects4j_fixed/Math/Math_44_fixed -DOUTFILE=/data3/cpy/MutAGENTest/src/defects4j_fixed/Math/Math_44_fixed/failing_tests -Dd4j.test.dir=/data3/cpy/MutAGENTest/src/defects4j_fixed/Math/Math_44_fixed/.test_suite -Dd4j.test.include=*.java run.gen.tests
2025-05-15 23:48:31,969 - 由于超时，已删除测试方法: testAcceptStep_EventHandlingUsesCorrectStateArray
2025-05-15 23:54:23,281 - alive ./defects4j_fixed/Compress/Compress_23_fixed/src/main/java/org/apache/commons/compress/archivers/sevenz/Coders.java
2025-05-15 23:55:14,201 - alive ./defects4j_fixed/Math/Math_57_fixed/src/main/java/org/apache/commons/math/stat/clustering/KMeansPlusPlusClusterer.java
2025-05-16 00:07:59,667 - alive ./defects4j_fixed/Math/Math_57_fixed/src/main/java/org/apache/commons/math/stat/clustering/KMeansPlusPlusClusterer.java
2025-05-16 00:15:50,007 - alive ./defects4j_fixed/Compress/Compress_24_fixed/src/main/java/org/apache/commons/compress/archivers/tar/TarUtils.java
2025-05-16 00:18:40,160 - alive ./defects4j_fixed/Math/Math_58_fixed/src/main/java/org/apache/commons/math/optimization/fitting/GaussianFitter.java
2025-05-16 00:28:58,235 - alive ./defects4j_fixed/Compress/Compress_25_fixed/src/main/java/org/apache/commons/compress/archivers/zip/ZipArchiveInputStream.java
2025-05-16 00:30:58,665 - 执行测试超时，尝试删除最后一个测试方法后重试..., ./defects4j_fixed/Math/Math_44_fixed
2025-05-16 00:30:58,666 - terminating..., ./defects4j_fixed/Math/Math_44_fixed
2025-05-16 00:30:58,667 - terminating..., ./defects4j_fixed/Math/Math_44_fixed
2025-05-16 00:30:58,668 - Math_44_fixed
2025-05-16 00:30:58,711 - Killing PID=2073581 → changpy  2073581  0.0  0.0  12864  3420 pts/96   S+   00:22   0:00 sh -c cd /data3/cpy/MutAGENTest/src/defects4j_fixed/Math/Math_44_fixed && ant -f /data3/cpy/MutAGENTest/mutantsgen/Wukong/defects4j/framework/projects/defects4j.build.xml -Dd4j.home=/data3/cpy/MutAGENTest/mutantsgen/Wukong/defects4j -Dd4j.dir.projects=/data3/cpy/MutAGENTest/mutantsgen/Wukong/defects4j/framework/projects -Dbasedir=/data3/cpy/MutAGENTest/src/defects4j_fixed/Math/Math_44_fixed -DOUTFILE=/data3/cpy/MutAGENTest/src/defects4j_fixed/Math/Math_44_fixed/failing_tests -Dd4j.test.dir=/data3/cpy/MutAGENTest/src/defects4j_fixed/Math/Math_44_fixed/.test_suite -Dd4j.test.include=*.java  run.gen.tests 2>&1
2025-05-16 00:30:58,711 - Killing PID=2073582 → changpy  2073582  689 13.4 37737004 26529708 pts/96 Sl+ 00:22  57:14 /usr/lib/jvm/java-8-openjdk-amd64/jre/bin/java -classpath /usr/share/ant/lib/ant-launcher.jar -Dant.home=/usr/share/ant -Dant.library.dir=/usr/share/ant/lib org.apache.tools.ant.launch.Launcher -cp  -f /data3/cpy/MutAGENTest/mutantsgen/Wukong/defects4j/framework/projects/defects4j.build.xml -Dd4j.home=/data3/cpy/MutAGENTest/mutantsgen/Wukong/defects4j -Dd4j.dir.projects=/data3/cpy/MutAGENTest/mutantsgen/Wukong/defects4j/framework/projects -Dbasedir=/data3/cpy/MutAGENTest/src/defects4j_fixed/Math/Math_44_fixed -DOUTFILE=/data3/cpy/MutAGENTest/src/defects4j_fixed/Math/Math_44_fixed/failing_tests -Dd4j.test.dir=/data3/cpy/MutAGENTest/src/defects4j_fixed/Math/Math_44_fixed/.test_suite -Dd4j.test.include=*.java run.gen.tests
2025-05-16 00:30:59,181 - 由于超时，已删除测试方法: testAcceptStep_DetectsDerivativeComputationTimeMutation
2025-05-16 00:36:20,273 - 执行测试超时，尝试删除最后一个测试方法后重试..., ./defects4j_fixed/Math/Math_51_fixed
2025-05-16 00:36:20,274 - terminating..., ./defects4j_fixed/Math/Math_51_fixed
2025-05-16 00:36:20,275 - terminating..., ./defects4j_fixed/Math/Math_51_fixed
2025-05-16 00:36:20,275 - Math_51_fixed
2025-05-16 00:36:20,315 - Killing PID=2131814 → changpy  2131814  0.0  0.0  12864  3464 pts/96   S+   00:28   0:00 sh -c cd /data3/cpy/MutAGENTest/src/defects4j_fixed/Math/Math_51_fixed && ant -f /data3/cpy/MutAGENTest/mutantsgen/Wukong/defects4j/framework/projects/defects4j.build.xml -Dd4j.home=/data3/cpy/MutAGENTest/mutantsgen/Wukong/defects4j -Dd4j.dir.projects=/data3/cpy/MutAGENTest/mutantsgen/Wukong/defects4j/framework/projects -Dbasedir=/data3/cpy/MutAGENTest/src/defects4j_fixed/Math/Math_51_fixed -DOUTFILE=/data3/cpy/MutAGENTest/src/defects4j_fixed/Math/Math_51_fixed/failing_tests -Dd4j.test.dir=/data3/cpy/MutAGENTest/src/defects4j_fixed/Math/Math_51_fixed/.test_suite -Dd4j.test.include=*.java  run.gen.tests 2>&1
2025-05-16 00:36:20,315 - Killing PID=2131815 → changpy  2131815  101  0.1 37737004 323380 pts/96 Sl+ 00:28   8:25 /usr/lib/jvm/java-8-openjdk-amd64/jre/bin/java -classpath /usr/share/ant/lib/ant-launcher.jar -Dant.home=/usr/share/ant -Dant.library.dir=/usr/share/ant/lib org.apache.tools.ant.launch.Launcher -cp  -f /data3/cpy/MutAGENTest/mutantsgen/Wukong/defects4j/framework/projects/defects4j.build.xml -Dd4j.home=/data3/cpy/MutAGENTest/mutantsgen/Wukong/defects4j -Dd4j.dir.projects=/data3/cpy/MutAGENTest/mutantsgen/Wukong/defects4j/framework/projects -Dbasedir=/data3/cpy/MutAGENTest/src/defects4j_fixed/Math/Math_51_fixed -DOUTFILE=/data3/cpy/MutAGENTest/src/defects4j_fixed/Math/Math_51_fixed/failing_tests -Dd4j.test.dir=/data3/cpy/MutAGENTest/src/defects4j_fixed/Math/Math_51_fixed/.test_suite -Dd4j.test.include=*.java run.gen.tests
2025-05-16 00:36:20,462 - 由于超时，已删除测试方法: testRegulaFalsiNoProgressUsesAbsoluteAccuracy
2025-05-16 00:37:39,886 - alive ./defects4j_fixed/Compress/Compress_26_fixed/src/main/java/org/apache/commons/compress/utils/IOUtils.java
2025-05-16 00:39:52,937 - alive ./defects4j_fixed/Compress/Compress_27_fixed/src/main/java/org/apache/commons/compress/archivers/tar/TarUtils.java
2025-05-16 00:46:36,063 - alive ./defects4j_fixed/Math/Math_59_fixed/src/main/java/org/apache/commons/math/util/FastMath.java
2025-05-16 00:49:21,873 - alive ./defects4j_fixed/Compress/Compress_28_fixed/src/main/java/org/apache/commons/compress/archivers/tar/TarArchiveInputStream.java
2025-05-16 00:52:50,032 - 执行测试超时，尝试删除最后一个测试方法后重试..., ./defects4j_fixed/Math/Math_44_fixed
2025-05-16 00:52:50,032 - terminating..., ./defects4j_fixed/Math/Math_44_fixed
2025-05-16 00:52:50,033 - terminating..., ./defects4j_fixed/Math/Math_44_fixed
2025-05-16 00:52:50,033 - Math_44_fixed
2025-05-16 00:52:50,080 - Killing PID=2300276 → changpy  2300276  0.0  0.0  12864  3356 pts/96   S+   00:44   0:00 sh -c cd /data3/cpy/MutAGENTest/src/defects4j_fixed/Math/Math_44_fixed && ant -f /data3/cpy/MutAGENTest/mutantsgen/Wukong/defects4j/framework/projects/defects4j.build.xml -Dd4j.home=/data3/cpy/MutAGENTest/mutantsgen/Wukong/defects4j -Dd4j.dir.projects=/data3/cpy/MutAGENTest/mutantsgen/Wukong/defects4j/framework/projects -Dbasedir=/data3/cpy/MutAGENTest/src/defects4j_fixed/Math/Math_44_fixed -DOUTFILE=/data3/cpy/MutAGENTest/src/defects4j_fixed/Math/Math_44_fixed/failing_tests -Dd4j.test.dir=/data3/cpy/MutAGENTest/src/defects4j_fixed/Math/Math_44_fixed/.test_suite -Dd4j.test.include=*.java  run.gen.tests 2>&1
2025-05-16 00:52:50,080 - Killing PID=2300278 → changpy  2300278  663 14.8 37737004 29290068 pts/96 Sl+ 00:44  55:02 /usr/lib/jvm/java-8-openjdk-amd64/jre/bin/java -classpath /usr/share/ant/lib/ant-launcher.jar -Dant.home=/usr/share/ant -Dant.library.dir=/usr/share/ant/lib org.apache.tools.ant.launch.Launcher -cp  -f /data3/cpy/MutAGENTest/mutantsgen/Wukong/defects4j/framework/projects/defects4j.build.xml -Dd4j.home=/data3/cpy/MutAGENTest/mutantsgen/Wukong/defects4j -Dd4j.dir.projects=/data3/cpy/MutAGENTest/mutantsgen/Wukong/defects4j/framework/projects -Dbasedir=/data3/cpy/MutAGENTest/src/defects4j_fixed/Math/Math_44_fixed -DOUTFILE=/data3/cpy/MutAGENTest/src/defects4j_fixed/Math/Math_44_fixed/failing_tests -Dd4j.test.dir=/data3/cpy/MutAGENTest/src/defects4j_fixed/Math/Math_44_fixed/.test_suite -Dd4j.test.include=*.java run.gen.tests
2025-05-16 00:52:50,363 - 由于超时，已删除测试方法: testAcceptStep_DetectsMutatedEventTime1
2025-05-16 00:53:49,637 - alive ./defects4j_fixed/Math/Math_60_fixed/src/main/java/org/apache/commons/math/distribution/NormalDistributionImpl.java
2025-05-16 01:00:13,237 - 执行测试超时，尝试删除最后一个测试方法后重试..., ./defects4j_fixed/Math/Math_57_fixed
2025-05-16 01:00:13,238 - terminating..., ./defects4j_fixed/Math/Math_57_fixed
2025-05-16 01:00:13,239 - terminating..., ./defects4j_fixed/Math/Math_57_fixed
2025-05-16 01:00:13,239 - Math_57_fixed
2025-05-16 01:00:13,283 - Killing PID=2378867 → changpy  2378867  0.0  0.0  12864  3392 pts/96   S+   00:51   0:00 sh -c cd /data3/cpy/MutAGENTest/src/defects4j_fixed/Math/Math_57_fixed && ant -f /data3/cpy/MutAGENTest/mutantsgen/Wukong/defects4j/framework/projects/defects4j.build.xml -Dd4j.home=/data3/cpy/MutAGENTest/mutantsgen/Wukong/defects4j -Dd4j.dir.projects=/data3/cpy/MutAGENTest/mutantsgen/Wukong/defects4j/framework/projects -Dbasedir=/data3/cpy/MutAGENTest/src/defects4j_fixed/Math/Math_57_fixed -DOUTFILE=/data3/cpy/MutAGENTest/src/defects4j_fixed/Math/Math_57_fixed/failing_tests -Dd4j.test.dir=/data3/cpy/MutAGENTest/src/defects4j_fixed/Math/Math_57_fixed/.test_suite -Dd4j.test.include=*.java  run.gen.tests 2>&1
2025-05-16 01:00:13,283 - Killing PID=2378868 → changpy  2378868  101  0.1 37737004 302512 pts/96 Sl+ 00:51   8:25 /usr/lib/jvm/java-8-openjdk-amd64/jre/bin/java -classpath /usr/share/ant/lib/ant-launcher.jar -Dant.home=/usr/share/ant -Dant.library.dir=/usr/share/ant/lib org.apache.tools.ant.launch.Launcher -cp  -f /data3/cpy/MutAGENTest/mutantsgen/Wukong/defects4j/framework/projects/defects4j.build.xml -Dd4j.home=/data3/cpy/MutAGENTest/mutantsgen/Wukong/defects4j -Dd4j.dir.projects=/data3/cpy/MutAGENTest/mutantsgen/Wukong/defects4j/framework/projects -Dbasedir=/data3/cpy/MutAGENTest/src/defects4j_fixed/Math/Math_57_fixed -DOUTFILE=/data3/cpy/MutAGENTest/src/defects4j_fixed/Math/Math_57_fixed/failing_tests -Dd4j.test.dir=/data3/cpy/MutAGENTest/src/defects4j_fixed/Math/Math_57_fixed/.test_suite -Dd4j.test.include=*.java run.gen.tests
2025-05-16 01:00:13,344 - 由于超时，已删除测试方法: testChooseInitialCenters_ValidInput
2025-05-16 01:02:53,776 - alive ./defects4j_fixed/Compress/Compress_23_fixed/src/main/java/org/apache/commons/compress/archivers/sevenz/Coders.java
2025-05-16 01:09:03,705 - alive ./defects4j_fixed/Math/Math_61_fixed/src/main/java/org/apache/commons/math/distribution/PoissonDistributionImpl.java
2025-05-16 01:12:05,581 - 执行测试超时，尝试删除最后一个测试方法后重试..., ./defects4j_fixed/Math/Math_44_fixed
2025-05-16 01:12:05,582 - terminating..., ./defects4j_fixed/Math/Math_44_fixed
2025-05-16 01:12:05,584 - terminating..., ./defects4j_fixed/Math/Math_44_fixed
2025-05-16 01:12:05,584 - Math_44_fixed
2025-05-16 01:12:05,626 - Killing PID=2520337 → changpy  2520337  0.0  0.0  12864  3404 pts/96   S+   01:03   0:00 sh -c cd /data3/cpy/MutAGENTest/src/defects4j_fixed/Math/Math_44_fixed && ant -f /data3/cpy/MutAGENTest/mutantsgen/Wukong/defects4j/framework/projects/defects4j.build.xml -Dd4j.home=/data3/cpy/MutAGENTest/mutantsgen/Wukong/defects4j -Dd4j.dir.projects=/data3/cpy/MutAGENTest/mutantsgen/Wukong/defects4j/framework/projects -Dbasedir=/data3/cpy/MutAGENTest/src/defects4j_fixed/Math/Math_44_fixed -DOUTFILE=/data3/cpy/MutAGENTest/src/defects4j_fixed/Math/Math_44_fixed/failing_tests -Dd4j.test.dir=/data3/cpy/MutAGENTest/src/defects4j_fixed/Math/Math_44_fixed/.test_suite -Dd4j.test.include=*.java  run.gen.tests 2>&1
2025-05-16 01:12:05,626 - Killing PID=2520338 → changpy  2520338  677 13.7 37737004 27136948 pts/96 Sl+ 01:03  56:15 /usr/lib/jvm/java-8-openjdk-amd64/jre/bin/java -classpath /usr/share/ant/lib/ant-launcher.jar -Dant.home=/usr/share/ant -Dant.library.dir=/usr/share/ant/lib org.apache.tools.ant.launch.Launcher -cp  -f /data3/cpy/MutAGENTest/mutantsgen/Wukong/defects4j/framework/projects/defects4j.build.xml -Dd4j.home=/data3/cpy/MutAGENTest/mutantsgen/Wukong/defects4j -Dd4j.dir.projects=/data3/cpy/MutAGENTest/mutantsgen/Wukong/defects4j/framework/projects -Dbasedir=/data3/cpy/MutAGENTest/src/defects4j_fixed/Math/Math_44_fixed -DOUTFILE=/data3/cpy/MutAGENTest/src/defects4j_fixed/Math/Math_44_fixed/failing_tests -Dd4j.test.dir=/data3/cpy/MutAGENTest/src/defects4j_fixed/Math/Math_44_fixed/.test_suite -Dd4j.test.include=*.java run.gen.tests
2025-05-16 01:12:06,126 - 由于超时，已删除测试方法: testAcceptStep_EventStateReceivesCorrectStateArray
2025-05-16 01:12:43,121 - 执行测试超时，尝试删除最后一个测试方法后重试..., ./defects4j_fixed/Math/Math_50_fixed
2025-05-16 01:12:43,122 - terminating..., ./defects4j_fixed/Math/Math_50_fixed
2025-05-16 01:12:43,124 - terminating..., ./defects4j_fixed/Math/Math_50_fixed
2025-05-16 01:12:43,124 - Math_50_fixed
2025-05-16 01:12:43,174 - Killing PID=2526820 → changpy  2526820  0.0  0.0  12864  3424 pts/96   S+   01:04   0:00 sh -c cd /data3/cpy/MutAGENTest/src/defects4j_fixed/Math/Math_50_fixed && ant -f /data3/cpy/MutAGENTest/mutantsgen/Wukong/defects4j/framework/projects/defects4j.build.xml -Dd4j.home=/data3/cpy/MutAGENTest/mutantsgen/Wukong/defects4j -Dd4j.dir.projects=/data3/cpy/MutAGENTest/mutantsgen/Wukong/defects4j/framework/projects -Dbasedir=/data3/cpy/MutAGENTest/src/defects4j_fixed/Math/Math_50_fixed -DOUTFILE=/data3/cpy/MutAGENTest/src/defects4j_fixed/Math/Math_50_fixed/failing_tests -Dd4j.test.dir=/data3/cpy/MutAGENTest/src/defects4j_fixed/Math/Math_50_fixed/.test_suite -Dd4j.test.include=*.java  run.gen.tests 2>&1
2025-05-16 01:12:43,174 - Killing PID=2526824 → changpy  2526824  101  0.1 37737004 342584 pts/96 Sl+ 01:04   8:25 /usr/lib/jvm/java-8-openjdk-amd64/jre/bin/java -classpath /usr/share/ant/lib/ant-launcher.jar -Dant.home=/usr/share/ant -Dant.library.dir=/usr/share/ant/lib org.apache.tools.ant.launch.Launcher -cp  -f /data3/cpy/MutAGENTest/mutantsgen/Wukong/defects4j/framework/projects/defects4j.build.xml -Dd4j.home=/data3/cpy/MutAGENTest/mutantsgen/Wukong/defects4j -Dd4j.dir.projects=/data3/cpy/MutAGENTest/mutantsgen/Wukong/defects4j/framework/projects -Dbasedir=/data3/cpy/MutAGENTest/src/defects4j_fixed/Math/Math_50_fixed -DOUTFILE=/data3/cpy/MutAGENTest/src/defects4j_fixed/Math/Math_50_fixed/failing_tests -Dd4j.test.dir=/data3/cpy/MutAGENTest/src/defects4j_fixed/Math/Math_50_fixed/.test_suite -Dd4j.test.include=*.java run.gen.tests
2025-05-16 01:12:43,504 - 由于超时，已删除测试方法: testRegulaFalsiDoesNotReturnPrematurely1
2025-05-16 01:14:06,657 - alive ./defects4j_fixed/Math/Math_62_fixed/src/main/java/org/apache/commons/math/optimization/univariate/MultiStartUnivariateRealOptimizer.java
2025-05-16 01:15:51,293 - 执行测试超时，尝试删除最后一个测试方法后重试..., ./defects4j_fixed/Math/Math_57_fixed
2025-05-16 01:15:51,294 - terminating..., ./defects4j_fixed/Math/Math_57_fixed
2025-05-16 01:15:51,296 - terminating..., ./defects4j_fixed/Math/Math_57_fixed
2025-05-16 01:15:51,296 - Math_57_fixed
2025-05-16 01:15:51,344 - Killing PID=2557893 → changpy  2557893  0.0  0.0  12864  3512 pts/96   S+   01:07   0:00 sh -c cd /data3/cpy/MutAGENTest/src/defects4j_fixed/Math/Math_57_fixed && ant -f /data3/cpy/MutAGENTest/mutantsgen/Wukong/defects4j/framework/projects/defects4j.build.xml -Dd4j.home=/data3/cpy/MutAGENTest/mutantsgen/Wukong/defects4j -Dd4j.dir.projects=/data3/cpy/MutAGENTest/mutantsgen/Wukong/defects4j/framework/projects -Dbasedir=/data3/cpy/MutAGENTest/src/defects4j_fixed/Math/Math_57_fixed -DOUTFILE=/data3/cpy/MutAGENTest/src/defects4j_fixed/Math/Math_57_fixed/failing_tests -Dd4j.test.dir=/data3/cpy/MutAGENTest/src/defects4j_fixed/Math/Math_57_fixed/.test_suite -Dd4j.test.include=*.java  run.gen.tests 2>&1
2025-05-16 01:15:51,344 - Killing PID=2557894 → changpy  2557894  101  0.1 37737004 298200 pts/96 Sl+ 01:07   8:25 /usr/lib/jvm/java-8-openjdk-amd64/jre/bin/java -classpath /usr/share/ant/lib/ant-launcher.jar -Dant.home=/usr/share/ant -Dant.library.dir=/usr/share/ant/lib org.apache.tools.ant.launch.Launcher -cp  -f /data3/cpy/MutAGENTest/mutantsgen/Wukong/defects4j/framework/projects/defects4j.build.xml -Dd4j.home=/data3/cpy/MutAGENTest/mutantsgen/Wukong/defects4j -Dd4j.dir.projects=/data3/cpy/MutAGENTest/mutantsgen/Wukong/defects4j/framework/projects -Dbasedir=/data3/cpy/MutAGENTest/src/defects4j_fixed/Math/Math_57_fixed -DOUTFILE=/data3/cpy/MutAGENTest/src/defects4j_fixed/Math/Math_57_fixed/failing_tests -Dd4j.test.dir=/data3/cpy/MutAGENTest/src/defects4j_fixed/Math/Math_57_fixed/.test_suite -Dd4j.test.include=*.java run.gen.tests
2025-05-16 01:15:51,396 - 由于超时，已删除测试方法: testChooseInitialCenters_KEqualsPointsSize
2025-05-16 01:21:41,376 - alive ./defects4j_fixed/Compress/Compress_29_fixed/src/main/java/org/apache/commons/compress/archivers/ArchiveStreamFactory.java
2025-05-16 01:33:05,970 - alive ./defects4j_fixed/Compress/Compress_30_fixed/src/main/java/org/apache/commons/compress/compressors/bzip2/BZip2CompressorInputStream.java
2025-05-16 01:35:29,959 - alive ./defects4j_fixed/Math/Math_63_fixed/src/main/java/org/apache/commons/math/util/MathUtils.java
2025-05-16 01:38:22,411 - alive ./defects4j_fixed/Math/Math_64_fixed/src/main/java/org/apache/commons/math/optimization/general/LevenbergMarquardtOptimizer.java
2025-05-16 01:50:28,150 - alive ./defects4j_fixed/Compress/Compress_31_fixed/src/main/java/org/apache/commons/compress/archivers/tar/TarUtils.java
2025-05-16 02:00:07,297 - 执行测试超时，尝试删除最后一个测试方法后重试..., ./defects4j_fixed/Math/Math_44_fixed
2025-05-16 02:00:07,298 - terminating..., ./defects4j_fixed/Math/Math_44_fixed
2025-05-16 02:00:07,300 - terminating..., ./defects4j_fixed/Math/Math_44_fixed
2025-05-16 02:00:07,300 - Math_44_fixed
2025-05-16 02:00:07,361 - Killing PID=2975468 → changpy  2975468  0.0  0.0  12864  3488 pts/96   S+   01:51   0:00 sh -c cd /data3/cpy/MutAGENTest/src/defects4j_fixed/Math/Math_44_fixed && ant -f /data3/cpy/MutAGENTest/mutantsgen/Wukong/defects4j/framework/projects/defects4j.build.xml -Dd4j.home=/data3/cpy/MutAGENTest/mutantsgen/Wukong/defects4j -Dd4j.dir.projects=/data3/cpy/MutAGENTest/mutantsgen/Wukong/defects4j/framework/projects -Dbasedir=/data3/cpy/MutAGENTest/src/defects4j_fixed/Math/Math_44_fixed -DOUTFILE=/data3/cpy/MutAGENTest/src/defects4j_fixed/Math/Math_44_fixed/failing_tests -Dd4j.test.dir=/data3/cpy/MutAGENTest/src/defects4j_fixed/Math/Math_44_fixed/.test_suite -Dd4j.test.include=*.java  run.gen.tests 2>&1
2025-05-16 02:00:07,361 - Killing PID=2975469 → changpy  2975469  663 14.7 37737004 29095688 pts/96 Sl+ 01:51  55:01 /usr/lib/jvm/java-8-openjdk-amd64/jre/bin/java -classpath /usr/share/ant/lib/ant-launcher.jar -Dant.home=/usr/share/ant -Dant.library.dir=/usr/share/ant/lib org.apache.tools.ant.launch.Launcher -cp  -f /data3/cpy/MutAGENTest/mutantsgen/Wukong/defects4j/framework/projects/defects4j.build.xml -Dd4j.home=/data3/cpy/MutAGENTest/mutantsgen/Wukong/defects4j -Dd4j.dir.projects=/data3/cpy/MutAGENTest/mutantsgen/Wukong/defects4j/framework/projects -Dbasedir=/data3/cpy/MutAGENTest/src/defects4j_fixed/Math/Math_44_fixed -DOUTFILE=/data3/cpy/MutAGENTest/src/defects4j_fixed/Math/Math_44_fixed/failing_tests -Dd4j.test.dir=/data3/cpy/MutAGENTest/src/defects4j_fixed/Math/Math_44_fixed/.test_suite -Dd4j.test.include=*.java run.gen.tests
2025-05-16 02:00:08,161 - 由于超时，已删除测试方法: testAcceptStepNotifiesAllEventsWhenResetting
2025-05-16 02:00:58,042 - alive ./defects4j_fixed/Compress/Compress_32_fixed/src/main/java/org/apache/commons/compress/archivers/tar/TarArchiveInputStream.java
2025-05-16 02:03:40,193 - alive ./defects4j_fixed/Math/Math_65_fixed/src/main/java/org/apache/commons/math/optimization/general/AbstractLeastSquaresOptimizer.java
2025-05-16 02:07:36,476 - alive ./defects4j_fixed/Compress/Compress_33_fixed/src/main/java/org/apache/commons/compress/compressors/CompressorStreamFactory.java
2025-05-16 02:14:50,177 - alive ./defects4j_fixed/Math/Math_66_fixed/src/main/java/org/apache/commons/math/optimization/univariate/BrentOptimizer.java
2025-05-16 02:16:49,936 - 执行测试超时，尝试删除最后一个测试方法后重试..., ./defects4j_fixed/Math/Math_44_fixed
2025-05-16 02:16:49,936 - terminating..., ./defects4j_fixed/Math/Math_44_fixed
2025-05-16 02:16:49,937 - terminating..., ./defects4j_fixed/Math/Math_44_fixed
2025-05-16 02:16:49,937 - Math_44_fixed
2025-05-16 02:16:49,980 - Killing PID=3175873 → changpy  3175873  0.0  0.0  12864  3508 pts/96   S+   02:08   0:00 sh -c cd /data3/cpy/MutAGENTest/src/defects4j_fixed/Math/Math_44_fixed && ant -f /data3/cpy/MutAGENTest/mutantsgen/Wukong/defects4j/framework/projects/defects4j.build.xml -Dd4j.home=/data3/cpy/MutAGENTest/mutantsgen/Wukong/defects4j -Dd4j.dir.projects=/data3/cpy/MutAGENTest/mutantsgen/Wukong/defects4j/framework/projects -Dbasedir=/data3/cpy/MutAGENTest/src/defects4j_fixed/Math/Math_44_fixed -DOUTFILE=/data3/cpy/MutAGENTest/src/defects4j_fixed/Math/Math_44_fixed/failing_tests -Dd4j.test.dir=/data3/cpy/MutAGENTest/src/defects4j_fixed/Math/Math_44_fixed/.test_suite -Dd4j.test.include=*.java  run.gen.tests 2>&1
2025-05-16 02:16:49,980 - Killing PID=3175874 → changpy  3175874  681 13.6 37737004 27008372 pts/96 Sl+ 02:08  56:32 /usr/lib/jvm/java-8-openjdk-amd64/jre/bin/java -classpath /usr/share/ant/lib/ant-launcher.jar -Dant.home=/usr/share/ant -Dant.library.dir=/usr/share/ant/lib org.apache.tools.ant.launch.Launcher -cp  -f /data3/cpy/MutAGENTest/mutantsgen/Wukong/defects4j/framework/projects/defects4j.build.xml -Dd4j.home=/data3/cpy/MutAGENTest/mutantsgen/Wukong/defects4j -Dd4j.dir.projects=/data3/cpy/MutAGENTest/mutantsgen/Wukong/defects4j/framework/projects -Dbasedir=/data3/cpy/MutAGENTest/src/defects4j_fixed/Math/Math_44_fixed -DOUTFILE=/data3/cpy/MutAGENTest/src/defects4j_fixed/Math/Math_44_fixed/failing_tests -Dd4j.test.dir=/data3/cpy/MutAGENTest/src/defects4j_fixed/Math/Math_44_fixed/.test_suite -Dd4j.test.include=*.java run.gen.tests
2025-05-16 02:16:50,626 - 由于超时，已删除测试方法: testAcceptStepNotifiesAllEventsOnStop
2025-05-16 02:17:18,121 - alive ./defects4j_fixed/Math/Math_64_fixed/src/main/java/org/apache/commons/math/optimization/general/LevenbergMarquardtOptimizer.java
2025-05-16 02:24:25,627 - alive ./defects4j_fixed/Compress/Compress_34_fixed/src/main/java/org/apache/commons/compress/archivers/zip/X7875_NewUnix.java
2025-05-16 02:34:04,045 - alive ./defects4j_fixed/Compress/Compress_35_fixed/src/main/java/org/apache/commons/compress/archivers/tar/TarUtils.java
2025-05-16 02:35:09,821 - alive ./defects4j_fixed/Math/Math_67_fixed/src/main/java/org/apache/commons/math/optimization/MultiStartUnivariateRealOptimizer.java
2025-05-16 02:37:42,590 - alive ./defects4j_fixed/Compress/Compress_36_fixed/src/main/java/org/apache/commons/compress/archivers/sevenz/SevenZFile.java
2025-05-16 02:43:59,923 - alive ./defects4j_fixed/Compress/Compress_37_fixed/src/main/java/org/apache/commons/compress/archivers/tar/TarArchiveInputStream.java
2025-05-16 02:58:36,216 - alive ./defects4j_fixed/Math/Math_68_fixed/src/main/java/org/apache/commons/math/optimization/general/LevenbergMarquardtOptimizer.java
2025-05-16 03:06:21,474 - alive ./defects4j_fixed/Compress/Compress_38_fixed/src/main/java/org/apache/commons/compress/archivers/tar/TarArchiveEntry.java
2025-05-16 03:09:53,107 - alive ./defects4j_fixed/Compress/Compress_39_fixed/src/main/java/org/apache/commons/compress/utils/ArchiveUtils.java
2025-05-16 03:18:40,422 - alive ./defects4j_fixed/Compress/Compress_40_fixed/src/main/java/org/apache/commons/compress/utils/BitInputStream.java
2025-05-16 03:24:32,496 - alive ./defects4j_fixed/Compress/Compress_41_fixed/src/main/java/org/apache/commons/compress/archivers/zip/ZipArchiveInputStream.java
2025-05-16 03:29:08,961 - alive ./defects4j_fixed/Math/Math_69_fixed/src/main/java/org/apache/commons/math/stat/correlation/PearsonsCorrelation.java
2025-05-16 03:31:39,247 - alive ./defects4j_fixed/Math/Math_70_fixed/src/main/java/org/apache/commons/math/analysis/solvers/BisectionSolver.java
2025-05-16 03:44:14,096 - alive ./defects4j_fixed/Math/Math_71_fixed/src/main/java/org/apache/commons/math/ode/nonstiff/EmbeddedRungeKuttaIntegrator.java
2025-05-16 03:48:58,612 - alive ./defects4j_fixed/Math/Math_72_fixed/src/main/java/org/apache/commons/math/analysis/solvers/BrentSolver.java
2025-05-16 03:50:40,037 - alive ./defects4j_fixed/Compress/Compress_43_fixed/src/main/java/org/apache/commons/compress/archivers/zip/ZipArchiveOutputStream.java
2025-05-16 03:52:03,721 - alive ./defects4j_fixed/Math/Math_73_fixed/src/main/java/org/apache/commons/math/analysis/solvers/BrentSolver.java
2025-05-16 04:08:44,237 - alive ./defects4j_fixed/Math/Math_66_fixed/src/main/java/org/apache/commons/math/optimization/univariate/BrentOptimizer.java
2025-05-16 04:09:22,693 - alive ./defects4j_fixed/Compress/Compress_44_fixed/src/main/java/org/apache/commons/compress/utils/ChecksumCalculatingInputStream.java
2025-05-16 04:19:49,776 - alive ./defects4j_fixed/Compress/Compress_45_fixed/src/main/java/org/apache/commons/compress/archivers/tar/TarUtils.java
2025-05-16 04:39:13,157 - alive ./defects4j_fixed/Compress/Compress_46_fixed/src/main/java/org/apache/commons/compress/archivers/zip/X5455_ExtendedTimestamp.java
2025-05-16 04:50:26,234 - alive ./defects4j_fixed/Compress/Compress_47_fixed/src/main/java/org/apache/commons/compress/archivers/zip/ZipArchiveInputStream.java
2025-05-16 04:54:40,385 - alive ./defects4j_fixed/Math/Math_74_fixed/src/main/java/org/apache/commons/math/ode/nonstiff/EmbeddedRungeKuttaIntegrator.java
2025-05-16 05:01:40,414 - alive ./defects4j_fixed/Math/Math_68_fixed/src/main/java/org/apache/commons/math/optimization/general/LevenbergMarquardtOptimizer.java
2025-05-16 05:13:07,485 - alive ./defects4j_fixed/Math/Math_75_fixed/src/main/java/org/apache/commons/math/stat/Frequency.java
2025-05-16 05:16:39,225 - alive ./defects4j_fixed/Compress/Compress_43_fixed/src/main/java/org/apache/commons/compress/archivers/zip/ZipArchiveOutputStream.java
2025-05-16 05:17:22,494 - alive ./defects4j_fixed/Math/Math_76_fixed/src/main/java/org/apache/commons/math/linear/SingularValueDecompositionImpl.java
2025-05-16 05:43:39,559 - alive ./defects4j_fixed/Math/Math_77_fixed/src/main/java/org/apache/commons/math/linear/ArrayRealVector.java
2025-05-16 05:51:53,465 - 执行测试超时，尝试删除最后一个测试方法后重试..., ./defects4j_fixed/Math/Math_51_fixed
2025-05-16 05:51:53,466 - terminating..., ./defects4j_fixed/Math/Math_51_fixed
2025-05-16 05:51:53,467 - terminating..., ./defects4j_fixed/Math/Math_51_fixed
2025-05-16 05:51:53,467 - Math_51_fixed
2025-05-16 05:51:53,510 - Killing PID=778328 → changpy   778328  0.0  0.0  12864  3480 pts/96   S+   05:43   0:00 sh -c cd /data3/cpy/MutAGENTest/src/defects4j_fixed/Math/Math_51_fixed && ant -f /data3/cpy/MutAGENTest/mutantsgen/Wukong/defects4j/framework/projects/defects4j.build.xml -Dd4j.home=/data3/cpy/MutAGENTest/mutantsgen/Wukong/defects4j -Dd4j.dir.projects=/data3/cpy/MutAGENTest/mutantsgen/Wukong/defects4j/framework/projects -Dbasedir=/data3/cpy/MutAGENTest/src/defects4j_fixed/Math/Math_51_fixed -DOUTFILE=/data3/cpy/MutAGENTest/src/defects4j_fixed/Math/Math_51_fixed/failing_tests -Dd4j.test.dir=/data3/cpy/MutAGENTest/src/defects4j_fixed/Math/Math_51_fixed/.test_suite -Dd4j.test.include=*.java  run.gen.tests 2>&1
2025-05-16 05:51:53,510 - Killing PID=778329 → changpy   778329  102  0.2 37737004 447328 pts/96 Sl+ 05:43   8:29 /usr/lib/jvm/java-8-openjdk-amd64/jre/bin/java -classpath /usr/share/ant/lib/ant-launcher.jar -Dant.home=/usr/share/ant -Dant.library.dir=/usr/share/ant/lib org.apache.tools.ant.launch.Launcher -cp  -f /data3/cpy/MutAGENTest/mutantsgen/Wukong/defects4j/framework/projects/defects4j.build.xml -Dd4j.home=/data3/cpy/MutAGENTest/mutantsgen/Wukong/defects4j -Dd4j.dir.projects=/data3/cpy/MutAGENTest/mutantsgen/Wukong/defects4j/framework/projects -Dbasedir=/data3/cpy/MutAGENTest/src/defects4j_fixed/Math/Math_51_fixed -DOUTFILE=/data3/cpy/MutAGENTest/src/defects4j_fixed/Math/Math_51_fixed/failing_tests -Dd4j.test.dir=/data3/cpy/MutAGENTest/src/defects4j_fixed/Math/Math_51_fixed/.test_suite -Dd4j.test.include=*.java run.gen.tests
2025-05-16 05:51:54,206 - 由于超时，已删除测试方法: testDoSolveDetectsF0Mutation4
2025-05-16 06:30:27,524 - alive ./defects4j_fixed/Math/Math_78_fixed/src/main/java/org/apache/commons/math/ode/events/EventState.java
2025-05-16 06:40:04,623 - alive ./defects4j_fixed/Math/Math_79_fixed/src/main/java/org/apache/commons/math/util/MathUtils.java
2025-05-16 06:53:14,979 - alive ./defects4j_fixed/Math/Math_80_fixed/src/main/java/org/apache/commons/math/linear/EigenDecompositionImpl.java
2025-05-16 06:57:46,584 - alive ./defects4j_fixed/Math/Math_81_fixed/src/main/java/org/apache/commons/math/linear/EigenDecompositionImpl.java
2025-05-16 07:22:24,741 - alive ./defects4j_fixed/Math/Math_82_fixed/src/main/java/org/apache/commons/math/optimization/linear/SimplexSolver.java
2025-05-16 08:04:06,354 - alive ./defects4j_fixed/Math/Math_83_fixed/src/main/java/org/apache/commons/math/optimization/linear/SimplexTableau.java
2025-05-16 08:36:25,316 - alive ./defects4j_fixed/Math/Math_84_fixed/src/main/java/org/apache/commons/math/optimization/direct/MultiDirectional.java
2025-05-16 09:13:34,893 - 执行测试超时，尝试删除最后一个测试方法后重试..., ./defects4j_fixed/Math/Math_71_fixed
2025-05-16 09:13:34,894 - terminating..., ./defects4j_fixed/Math/Math_71_fixed
2025-05-16 09:13:34,895 - terminating..., ./defects4j_fixed/Math/Math_71_fixed
2025-05-16 09:13:34,895 - Math_71_fixed
2025-05-16 09:13:34,935 - Killing PID=2253903 → changpy  2253903  0.0  0.0  12864  3504 pts/96   S+   09:05   0:00 sh -c cd /data3/cpy/MutAGENTest/src/defects4j_fixed/Math/Math_71_fixed && ant -f /data3/cpy/MutAGENTest/mutantsgen/Wukong/defects4j/framework/projects/defects4j.build.xml -Dd4j.home=/data3/cpy/MutAGENTest/mutantsgen/Wukong/defects4j -Dd4j.dir.projects=/data3/cpy/MutAGENTest/mutantsgen/Wukong/defects4j/framework/projects -Dbasedir=/data3/cpy/MutAGENTest/src/defects4j_fixed/Math/Math_71_fixed -DOUTFILE=/data3/cpy/MutAGENTest/src/defects4j_fixed/Math/Math_71_fixed/failing_tests -Dd4j.test.dir=/data3/cpy/MutAGENTest/src/defects4j_fixed/Math/Math_71_fixed/.test_suite -Dd4j.test.include=*.java  run.gen.tests 2>&1
2025-05-16 09:13:34,935 - Killing PID=2253904 → changpy  2253904  566 13.4 37739052 26504544 pts/96 Sl+ 09:05  47:01 /usr/lib/jvm/java-8-openjdk-amd64/jre/bin/java -classpath /usr/share/ant/lib/ant-launcher.jar -Dant.home=/usr/share/ant -Dant.library.dir=/usr/share/ant/lib org.apache.tools.ant.launch.Launcher -cp  -f /data3/cpy/MutAGENTest/mutantsgen/Wukong/defects4j/framework/projects/defects4j.build.xml -Dd4j.home=/data3/cpy/MutAGENTest/mutantsgen/Wukong/defects4j -Dd4j.dir.projects=/data3/cpy/MutAGENTest/mutantsgen/Wukong/defects4j/framework/projects -Dbasedir=/data3/cpy/MutAGENTest/src/defects4j_fixed/Math/Math_71_fixed -DOUTFILE=/data3/cpy/MutAGENTest/src/defects4j_fixed/Math/Math_71_fixed/failing_tests -Dd4j.test.dir=/data3/cpy/MutAGENTest/src/defects4j_fixed/Math/Math_71_fixed/.test_suite -Dd4j.test.include=*.java run.gen.tests
2025-05-16 09:13:35,599 - 由于超时，已删除测试方法: testStepSizeAdjustmentWhenErrorExceedsThreshold1
2025-05-16 09:25:14,098 - alive ./defects4j_fixed/Math/Math_85_fixed/src/java/org/apache/commons/math/analysis/solvers/UnivariateRealSolverUtils.java
2025-05-16 10:14:16,496 - alive ./defects4j_fixed/Math/Math_86_fixed/src/java/org/apache/commons/math/linear/CholeskyDecompositionImpl.java
2025-05-16 10:52:50,709 - alive ./defects4j_fixed/Math/Math_86_fixed/src/java/org/apache/commons/math/linear/CholeskyDecompositionImpl.java
2025-05-16 10:55:59,008 - alive ./defects4j_fixed/Math/Math_87_fixed/src/java/org/apache/commons/math/optimization/linear/SimplexTableau.java
2025-05-16 11:06:56,416 - alive ./defects4j_fixed/Math/Math_88_fixed/src/java/org/apache/commons/math/optimization/linear/SimplexTableau.java
2025-05-16 11:11:26,233 - alive ./defects4j_fixed/Math/Math_89_fixed/src/java/org/apache/commons/math/stat/Frequency.java
2025-05-16 11:13:31,880 - alive ./defects4j_fixed/Math/Math_90_fixed/src/java/org/apache/commons/math/stat/Frequency.java
2025-05-16 11:29:37,902 - alive ./defects4j_fixed/Math/Math_91_fixed/src/java/org/apache/commons/math/fraction/Fraction.java
2025-05-16 11:58:24,893 - alive ./defects4j_fixed/Math/Math_92_fixed/src/java/org/apache/commons/math/util/MathUtils.java
2025-05-16 11:59:12,780 - alive ./defects4j_fixed/Math/Math_93_fixed/src/java/org/apache/commons/math/util/MathUtils.java
2025-05-16 12:08:05,293 - alive ./defects4j_fixed/Math/Math_94_fixed/src/java/org/apache/commons/math/util/MathUtils.java
2025-05-16 12:19:19,273 - alive ./defects4j_fixed/Math/Math_95_fixed/src/java/org/apache/commons/math/distribution/FDistributionImpl.java
2025-05-16 12:19:37,157 - 执行测试超时，尝试删除最后一个测试方法后重试..., ./defects4j_fixed/Math/Math_93_fixed
2025-05-16 12:19:37,158 - terminating..., ./defects4j_fixed/Math/Math_93_fixed
2025-05-16 12:19:37,159 - terminating..., ./defects4j_fixed/Math/Math_93_fixed
2025-05-16 12:19:37,159 - Math_93_fixed
2025-05-16 12:19:37,201 - Killing PID=3319932 → changpy  3319932  0.0  0.0  12864  3488 pts/96   S+   12:11   0:00 sh -c cd /data3/cpy/MutAGENTest/src/defects4j_fixed/Math/Math_93_fixed && ant -f /data3/cpy/MutAGENTest/mutantsgen/Wukong/defects4j/framework/projects/defects4j.build.xml -Dd4j.home=/data3/cpy/MutAGENTest/mutantsgen/Wukong/defects4j -Dd4j.dir.projects=/data3/cpy/MutAGENTest/mutantsgen/Wukong/defects4j/framework/projects -Dbasedir=/data3/cpy/MutAGENTest/src/defects4j_fixed/Math/Math_93_fixed -DOUTFILE=/data3/cpy/MutAGENTest/src/defects4j_fixed/Math/Math_93_fixed/failing_tests -Dd4j.test.dir=/data3/cpy/MutAGENTest/src/defects4j_fixed/Math/Math_93_fixed/.test_suite -Dd4j.test.include=*.java  run.gen.tests 2>&1
2025-05-16 12:19:37,201 - Killing PID=3319933 → changpy  3319933  100  0.1 37729116 224044 pts/96 Sl+ 12:11   8:22 /usr/lib/jvm/java-8-openjdk-amd64/jre/bin/java -classpath /usr/share/ant/lib/ant-launcher.jar -Dant.home=/usr/share/ant -Dant.library.dir=/usr/share/ant/lib org.apache.tools.ant.launch.Launcher -cp  -f /data3/cpy/MutAGENTest/mutantsgen/Wukong/defects4j/framework/projects/defects4j.build.xml -Dd4j.home=/data3/cpy/MutAGENTest/mutantsgen/Wukong/defects4j -Dd4j.dir.projects=/data3/cpy/MutAGENTest/mutantsgen/Wukong/defects4j/framework/projects -Dbasedir=/data3/cpy/MutAGENTest/src/defects4j_fixed/Math/Math_93_fixed -DOUTFILE=/data3/cpy/MutAGENTest/src/defects4j_fixed/Math/Math_93_fixed/failing_tests -Dd4j.test.dir=/data3/cpy/MutAGENTest/src/defects4j_fixed/Math/Math_93_fixed/.test_suite -Dd4j.test.include=*.java run.gen.tests
2025-05-16 12:19:37,259 - 由于超时，已删除测试方法: testFactorialLogWithLargeNumberToDetectImplicitCastMutant
2025-05-16 12:20:52,684 - alive ./defects4j_fixed/Math/Math_96_fixed/src/java/org/apache/commons/math/complex/Complex.java
2025-05-16 12:30:56,087 - alive ./defects4j_fixed/Math/Math_98_fixed/src/java/org/apache/commons/math/linear/BigMatrixImpl.java
2025-05-16 12:31:38,382 - alive ./defects4j_fixed/Math/Math_97_fixed/src/java/org/apache/commons/math/analysis/BrentSolver.java
2025-05-16 12:37:10,686 - alive ./defects4j_fixed/Math/Math_99_fixed/src/java/org/apache/commons/math/util/MathUtils.java
2025-05-16 12:38:11,061 - alive ./defects4j_fixed/Math/Math_100_fixed/src/java/org/apache/commons/math/estimation/AbstractEstimator.java
2025-05-16 12:50:27,279 - alive ./defects4j_fixed/Math/Math_101_fixed/src/java/org/apache/commons/math/complex/ComplexFormat.java
2025-05-16 12:58:05,437 - alive ./defects4j_fixed/Math/Math_102_fixed/src/java/org/apache/commons/math/stat/inference/ChiSquareTestImpl.java
2025-05-16 13:07:42,671 - alive ./defects4j_fixed/Math/Math_103_fixed/src/java/org/apache/commons/math/distribution/NormalDistributionImpl.java
2025-05-16 13:29:00,342 - alive ./defects4j_fixed/Math/Math_105_fixed/src/java/org/apache/commons/math/stat/regression/SimpleRegression.java
2025-05-16 13:50:48,244 - alive ./defects4j_fixed/Math/Math_106_fixed/src/java/org/apache/commons/math/fraction/ProperFractionFormat.java
2025-05-16 14:08:41,137 - 执行测试超时，尝试删除最后一个测试方法后重试..., ./defects4j_fixed/Math/Math_74_fixed
2025-05-16 14:08:41,138 - terminating..., ./defects4j_fixed/Math/Math_74_fixed
2025-05-16 14:08:41,139 - terminating..., ./defects4j_fixed/Math/Math_74_fixed
2025-05-16 14:08:41,139 - Math_74_fixed
2025-05-16 14:08:41,182 - Killing PID=102220 → changpy   102220  0.0  0.0  12864  3524 pts/96   S+   14:00   0:00 sh -c cd /data3/cpy/MutAGENTest/src/defects4j_fixed/Math/Math_74_fixed && ant -f /data3/cpy/MutAGENTest/mutantsgen/Wukong/defects4j/framework/projects/defects4j.build.xml -Dd4j.home=/data3/cpy/MutAGENTest/mutantsgen/Wukong/defects4j -Dd4j.dir.projects=/data3/cpy/MutAGENTest/mutantsgen/Wukong/defects4j/framework/projects -Dbasedir=/data3/cpy/MutAGENTest/src/defects4j_fixed/Math/Math_74_fixed -DOUTFILE=/data3/cpy/MutAGENTest/src/defects4j_fixed/Math/Math_74_fixed/failing_tests -Dd4j.test.dir=/data3/cpy/MutAGENTest/src/defects4j_fixed/Math/Math_74_fixed/.test_suite -Dd4j.test.include=*.java  run.gen.tests 2>&1
2025-05-16 14:08:41,183 - Killing PID=102221 → changpy   102221  829 13.1 37737004 25889276 pts/96 Sl+ 14:00  68:49 /usr/lib/jvm/java-8-openjdk-amd64/jre/bin/java -classpath /usr/share/ant/lib/ant-launcher.jar -Dant.home=/usr/share/ant -Dant.library.dir=/usr/share/ant/lib org.apache.tools.ant.launch.Launcher -cp  -f /data3/cpy/MutAGENTest/mutantsgen/Wukong/defects4j/framework/projects/defects4j.build.xml -Dd4j.home=/data3/cpy/MutAGENTest/mutantsgen/Wukong/defects4j -Dd4j.dir.projects=/data3/cpy/MutAGENTest/mutantsgen/Wukong/defects4j/framework/projects -Dbasedir=/data3/cpy/MutAGENTest/src/defects4j_fixed/Math/Math_74_fixed -DOUTFILE=/data3/cpy/MutAGENTest/src/defects4j_fixed/Math/Math_74_fixed/failing_tests -Dd4j.test.dir=/data3/cpy/MutAGENTest/src/defects4j_fixed/Math/Math_74_fixed/.test_suite -Dd4j.test.include=*.java run.gen.tests
2025-05-16 14:08:41,636 - 由于超时，已删除测试方法: testStepRejectionHandling
2025-05-16 17:08:11,627 - alive ./defects4j_fixed/Compress/Compress_4_fixed/src/main/java/org/apache/commons/compress/archivers/cpio/CpioArchiveOutputStream.java
2025-05-16 17:08:32,029 - alive ./defects4j_fixed/Compress/Compress_7_fixed/src/main/java/org/apache/commons/compress/archivers/tar/TarUtils.java
2025-05-16 17:08:45,404 - alive ./defects4j_fixed/Compress/Compress_6_fixed/src/main/java/org/apache/commons/compress/archivers/zip/ZipArchiveEntry.java
2025-05-16 17:08:50,778 - alive ./defects4j_fixed/Compress/Compress_3_fixed/src/main/java/org/apache/commons/compress/archivers/tar/TarArchiveOutputStream.java
2025-05-16 17:10:38,333 - alive ./defects4j_fixed/Compress/Compress_8_fixed/src/main/java/org/apache/commons/compress/archivers/tar/TarUtils.java
2025-05-16 17:10:51,652 - alive ./defects4j_fixed/Compress/Compress_1_fixed/src/main/java/org/apache/commons/compress/archivers/cpio/CpioArchiveOutputStream.java
2025-05-16 17:11:10,571 - alive ./defects4j_fixed/Csv/Csv_5_fixed/src/main/java/org/apache/commons/csv/CSVPrinter.java
2025-05-16 17:11:21,022 - alive ./defects4j_fixed/Csv/Csv_6_fixed/src/main/java/org/apache/commons/csv/CSVRecord.java
2025-05-16 17:11:27,959 - alive ./defects4j_fixed/Csv/Csv_1_fixed/src/main/java/org/apache/commons/csv/ExtendedBufferedReader.java
2025-05-16 17:11:35,050 - alive ./defects4j_fixed/Csv/Csv_4_fixed/src/main/java/org/apache/commons/csv/CSVParser.java
2025-05-16 17:11:35,894 - alive ./defects4j_fixed/Csv/Csv_2_fixed/src/main/java/org/apache/commons/csv/CSVRecord.java
2025-05-16 17:12:22,677 - alive ./defects4j_fixed/Csv/Csv_8_fixed/src/main/java/org/apache/commons/csv/CSVFormat.java
2025-05-16 17:12:28,377 - alive ./defects4j_fixed/Csv/Csv_7_fixed/src/main/java/org/apache/commons/csv/CSVParser.java
2025-05-16 17:12:38,283 - alive ./defects4j_fixed/Csv/Csv_3_fixed/src/main/java/org/apache/commons/csv/Lexer.java
2025-05-16 17:16:50,409 - alive ./defects4j_fixed/Compress/Compress_2_fixed/src/main/java/org/apache/commons/compress/archivers/ar/ArArchiveInputStream.java
2025-05-16 17:16:54,885 - alive ./defects4j_fixed/Compress/Compress_5_fixed/src/main/java/org/apache/commons/compress/archivers/zip/ZipArchiveInputStream.java
2025-05-16 17:21:17,267 - alive ./defects4j_fixed/Csv/Csv_9_fixed/src/main/java/org/apache/commons/csv/CSVRecord.java
2025-05-16 17:25:22,703 - alive ./defects4j_fixed/Csv/Csv_10_fixed/src/main/java/org/apache/commons/csv/CSVPrinter.java
2025-05-16 17:28:10,613 - alive ./defects4j_fixed/Compress/Compress_9_fixed/src/main/java/org/apache/commons/compress/archivers/tar/TarArchiveOutputStream.java
2025-05-16 17:29:42,139 - alive ./defects4j_fixed/Compress/Compress_10_fixed/src/main/java/org/apache/commons/compress/archivers/zip/ZipFile.java
2025-05-16 17:34:50,798 - alive ./defects4j_fixed/Compress/Compress_11_fixed/src/main/java/org/apache/commons/compress/archivers/ArchiveStreamFactory.java
2025-05-16 17:37:18,381 - alive ./defects4j_fixed/Csv/Csv_11_fixed/src/main/java/org/apache/commons/csv/CSVParser.java
2025-05-16 17:37:25,425 - alive ./defects4j_fixed/Csv/Csv_10_fixed/src/main/java/org/apache/commons/csv/CSVPrinter.java
2025-05-16 17:51:12,127 - alive ./defects4j_fixed/Compress/Compress_13_fixed/src/main/java/org/apache/commons/compress/archivers/zip/ZipArchiveEntry.java
2025-05-16 17:57:26,289 - alive ./defects4j_fixed/Compress/Compress_14_fixed/src/main/java/org/apache/commons/compress/archivers/tar/TarUtils.java
2025-05-16 17:57:44,415 - alive ./defects4j_fixed/Compress/Compress_12_fixed/src/main/java/org/apache/commons/compress/archivers/tar/TarArchiveInputStream.java
2025-05-16 18:10:45,811 - alive ./defects4j_fixed/Compress/Compress_15_fixed/src/main/java/org/apache/commons/compress/archivers/zip/ZipArchiveEntry.java
2025-05-16 18:23:25,333 - alive ./defects4j_fixed/Compress/Compress_16_fixed/src/main/java/org/apache/commons/compress/archivers/ArchiveStreamFactory.java
2025-05-16 18:23:53,623 - 执行测试超时，尝试删除最后一个测试方法后重试..., ./defects4j_fixed/Csv/Csv_1_fixed
2025-05-16 18:23:53,624 - terminating..., ./defects4j_fixed/Csv/Csv_1_fixed
2025-05-16 18:23:53,626 - terminating..., ./defects4j_fixed/Csv/Csv_1_fixed
2025-05-16 18:23:53,626 - Csv_1_fixed
2025-05-16 18:23:53,674 - Killing PID=1855955 → changpy  1855955  0.0  0.0  12864  3508 pts/95   S+   18:15   0:00 sh -c cd /data3/cpy/MutAGENTest/src/defects4j_fixed/Csv/Csv_1_fixed && ant -f /data3/cpy/MutAGENTest/mutantsgen/Wukong/defects4j/framework/projects/defects4j.build.xml -Dd4j.home=/data3/cpy/MutAGENTest/mutantsgen/Wukong/defects4j -Dd4j.dir.projects=/data3/cpy/MutAGENTest/mutantsgen/Wukong/defects4j/framework/projects -Dbasedir=/data3/cpy/MutAGENTest/src/defects4j_fixed/Csv/Csv_1_fixed -DOUTFILE=/data3/cpy/MutAGENTest/src/defects4j_fixed/Csv/Csv_1_fixed/failing_tests -Dd4j.test.dir=/data3/cpy/MutAGENTest/src/defects4j_fixed/Csv/Csv_1_fixed/.test_suite -Dd4j.test.include=*.java  run.gen.tests 2>&1
2025-05-16 18:23:53,674 - Killing PID=1855956 → changpy  1855956  889 11.9 37734836 23654360 pts/95 Sl+ 18:15  73:59 /usr/lib/jvm/java-8-openjdk-amd64/jre/bin/java -classpath /usr/share/ant/lib/ant-launcher.jar -Dant.home=/usr/share/ant -Dant.library.dir=/usr/share/ant/lib org.apache.tools.ant.launch.Launcher -cp  -f /data3/cpy/MutAGENTest/mutantsgen/Wukong/defects4j/framework/projects/defects4j.build.xml -Dd4j.home=/data3/cpy/MutAGENTest/mutantsgen/Wukong/defects4j -Dd4j.dir.projects=/data3/cpy/MutAGENTest/mutantsgen/Wukong/defects4j/framework/projects -Dbasedir=/data3/cpy/MutAGENTest/src/defects4j_fixed/Csv/Csv_1_fixed -DOUTFILE=/data3/cpy/MutAGENTest/src/defects4j_fixed/Csv/Csv_1_fixed/failing_tests -Dd4j.test.dir=/data3/cpy/MutAGENTest/src/defects4j_fixed/Csv/Csv_1_fixed/.test_suite -Dd4j.test.include=*.java run.gen.tests
2025-05-16 18:23:53,874 - 由于超时，已删除测试方法: testReadWithStandaloneCarriageReturn
2025-05-16 18:24:31,916 - alive ./defects4j_fixed/Compress/Compress_17_fixed/src/main/java/org/apache/commons/compress/archivers/tar/TarUtils.java
2025-05-16 18:32:15,813 - 执行测试超时，尝试删除最后一个测试方法后重试..., ./defects4j_fixed/Csv/Csv_1_fixed
2025-05-16 18:32:15,814 - terminating..., ./defects4j_fixed/Csv/Csv_1_fixed
2025-05-16 18:32:15,815 - terminating..., ./defects4j_fixed/Csv/Csv_1_fixed
2025-05-16 18:32:15,815 - Csv_1_fixed
2025-05-16 18:32:15,861 - Killing PID=1922332 → changpy  1922332  0.0  0.0  12864  3532 pts/95   S+   18:23   0:00 sh -c cd /data3/cpy/MutAGENTest/src/defects4j_fixed/Csv/Csv_1_fixed && ant -f /data3/cpy/MutAGENTest/mutantsgen/Wukong/defects4j/framework/projects/defects4j.build.xml -Dd4j.home=/data3/cpy/MutAGENTest/mutantsgen/Wukong/defects4j -Dd4j.dir.projects=/data3/cpy/MutAGENTest/mutantsgen/Wukong/defects4j/framework/projects -Dbasedir=/data3/cpy/MutAGENTest/src/defects4j_fixed/Csv/Csv_1_fixed -DOUTFILE=/data3/cpy/MutAGENTest/src/defects4j_fixed/Csv/Csv_1_fixed/failing_tests -Dd4j.test.dir=/data3/cpy/MutAGENTest/src/defects4j_fixed/Csv/Csv_1_fixed/.test_suite -Dd4j.test.include=*.java  run.gen.tests 2>&1
2025-05-16 18:32:15,861 - Killing PID=1922333 → changpy  1922333  879 11.7 37734836 23229948 pts/95 Sl+ 18:23  73:01 /usr/lib/jvm/java-8-openjdk-amd64/jre/bin/java -classpath /usr/share/ant/lib/ant-launcher.jar -Dant.home=/usr/share/ant -Dant.library.dir=/usr/share/ant/lib org.apache.tools.ant.launch.Launcher -cp  -f /data3/cpy/MutAGENTest/mutantsgen/Wukong/defects4j/framework/projects/defects4j.build.xml -Dd4j.home=/data3/cpy/MutAGENTest/mutantsgen/Wukong/defects4j -Dd4j.dir.projects=/data3/cpy/MutAGENTest/mutantsgen/Wukong/defects4j/framework/projects -Dbasedir=/data3/cpy/MutAGENTest/src/defects4j_fixed/Csv/Csv_1_fixed -DOUTFILE=/data3/cpy/MutAGENTest/src/defects4j_fixed/Csv/Csv_1_fixed/failing_tests -Dd4j.test.dir=/data3/cpy/MutAGENTest/src/defects4j_fixed/Csv/Csv_1_fixed/.test_suite -Dd4j.test.include=*.java run.gen.tests
2025-05-16 18:32:16,281 - 由于超时，已删除测试方法: testReadLineCountingDetectsMutant
2025-05-16 18:34:23,925 - 执行测试超时，尝试删除最后一个测试方法后重试..., ./defects4j_fixed/Compress/Compress_17_fixed
2025-05-16 18:34:23,925 - terminating..., ./defects4j_fixed/Compress/Compress_17_fixed
2025-05-16 18:34:23,927 - terminating..., ./defects4j_fixed/Compress/Compress_17_fixed
2025-05-16 18:34:23,927 - Compress_17_fixed
2025-05-16 18:34:23,967 - Killing PID=1937371 → changpy  1937371  0.0  0.0  12864  3468 pts/93   S+   18:26   0:00 sh -c cd /data3/cpy/MutAGENTest/src/defects4j_fixed/Compress/Compress_17_fixed && ant -f /data3/cpy/MutAGENTest/mutantsgen/Wukong/defects4j/framework/projects/defects4j.build.xml -Dd4j.home=/data3/cpy/MutAGENTest/mutantsgen/Wukong/defects4j -Dd4j.dir.projects=/data3/cpy/MutAGENTest/mutantsgen/Wukong/defects4j/framework/projects -Dbasedir=/data3/cpy/MutAGENTest/src/defects4j_fixed/Compress/Compress_17_fixed -DOUTFILE=/data3/cpy/MutAGENTest/src/defects4j_fixed/Compress/Compress_17_fixed/failing_tests -Dd4j.test.dir=/data3/cpy/MutAGENTest/src/defects4j_fixed/Compress/Compress_17_fixed/.test_suite -Dd4j.test.include=*.java  run.gen.tests 2>&1
2025-05-16 18:34:23,968 - Killing PID=1937372 → changpy  1937372  100  0.1 37724532 238932 pts/93 Sl+ 18:26   8:22 /usr/lib/jvm/java-8-openjdk-amd64/jre/bin/java -classpath /usr/share/ant/lib/ant-launcher.jar -Dant.home=/usr/share/ant -Dant.library.dir=/usr/share/ant/lib org.apache.tools.ant.launch.Launcher -cp  -f /data3/cpy/MutAGENTest/mutantsgen/Wukong/defects4j/framework/projects/defects4j.build.xml -Dd4j.home=/data3/cpy/MutAGENTest/mutantsgen/Wukong/defects4j -Dd4j.dir.projects=/data3/cpy/MutAGENTest/mutantsgen/Wukong/defects4j/framework/projects -Dbasedir=/data3/cpy/MutAGENTest/src/defects4j_fixed/Compress/Compress_17_fixed -DOUTFILE=/data3/cpy/MutAGENTest/src/defects4j_fixed/Compress/Compress_17_fixed/failing_tests -Dd4j.test.dir=/data3/cpy/MutAGENTest/src/defects4j_fixed/Compress/Compress_17_fixed/.test_suite -Dd4j.test.include=*.java run.gen.tests
2025-05-16 18:34:23,999 - 由于超时，已删除测试方法: testParseOctal_MaxValue
2025-05-16 18:34:58,578 - alive ./defects4j_fixed/Compress/Compress_18_fixed/src/main/java/org/apache/commons/compress/archivers/tar/TarArchiveOutputStream.java
2025-05-16 18:36:35,448 - alive ./defects4j_fixed/Csv/Csv_14_fixed/src/main/java/org/apache/commons/csv/CSVFormat.java
2025-05-16 18:46:19,613 - 执行测试超时，尝试删除最后一个测试方法后重试..., ./defects4j_fixed/Compress/Compress_17_fixed
2025-05-16 18:46:19,614 - terminating..., ./defects4j_fixed/Compress/Compress_17_fixed
2025-05-16 18:46:19,615 - terminating..., ./defects4j_fixed/Compress/Compress_17_fixed
2025-05-16 18:46:19,616 - Compress_17_fixed
2025-05-16 18:46:19,654 - Killing PID=2043414 → changpy  2043414  0.0  0.0  12864  3520 pts/93   S+   18:38   0:00 sh -c cd /data3/cpy/MutAGENTest/src/defects4j_fixed/Compress/Compress_17_fixed && ant -f /data3/cpy/MutAGENTest/mutantsgen/Wukong/defects4j/framework/projects/defects4j.build.xml -Dd4j.home=/data3/cpy/MutAGENTest/mutantsgen/Wukong/defects4j -Dd4j.dir.projects=/data3/cpy/MutAGENTest/mutantsgen/Wukong/defects4j/framework/projects -Dbasedir=/data3/cpy/MutAGENTest/src/defects4j_fixed/Compress/Compress_17_fixed -DOUTFILE=/data3/cpy/MutAGENTest/src/defects4j_fixed/Compress/Compress_17_fixed/failing_tests -Dd4j.test.dir=/data3/cpy/MutAGENTest/src/defects4j_fixed/Compress/Compress_17_fixed/.test_suite -Dd4j.test.include=*.java  run.gen.tests 2>&1
2025-05-16 18:46:19,655 - Killing PID=2043415 → changpy  2043415  100  0.1 37724532 239436 pts/93 Sl+ 18:38   8:22 /usr/lib/jvm/java-8-openjdk-amd64/jre/bin/java -classpath /usr/share/ant/lib/ant-launcher.jar -Dant.home=/usr/share/ant -Dant.library.dir=/usr/share/ant/lib org.apache.tools.ant.launch.Launcher -cp  -f /data3/cpy/MutAGENTest/mutantsgen/Wukong/defects4j/framework/projects/defects4j.build.xml -Dd4j.home=/data3/cpy/MutAGENTest/mutantsgen/Wukong/defects4j -Dd4j.dir.projects=/data3/cpy/MutAGENTest/mutantsgen/Wukong/defects4j/framework/projects -Dbasedir=/data3/cpy/MutAGENTest/src/defects4j_fixed/Compress/Compress_17_fixed -DOUTFILE=/data3/cpy/MutAGENTest/src/defects4j_fixed/Compress/Compress_17_fixed/failing_tests -Dd4j.test.dir=/data3/cpy/MutAGENTest/src/defects4j_fixed/Compress/Compress_17_fixed/.test_suite -Dd4j.test.include=*.java run.gen.tests
2025-05-16 18:46:19,686 - 由于超时，已删除测试方法: testParseOctal_WithOffset
2025-05-16 18:48:26,598 - alive ./defects4j_fixed/Compress/Compress_19_fixed/src/main/java/org/apache/commons/compress/archivers/zip/Zip64ExtendedInformationExtraField.java
2025-05-16 18:52:59,781 - alive ./defects4j_fixed/Csv/Csv_15_fixed/src/main/java/org/apache/commons/csv/CSVFormat.java
2025-05-16 18:53:22,888 - 执行测试超时，尝试删除最后一个测试方法后重试..., ./defects4j_fixed/Csv/Csv_1_fixed
2025-05-16 18:53:22,888 - terminating..., ./defects4j_fixed/Csv/Csv_1_fixed
2025-05-16 18:53:22,890 - terminating..., ./defects4j_fixed/Csv/Csv_1_fixed
2025-05-16 18:53:22,890 - Csv_1_fixed
2025-05-16 18:53:22,930 - Killing PID=2090426 → changpy  2090426  0.0  0.0  12864  3468 pts/95   S+   18:45   0:00 sh -c cd /data3/cpy/MutAGENTest/src/defects4j_fixed/Csv/Csv_1_fixed && ant -f /data3/cpy/MutAGENTest/mutantsgen/Wukong/defects4j/framework/projects/defects4j.build.xml -Dd4j.home=/data3/cpy/MutAGENTest/mutantsgen/Wukong/defects4j -Dd4j.dir.projects=/data3/cpy/MutAGENTest/mutantsgen/Wukong/defects4j/framework/projects -Dbasedir=/data3/cpy/MutAGENTest/src/defects4j_fixed/Csv/Csv_1_fixed -DOUTFILE=/data3/cpy/MutAGENTest/src/defects4j_fixed/Csv/Csv_1_fixed/failing_tests -Dd4j.test.dir=/data3/cpy/MutAGENTest/src/defects4j_fixed/Csv/Csv_1_fixed/.test_suite -Dd4j.test.include=*.java  run.gen.tests 2>&1
2025-05-16 18:53:22,930 - Killing PID=2090427 → changpy  2090427  837 11.4 37734836 22623844 pts/95 Sl+ 18:45  69:30 /usr/lib/jvm/java-8-openjdk-amd64/jre/bin/java -classpath /usr/share/ant/lib/ant-launcher.jar -Dant.home=/usr/share/ant -Dant.library.dir=/usr/share/ant/lib org.apache.tools.ant.launch.Launcher -cp  -f /data3/cpy/MutAGENTest/mutantsgen/Wukong/defects4j/framework/projects/defects4j.build.xml -Dd4j.home=/data3/cpy/MutAGENTest/mutantsgen/Wukong/defects4j -Dd4j.dir.projects=/data3/cpy/MutAGENTest/mutantsgen/Wukong/defects4j/framework/projects -Dbasedir=/data3/cpy/MutAGENTest/src/defects4j_fixed/Csv/Csv_1_fixed -DOUTFILE=/data3/cpy/MutAGENTest/src/defects4j_fixed/Csv/Csv_1_fixed/failing_tests -Dd4j.test.dir=/data3/cpy/MutAGENTest/src/defects4j_fixed/Csv/Csv_1_fixed/.test_suite -Dd4j.test.include=*.java run.gen.tests
2025-05-16 18:53:23,134 - 由于超时，已删除测试方法: testReadLineCountingWithMutant1
2025-05-16 18:57:41,933 - 执行测试超时，尝试删除最后一个测试方法后重试..., ./defects4j_fixed/Csv/Csv_11_fixed
2025-05-16 18:57:41,934 - terminating..., ./defects4j_fixed/Csv/Csv_11_fixed
2025-05-16 18:57:41,935 - terminating..., ./defects4j_fixed/Csv/Csv_11_fixed
2025-05-16 18:57:41,935 - Csv_11_fixed
2025-05-16 18:57:41,982 - Killing PID=2125399 → changpy  2125399  0.0  0.0  12864  3408 pts/95   S+   18:49   0:00 sh -c cd /data3/cpy/MutAGENTest/src/defects4j_fixed/Csv/Csv_11_fixed && ant -f /data3/cpy/MutAGENTest/mutantsgen/Wukong/defects4j/framework/projects/defects4j.build.xml -Dd4j.home=/data3/cpy/MutAGENTest/mutantsgen/Wukong/defects4j -Dd4j.dir.projects=/data3/cpy/MutAGENTest/mutantsgen/Wukong/defects4j/framework/projects -Dbasedir=/data3/cpy/MutAGENTest/src/defects4j_fixed/Csv/Csv_11_fixed -DOUTFILE=/data3/cpy/MutAGENTest/src/defects4j_fixed/Csv/Csv_11_fixed/failing_tests -Dd4j.test.dir=/data3/cpy/MutAGENTest/src/defects4j_fixed/Csv/Csv_11_fixed/.test_suite -Dd4j.test.include=*.java  run.gen.tests 2>&1
2025-05-16 18:57:41,982 - Killing PID=2125400 → changpy  2125400  824 11.1 37732788 22079992 pts/95 Sl+ 18:49  68:28 /usr/lib/jvm/java-8-openjdk-amd64/jre/bin/java -classpath /usr/share/ant/lib/ant-launcher.jar -Dant.home=/usr/share/ant -Dant.library.dir=/usr/share/ant/lib org.apache.tools.ant.launch.Launcher -cp  -f /data3/cpy/MutAGENTest/mutantsgen/Wukong/defects4j/framework/projects/defects4j.build.xml -Dd4j.home=/data3/cpy/MutAGENTest/mutantsgen/Wukong/defects4j -Dd4j.dir.projects=/data3/cpy/MutAGENTest/mutantsgen/Wukong/defects4j/framework/projects -Dbasedir=/data3/cpy/MutAGENTest/src/defects4j_fixed/Csv/Csv_11_fixed -DOUTFILE=/data3/cpy/MutAGENTest/src/defects4j_fixed/Csv/Csv_11_fixed/failing_tests -Dd4j.test.dir=/data3/cpy/MutAGENTest/src/defects4j_fixed/Csv/Csv_11_fixed/.test_suite -Dd4j.test.include=*.java run.gen.tests
2025-05-16 18:57:42,051 - 由于超时，已删除测试方法: testInitializeHeaderWithEmptyHeaderShouldNotAllowEmptyHeaderVariableModification
2025-05-16 19:01:44,777 - 执行测试超时，尝试删除最后一个测试方法后重试..., ./defects4j_fixed/Csv/Csv_1_fixed
2025-05-16 19:01:44,778 - terminating..., ./defects4j_fixed/Csv/Csv_1_fixed
2025-05-16 19:01:44,780 - terminating..., ./defects4j_fixed/Csv/Csv_1_fixed
2025-05-16 19:01:44,781 - Csv_1_fixed
2025-05-16 19:01:44,840 - Killing PID=2147062 → changpy  2147062  0.0  0.0  12864  3532 pts/95   S+   18:53   0:00 sh -c cd /data3/cpy/MutAGENTest/src/defects4j_fixed/Csv/Csv_1_fixed && ant -f /data3/cpy/MutAGENTest/mutantsgen/Wukong/defects4j/framework/projects/defects4j.build.xml -Dd4j.home=/data3/cpy/MutAGENTest/mutantsgen/Wukong/defects4j -Dd4j.dir.projects=/data3/cpy/MutAGENTest/mutantsgen/Wukong/defects4j/framework/projects -Dbasedir=/data3/cpy/MutAGENTest/src/defects4j_fixed/Csv/Csv_1_fixed -DOUTFILE=/data3/cpy/MutAGENTest/src/defects4j_fixed/Csv/Csv_1_fixed/failing_tests -Dd4j.test.dir=/data3/cpy/MutAGENTest/src/defects4j_fixed/Csv/Csv_1_fixed/.test_suite -Dd4j.test.include=*.java  run.gen.tests 2>&1
2025-05-16 19:01:44,841 - Killing PID=2147063 → changpy  2147063  875 11.2 37734836 22182784 pts/95 Sl+ 18:53  72:38 /usr/lib/jvm/java-8-openjdk-amd64/jre/bin/java -classpath /usr/share/ant/lib/ant-launcher.jar -Dant.home=/usr/share/ant -Dant.library.dir=/usr/share/ant/lib org.apache.tools.ant.launch.Launcher -cp  -f /data3/cpy/MutAGENTest/mutantsgen/Wukong/defects4j/framework/projects/defects4j.build.xml -Dd4j.home=/data3/cpy/MutAGENTest/mutantsgen/Wukong/defects4j -Dd4j.dir.projects=/data3/cpy/MutAGENTest/mutantsgen/Wukong/defects4j/framework/projects -Dbasedir=/data3/cpy/MutAGENTest/src/defects4j_fixed/Csv/Csv_1_fixed -DOUTFILE=/data3/cpy/MutAGENTest/src/defects4j_fixed/Csv/Csv_1_fixed/failing_tests -Dd4j.test.dir=/data3/cpy/MutAGENTest/src/defects4j_fixed/Csv/Csv_1_fixed/.test_suite -Dd4j.test.include=*.java run.gen.tests
2025-05-16 19:01:45,111 - 由于超时，已删除测试方法: testRead_NonLineEndingCharacters_ShouldNotIncrementLineCounter
2025-05-16 19:03:08,792 - alive ./defects4j_fixed/Csv/Csv_16_fixed/src/main/java/org/apache/commons/csv/CSVParser.java
2025-05-16 19:12:54,391 - 执行测试超时，尝试删除最后一个测试方法后重试..., ./defects4j_fixed/Csv/Csv_1_fixed
2025-05-16 19:12:54,392 - terminating..., ./defects4j_fixed/Csv/Csv_1_fixed
2025-05-16 19:12:54,394 - terminating..., ./defects4j_fixed/Csv/Csv_1_fixed
2025-05-16 19:12:54,394 - Csv_1_fixed
2025-05-16 19:12:54,434 - Killing PID=2231076 → changpy  2231076  0.0  0.0  12864  3492 pts/95   S+   19:04   0:00 sh -c cd /data3/cpy/MutAGENTest/src/defects4j_fixed/Csv/Csv_1_fixed && ant -f /data3/cpy/MutAGENTest/mutantsgen/Wukong/defects4j/framework/projects/defects4j.build.xml -Dd4j.home=/data3/cpy/MutAGENTest/mutantsgen/Wukong/defects4j -Dd4j.dir.projects=/data3/cpy/MutAGENTest/mutantsgen/Wukong/defects4j/framework/projects -Dbasedir=/data3/cpy/MutAGENTest/src/defects4j_fixed/Csv/Csv_1_fixed -DOUTFILE=/data3/cpy/MutAGENTest/src/defects4j_fixed/Csv/Csv_1_fixed/failing_tests -Dd4j.test.dir=/data3/cpy/MutAGENTest/src/defects4j_fixed/Csv/Csv_1_fixed/.test_suite -Dd4j.test.include=*.java  run.gen.tests 2>&1
2025-05-16 19:12:54,434 - Killing PID=2231077 → changpy  2231077  856 12.1 37734836 24079720 pts/95 Sl+ 19:04  71:11 /usr/lib/jvm/java-8-openjdk-amd64/jre/bin/java -classpath /usr/share/ant/lib/ant-launcher.jar -Dant.home=/usr/share/ant -Dant.library.dir=/usr/share/ant/lib org.apache.tools.ant.launch.Launcher -cp  -f /data3/cpy/MutAGENTest/mutantsgen/Wukong/defects4j/framework/projects/defects4j.build.xml -Dd4j.home=/data3/cpy/MutAGENTest/mutantsgen/Wukong/defects4j -Dd4j.dir.projects=/data3/cpy/MutAGENTest/mutantsgen/Wukong/defects4j/framework/projects -Dbasedir=/data3/cpy/MutAGENTest/src/defects4j_fixed/Csv/Csv_1_fixed -DOUTFILE=/data3/cpy/MutAGENTest/src/defects4j_fixed/Csv/Csv_1_fixed/failing_tests -Dd4j.test.dir=/data3/cpy/MutAGENTest/src/defects4j_fixed/Csv/Csv_1_fixed/.test_suite -Dd4j.test.include=*.java run.gen.tests
2025-05-16 19:12:54,843 - 由于超时，已删除测试方法: testReadLineCountingWithMutant1
2025-05-16 19:21:16,669 - 执行测试超时，尝试删除最后一个测试方法后重试..., ./defects4j_fixed/Csv/Csv_1_fixed
2025-05-16 19:21:16,670 - terminating..., ./defects4j_fixed/Csv/Csv_1_fixed
2025-05-16 19:21:16,671 - terminating..., ./defects4j_fixed/Csv/Csv_1_fixed
2025-05-16 19:21:16,671 - Csv_1_fixed
2025-05-16 19:21:16,724 - Killing PID=2292168 → changpy  2292168  0.0  0.0  12864  3580 pts/95   S+   19:12   0:00 sh -c cd /data3/cpy/MutAGENTest/src/defects4j_fixed/Csv/Csv_1_fixed && ant -f /data3/cpy/MutAGENTest/mutantsgen/Wukong/defects4j/framework/projects/defects4j.build.xml -Dd4j.home=/data3/cpy/MutAGENTest/mutantsgen/Wukong/defects4j -Dd4j.dir.projects=/data3/cpy/MutAGENTest/mutantsgen/Wukong/defects4j/framework/projects -Dbasedir=/data3/cpy/MutAGENTest/src/defects4j_fixed/Csv/Csv_1_fixed -DOUTFILE=/data3/cpy/MutAGENTest/src/defects4j_fixed/Csv/Csv_1_fixed/failing_tests -Dd4j.test.dir=/data3/cpy/MutAGENTest/src/defects4j_fixed/Csv/Csv_1_fixed/.test_suite -Dd4j.test.include=*.java  run.gen.tests 2>&1
2025-05-16 19:21:16,724 - Killing PID=2292169 → changpy  2292169  884 12.1 37734836 23901092 pts/95 Sl+ 19:12  73:24 /usr/lib/jvm/java-8-openjdk-amd64/jre/bin/java -classpath /usr/share/ant/lib/ant-launcher.jar -Dant.home=/usr/share/ant -Dant.library.dir=/usr/share/ant/lib org.apache.tools.ant.launch.Launcher -cp  -f /data3/cpy/MutAGENTest/mutantsgen/Wukong/defects4j/framework/projects/defects4j.build.xml -Dd4j.home=/data3/cpy/MutAGENTest/mutantsgen/Wukong/defects4j -Dd4j.dir.projects=/data3/cpy/MutAGENTest/mutantsgen/Wukong/defects4j/framework/projects -Dbasedir=/data3/cpy/MutAGENTest/src/defects4j_fixed/Csv/Csv_1_fixed -DOUTFILE=/data3/cpy/MutAGENTest/src/defects4j_fixed/Csv/Csv_1_fixed/failing_tests -Dd4j.test.dir=/data3/cpy/MutAGENTest/src/defects4j_fixed/Csv/Csv_1_fixed/.test_suite -Dd4j.test.include=*.java run.gen.tests
2025-05-16 19:21:17,129 - 由于超时，已删除测试方法: testReadShouldIncrementLineCounterForLineEndings
2025-05-16 20:16:39,321 - 执行测试超时，尝试删除最后一个测试方法后重试..., ./defects4j_fixed/Csv/Csv_1_fixed
2025-05-16 20:16:39,322 - terminating..., ./defects4j_fixed/Csv/Csv_1_fixed
2025-05-16 20:16:39,324 - terminating..., ./defects4j_fixed/Csv/Csv_1_fixed
2025-05-16 20:16:39,324 - Csv_1_fixed
2025-05-16 20:16:39,362 - Killing PID=2774013 → changpy  2774013  0.0  0.0  12864  3336 pts/95   S+   20:08   0:00 sh -c cd /data3/cpy/MutAGENTest/src/defects4j_fixed/Csv/Csv_1_fixed && ant -f /data3/cpy/MutAGENTest/mutantsgen/Wukong/defects4j/framework/projects/defects4j.build.xml -Dd4j.home=/data3/cpy/MutAGENTest/mutantsgen/Wukong/defects4j -Dd4j.dir.projects=/data3/cpy/MutAGENTest/mutantsgen/Wukong/defects4j/framework/projects -Dbasedir=/data3/cpy/MutAGENTest/src/defects4j_fixed/Csv/Csv_1_fixed -DOUTFILE=/data3/cpy/MutAGENTest/src/defects4j_fixed/Csv/Csv_1_fixed/failing_tests -Dd4j.test.dir=/data3/cpy/MutAGENTest/src/defects4j_fixed/Csv/Csv_1_fixed/.test_suite -Dd4j.test.include=*.java  run.gen.tests 2>&1
2025-05-16 20:16:39,362 - Killing PID=2774015 → changpy  2774015  909 11.7 37734836 23196624 pts/95 Sl+ 20:08  75:38 /usr/lib/jvm/java-8-openjdk-amd64/jre/bin/java -classpath /usr/share/ant/lib/ant-launcher.jar -Dant.home=/usr/share/ant -Dant.library.dir=/usr/share/ant/lib org.apache.tools.ant.launch.Launcher -cp  -f /data3/cpy/MutAGENTest/mutantsgen/Wukong/defects4j/framework/projects/defects4j.build.xml -Dd4j.home=/data3/cpy/MutAGENTest/mutantsgen/Wukong/defects4j -Dd4j.dir.projects=/data3/cpy/MutAGENTest/mutantsgen/Wukong/defects4j/framework/projects -Dbasedir=/data3/cpy/MutAGENTest/src/defects4j_fixed/Csv/Csv_1_fixed -DOUTFILE=/data3/cpy/MutAGENTest/src/defects4j_fixed/Csv/Csv_1_fixed/failing_tests -Dd4j.test.dir=/data3/cpy/MutAGENTest/src/defects4j_fixed/Csv/Csv_1_fixed/.test_suite -Dd4j.test.include=*.java run.gen.tests
2025-05-16 20:16:39,912 - 由于超时，已删除测试方法: testReadLineCountingWithStandaloneCharacters
2025-05-16 20:18:07,824 - alive ./defects4j_fixed/Compress/Compress_20_fixed/src/main/java/org/apache/commons/compress/archivers/cpio/CpioArchiveInputStream.java
2025-05-16 20:25:01,893 - 执行测试超时，尝试删除最后一个测试方法后重试..., ./defects4j_fixed/Csv/Csv_1_fixed
2025-05-16 20:25:01,894 - terminating..., ./defects4j_fixed/Csv/Csv_1_fixed
2025-05-16 20:25:01,896 - terminating..., ./defects4j_fixed/Csv/Csv_1_fixed
2025-05-16 20:25:01,896 - Csv_1_fixed
2025-05-16 20:25:01,937 - Killing PID=2829373 → changpy  2829373  0.0  0.0  12864  3532 pts/95   S+   20:16   0:00 sh -c cd /data3/cpy/MutAGENTest/src/defects4j_fixed/Csv/Csv_1_fixed && ant -f /data3/cpy/MutAGENTest/mutantsgen/Wukong/defects4j/framework/projects/defects4j.build.xml -Dd4j.home=/data3/cpy/MutAGENTest/mutantsgen/Wukong/defects4j -Dd4j.dir.projects=/data3/cpy/MutAGENTest/mutantsgen/Wukong/defects4j/framework/projects -Dbasedir=/data3/cpy/MutAGENTest/src/defects4j_fixed/Csv/Csv_1_fixed -DOUTFILE=/data3/cpy/MutAGENTest/src/defects4j_fixed/Csv/Csv_1_fixed/failing_tests -Dd4j.test.dir=/data3/cpy/MutAGENTest/src/defects4j_fixed/Csv/Csv_1_fixed/.test_suite -Dd4j.test.include=*.java  run.gen.tests 2>&1
2025-05-16 20:25:01,938 - Killing PID=2829374 → changpy  2829374  874 11.9 37734836 23649308 pts/95 Sl+ 20:16  72:35 /usr/lib/jvm/java-8-openjdk-amd64/jre/bin/java -classpath /usr/share/ant/lib/ant-launcher.jar -Dant.home=/usr/share/ant -Dant.library.dir=/usr/share/ant/lib org.apache.tools.ant.launch.Launcher -cp  -f /data3/cpy/MutAGENTest/mutantsgen/Wukong/defects4j/framework/projects/defects4j.build.xml -Dd4j.home=/data3/cpy/MutAGENTest/mutantsgen/Wukong/defects4j -Dd4j.dir.projects=/data3/cpy/MutAGENTest/mutantsgen/Wukong/defects4j/framework/projects -Dbasedir=/data3/cpy/MutAGENTest/src/defects4j_fixed/Csv/Csv_1_fixed -DOUTFILE=/data3/cpy/MutAGENTest/src/defects4j_fixed/Csv/Csv_1_fixed/failing_tests -Dd4j.test.dir=/data3/cpy/MutAGENTest/src/defects4j_fixed/Csv/Csv_1_fixed/.test_suite -Dd4j.test.include=*.java run.gen.tests
2025-05-16 20:25:02,462 - 由于超时，已删除测试方法: testReadShouldIncrementLineCounterOnlyOnceForCrLfSequence
2025-05-16 20:33:24,684 - 执行测试超时，尝试删除最后一个测试方法后重试..., ./defects4j_fixed/Csv/Csv_1_fixed
2025-05-16 20:33:24,685 - terminating..., ./defects4j_fixed/Csv/Csv_1_fixed
2025-05-16 20:33:24,686 - terminating..., ./defects4j_fixed/Csv/Csv_1_fixed
2025-05-16 20:33:24,686 - Csv_1_fixed
2025-05-16 20:33:24,730 - Killing PID=2899806 → changpy  2899806  0.0  0.0  12864  3508 pts/95   S+   20:25   0:00 sh -c cd /data3/cpy/MutAGENTest/src/defects4j_fixed/Csv/Csv_1_fixed && ant -f /data3/cpy/MutAGENTest/mutantsgen/Wukong/defects4j/framework/projects/defects4j.build.xml -Dd4j.home=/data3/cpy/MutAGENTest/mutantsgen/Wukong/defects4j -Dd4j.dir.projects=/data3/cpy/MutAGENTest/mutantsgen/Wukong/defects4j/framework/projects -Dbasedir=/data3/cpy/MutAGENTest/src/defects4j_fixed/Csv/Csv_1_fixed -DOUTFILE=/data3/cpy/MutAGENTest/src/defects4j_fixed/Csv/Csv_1_fixed/failing_tests -Dd4j.test.dir=/data3/cpy/MutAGENTest/src/defects4j_fixed/Csv/Csv_1_fixed/.test_suite -Dd4j.test.include=*.java  run.gen.tests 2>&1
2025-05-16 20:33:24,730 - Killing PID=2899808 → changpy  2899808  916 11.6 37734836 22980284 pts/95 Sl+ 20:25  76:04 /usr/lib/jvm/java-8-openjdk-amd64/jre/bin/java -classpath /usr/share/ant/lib/ant-launcher.jar -Dant.home=/usr/share/ant -Dant.library.dir=/usr/share/ant/lib org.apache.tools.ant.launch.Launcher -cp  -f /data3/cpy/MutAGENTest/mutantsgen/Wukong/defects4j/framework/projects/defects4j.build.xml -Dd4j.home=/data3/cpy/MutAGENTest/mutantsgen/Wukong/defects4j -Dd4j.dir.projects=/data3/cpy/MutAGENTest/mutantsgen/Wukong/defects4j/framework/projects -Dbasedir=/data3/cpy/MutAGENTest/src/defects4j_fixed/Csv/Csv_1_fixed -DOUTFILE=/data3/cpy/MutAGENTest/src/defects4j_fixed/Csv/Csv_1_fixed/failing_tests -Dd4j.test.dir=/data3/cpy/MutAGENTest/src/defects4j_fixed/Csv/Csv_1_fixed/.test_suite -Dd4j.test.include=*.java run.gen.tests
2025-05-16 20:33:25,351 - 由于超时，已删除测试方法: testReadShouldIncrementLineCounterOnNewlineWithoutPrecedingCarriageReturn
2025-05-16 20:41:47,217 - 执行测试超时，尝试删除最后一个测试方法后重试..., ./defects4j_fixed/Csv/Csv_1_fixed
2025-05-16 20:41:47,217 - terminating..., ./defects4j_fixed/Csv/Csv_1_fixed
2025-05-16 20:41:47,218 - terminating..., ./defects4j_fixed/Csv/Csv_1_fixed
2025-05-16 20:41:47,218 - Csv_1_fixed
2025-05-16 20:41:47,258 - Killing PID=2991881 → changpy  2991881  0.0  0.0  12864  3492 pts/95   S+   20:33   0:00 sh -c cd /data3/cpy/MutAGENTest/src/defects4j_fixed/Csv/Csv_1_fixed && ant -f /data3/cpy/MutAGENTest/mutantsgen/Wukong/defects4j/framework/projects/defects4j.build.xml -Dd4j.home=/data3/cpy/MutAGENTest/mutantsgen/Wukong/defects4j -Dd4j.dir.projects=/data3/cpy/MutAGENTest/mutantsgen/Wukong/defects4j/framework/projects -Dbasedir=/data3/cpy/MutAGENTest/src/defects4j_fixed/Csv/Csv_1_fixed -DOUTFILE=/data3/cpy/MutAGENTest/src/defects4j_fixed/Csv/Csv_1_fixed/failing_tests -Dd4j.test.dir=/data3/cpy/MutAGENTest/src/defects4j_fixed/Csv/Csv_1_fixed/.test_suite -Dd4j.test.include=*.java  run.gen.tests 2>&1
2025-05-16 20:41:47,258 - Killing PID=2991882 → changpy  2991882  915 11.5 37734836 22779040 pts/95 Sl+ 20:33  76:08 /usr/lib/jvm/java-8-openjdk-amd64/jre/bin/java -classpath /usr/share/ant/lib/ant-launcher.jar -Dant.home=/usr/share/ant -Dant.library.dir=/usr/share/ant/lib org.apache.tools.ant.launch.Launcher -cp  -f /data3/cpy/MutAGENTest/mutantsgen/Wukong/defects4j/framework/projects/defects4j.build.xml -Dd4j.home=/data3/cpy/MutAGENTest/mutantsgen/Wukong/defects4j -Dd4j.dir.projects=/data3/cpy/MutAGENTest/mutantsgen/Wukong/defects4j/framework/projects -Dbasedir=/data3/cpy/MutAGENTest/src/defects4j_fixed/Csv/Csv_1_fixed -DOUTFILE=/data3/cpy/MutAGENTest/src/defects4j_fixed/Csv/Csv_1_fixed/failing_tests -Dd4j.test.dir=/data3/cpy/MutAGENTest/src/defects4j_fixed/Csv/Csv_1_fixed/.test_suite -Dd4j.test.include=*.java run.gen.tests
2025-05-16 20:41:47,751 - 由于超时，已删除测试方法: testReadShouldIncrementLineCounterOnCarriageReturn
2025-05-16 20:47:53,413 - alive ./defects4j_fixed/Compress/Compress_21_fixed/src/main/java/org/apache/commons/compress/archivers/sevenz/SevenZOutputFile.java
2025-05-16 21:06:17,229 - 执行测试超时，尝试删除最后一个测试方法后重试..., ./defects4j_fixed/Csv/Csv_1_fixed
2025-05-16 21:06:17,230 - terminating..., ./defects4j_fixed/Csv/Csv_1_fixed
2025-05-16 21:06:17,231 - terminating..., ./defects4j_fixed/Csv/Csv_1_fixed
2025-05-16 21:06:17,231 - Csv_1_fixed
2025-05-16 21:06:17,272 - Killing PID=3131208 → changpy  3131208  0.0  0.0  12864  3592 pts/95   S+   20:57   0:00 sh -c cd /data3/cpy/MutAGENTest/src/defects4j_fixed/Csv/Csv_1_fixed && ant -f /data3/cpy/MutAGENTest/mutantsgen/Wukong/defects4j/framework/projects/defects4j.build.xml -Dd4j.home=/data3/cpy/MutAGENTest/mutantsgen/Wukong/defects4j -Dd4j.dir.projects=/data3/cpy/MutAGENTest/mutantsgen/Wukong/defects4j/framework/projects -Dbasedir=/data3/cpy/MutAGENTest/src/defects4j_fixed/Csv/Csv_1_fixed -DOUTFILE=/data3/cpy/MutAGENTest/src/defects4j_fixed/Csv/Csv_1_fixed/failing_tests -Dd4j.test.dir=/data3/cpy/MutAGENTest/src/defects4j_fixed/Csv/Csv_1_fixed/.test_suite -Dd4j.test.include=*.java  run.gen.tests 2>&1
2025-05-16 21:06:17,272 - Killing PID=3131209 → changpy  3131209  868 11.9 37734836 23539760 pts/95 Sl+ 20:57  72:11 /usr/lib/jvm/java-8-openjdk-amd64/jre/bin/java -classpath /usr/share/ant/lib/ant-launcher.jar -Dant.home=/usr/share/ant -Dant.library.dir=/usr/share/ant/lib org.apache.tools.ant.launch.Launcher -cp  -f /data3/cpy/MutAGENTest/mutantsgen/Wukong/defects4j/framework/projects/defects4j.build.xml -Dd4j.home=/data3/cpy/MutAGENTest/mutantsgen/Wukong/defects4j -Dd4j.dir.projects=/data3/cpy/MutAGENTest/mutantsgen/Wukong/defects4j/framework/projects -Dbasedir=/data3/cpy/MutAGENTest/src/defects4j_fixed/Csv/Csv_1_fixed -DOUTFILE=/data3/cpy/MutAGENTest/src/defects4j_fixed/Csv/Csv_1_fixed/failing_tests -Dd4j.test.dir=/data3/cpy/MutAGENTest/src/defects4j_fixed/Csv/Csv_1_fixed/.test_suite -Dd4j.test.include=*.java run.gen.tests
2025-05-16 21:06:17,813 - 由于超时，已删除测试方法: testRead_LineCounting_ShouldDetectMutant
2025-05-16 21:14:39,557 - 执行测试超时，尝试删除最后一个测试方法后重试..., ./defects4j_fixed/Csv/Csv_1_fixed
2025-05-16 21:14:39,558 - terminating..., ./defects4j_fixed/Csv/Csv_1_fixed
2025-05-16 21:14:39,559 - terminating..., ./defects4j_fixed/Csv/Csv_1_fixed
2025-05-16 21:14:39,559 - Csv_1_fixed
2025-05-16 21:14:39,601 - Killing PID=3184107 → changpy  3184107  0.0  0.0  12864  3432 pts/95   S+   21:06   0:00 sh -c cd /data3/cpy/MutAGENTest/src/defects4j_fixed/Csv/Csv_1_fixed && ant -f /data3/cpy/MutAGENTest/mutantsgen/Wukong/defects4j/framework/projects/defects4j.build.xml -Dd4j.home=/data3/cpy/MutAGENTest/mutantsgen/Wukong/defects4j -Dd4j.dir.projects=/data3/cpy/MutAGENTest/mutantsgen/Wukong/defects4j/framework/projects -Dbasedir=/data3/cpy/MutAGENTest/src/defects4j_fixed/Csv/Csv_1_fixed -DOUTFILE=/data3/cpy/MutAGENTest/src/defects4j_fixed/Csv/Csv_1_fixed/failing_tests -Dd4j.test.dir=/data3/cpy/MutAGENTest/src/defects4j_fixed/Csv/Csv_1_fixed/.test_suite -Dd4j.test.include=*.java  run.gen.tests 2>&1
2025-05-16 21:14:39,601 - Killing PID=3184108 → changpy  3184108  913 12.1 37734836 24033064 pts/95 Sl+ 21:06  75:57 /usr/lib/jvm/java-8-openjdk-amd64/jre/bin/java -classpath /usr/share/ant/lib/ant-launcher.jar -Dant.home=/usr/share/ant -Dant.library.dir=/usr/share/ant/lib org.apache.tools.ant.launch.Launcher -cp  -f /data3/cpy/MutAGENTest/mutantsgen/Wukong/defects4j/framework/projects/defects4j.build.xml -Dd4j.home=/data3/cpy/MutAGENTest/mutantsgen/Wukong/defects4j -Dd4j.dir.projects=/data3/cpy/MutAGENTest/mutantsgen/Wukong/defects4j/framework/projects -Dbasedir=/data3/cpy/MutAGENTest/src/defects4j_fixed/Csv/Csv_1_fixed -DOUTFILE=/data3/cpy/MutAGENTest/src/defects4j_fixed/Csv/Csv_1_fixed/failing_tests -Dd4j.test.dir=/data3/cpy/MutAGENTest/src/defects4j_fixed/Csv/Csv_1_fixed/.test_suite -Dd4j.test.include=*.java run.gen.tests
2025-05-16 21:14:40,301 - 由于超时，已删除测试方法: testReadShouldIncrementLineCounterForLineEndings
2025-05-16 21:28:30,557 - 执行测试超时，尝试删除最后一个测试方法后重试..., ./defects4j_fixed/Csv/Csv_1_fixed
2025-05-16 21:28:30,558 - terminating..., ./defects4j_fixed/Csv/Csv_1_fixed
2025-05-16 21:28:30,559 - terminating..., ./defects4j_fixed/Csv/Csv_1_fixed
2025-05-16 21:28:30,559 - Csv_1_fixed
2025-05-16 21:28:30,598 - Killing PID=3251552 → changpy  3251552  0.0  0.0  12864  3508 pts/95   S+   21:20   0:00 sh -c cd /data3/cpy/MutAGENTest/src/defects4j_fixed/Csv/Csv_1_fixed && ant -f /data3/cpy/MutAGENTest/mutantsgen/Wukong/defects4j/framework/projects/defects4j.build.xml -Dd4j.home=/data3/cpy/MutAGENTest/mutantsgen/Wukong/defects4j -Dd4j.dir.projects=/data3/cpy/MutAGENTest/mutantsgen/Wukong/defects4j/framework/projects -Dbasedir=/data3/cpy/MutAGENTest/src/defects4j_fixed/Csv/Csv_1_fixed -DOUTFILE=/data3/cpy/MutAGENTest/src/defects4j_fixed/Csv/Csv_1_fixed/failing_tests -Dd4j.test.dir=/data3/cpy/MutAGENTest/src/defects4j_fixed/Csv/Csv_1_fixed/.test_suite -Dd4j.test.include=*.java  run.gen.tests 2>&1
2025-05-16 21:28:30,598 - Killing PID=3251553 → changpy  3251553  923 11.8 37734836 23383304 pts/95 Sl+ 21:20  76:46 /usr/lib/jvm/java-8-openjdk-amd64/jre/bin/java -classpath /usr/share/ant/lib/ant-launcher.jar -Dant.home=/usr/share/ant -Dant.library.dir=/usr/share/ant/lib org.apache.tools.ant.launch.Launcher -cp  -f /data3/cpy/MutAGENTest/mutantsgen/Wukong/defects4j/framework/projects/defects4j.build.xml -Dd4j.home=/data3/cpy/MutAGENTest/mutantsgen/Wukong/defects4j -Dd4j.dir.projects=/data3/cpy/MutAGENTest/mutantsgen/Wukong/defects4j/framework/projects -Dbasedir=/data3/cpy/MutAGENTest/src/defects4j_fixed/Csv/Csv_1_fixed -DOUTFILE=/data3/cpy/MutAGENTest/src/defects4j_fixed/Csv/Csv_1_fixed/failing_tests -Dd4j.test.dir=/data3/cpy/MutAGENTest/src/defects4j_fixed/Csv/Csv_1_fixed/.test_suite -Dd4j.test.include=*.java run.gen.tests
2025-05-16 21:28:31,143 - 由于超时，已删除测试方法: testReadLineCountingWithCarriageReturn
2025-05-16 21:36:53,008 - 执行测试超时，尝试删除最后一个测试方法后重试..., ./defects4j_fixed/Csv/Csv_1_fixed
2025-05-16 21:36:53,008 - terminating..., ./defects4j_fixed/Csv/Csv_1_fixed
2025-05-16 21:36:53,010 - terminating..., ./defects4j_fixed/Csv/Csv_1_fixed
2025-05-16 21:36:53,010 - Csv_1_fixed
2025-05-16 21:36:53,047 - Killing PID=3281599 → changpy  3281599  0.0  0.0  12864  3524 pts/95   S+   21:28   0:00 sh -c cd /data3/cpy/MutAGENTest/src/defects4j_fixed/Csv/Csv_1_fixed && ant -f /data3/cpy/MutAGENTest/mutantsgen/Wukong/defects4j/framework/projects/defects4j.build.xml -Dd4j.home=/data3/cpy/MutAGENTest/mutantsgen/Wukong/defects4j -Dd4j.dir.projects=/data3/cpy/MutAGENTest/mutantsgen/Wukong/defects4j/framework/projects -Dbasedir=/data3/cpy/MutAGENTest/src/defects4j_fixed/Csv/Csv_1_fixed -DOUTFILE=/data3/cpy/MutAGENTest/src/defects4j_fixed/Csv/Csv_1_fixed/failing_tests -Dd4j.test.dir=/data3/cpy/MutAGENTest/src/defects4j_fixed/Csv/Csv_1_fixed/.test_suite -Dd4j.test.include=*.java  run.gen.tests 2>&1
2025-05-16 21:36:53,048 - Killing PID=3281600 → changpy  3281600  911 11.9 37734836 23695424 pts/95 Sl+ 21:28  75:40 /usr/lib/jvm/java-8-openjdk-amd64/jre/bin/java -classpath /usr/share/ant/lib/ant-launcher.jar -Dant.home=/usr/share/ant -Dant.library.dir=/usr/share/ant/lib org.apache.tools.ant.launch.Launcher -cp  -f /data3/cpy/MutAGENTest/mutantsgen/Wukong/defects4j/framework/projects/defects4j.build.xml -Dd4j.home=/data3/cpy/MutAGENTest/mutantsgen/Wukong/defects4j -Dd4j.dir.projects=/data3/cpy/MutAGENTest/mutantsgen/Wukong/defects4j/framework/projects -Dbasedir=/data3/cpy/MutAGENTest/src/defects4j_fixed/Csv/Csv_1_fixed -DOUTFILE=/data3/cpy/MutAGENTest/src/defects4j_fixed/Csv/Csv_1_fixed/failing_tests -Dd4j.test.dir=/data3/cpy/MutAGENTest/src/defects4j_fixed/Csv/Csv_1_fixed/.test_suite -Dd4j.test.include=*.java run.gen.tests
2025-05-16 21:36:53,562 - 由于超时，已删除测试方法: testReadLineCountingWithNewline2
2025-05-16 21:45:15,457 - 执行测试超时，尝试删除最后一个测试方法后重试..., ./defects4j_fixed/Csv/Csv_1_fixed
2025-05-16 21:45:15,458 - terminating..., ./defects4j_fixed/Csv/Csv_1_fixed
2025-05-16 21:45:15,459 - terminating..., ./defects4j_fixed/Csv/Csv_1_fixed
2025-05-16 21:45:15,459 - Csv_1_fixed
2025-05-16 21:45:15,506 - Killing PID=3352042 → changpy  3352042  0.0  0.0  12864  3464 pts/95   S+   21:36   0:00 sh -c cd /data3/cpy/MutAGENTest/src/defects4j_fixed/Csv/Csv_1_fixed && ant -f /data3/cpy/MutAGENTest/mutantsgen/Wukong/defects4j/framework/projects/defects4j.build.xml -Dd4j.home=/data3/cpy/MutAGENTest/mutantsgen/Wukong/defects4j -Dd4j.dir.projects=/data3/cpy/MutAGENTest/mutantsgen/Wukong/defects4j/framework/projects -Dbasedir=/data3/cpy/MutAGENTest/src/defects4j_fixed/Csv/Csv_1_fixed -DOUTFILE=/data3/cpy/MutAGENTest/src/defects4j_fixed/Csv/Csv_1_fixed/failing_tests -Dd4j.test.dir=/data3/cpy/MutAGENTest/src/defects4j_fixed/Csv/Csv_1_fixed/.test_suite -Dd4j.test.include=*.java  run.gen.tests 2>&1
2025-05-16 21:45:15,506 - Killing PID=3352043 → changpy  3352043  921 12.0 37734836 23813468 pts/95 Sl+ 21:36  76:37 /usr/lib/jvm/java-8-openjdk-amd64/jre/bin/java -classpath /usr/share/ant/lib/ant-launcher.jar -Dant.home=/usr/share/ant -Dant.library.dir=/usr/share/ant/lib org.apache.tools.ant.launch.Launcher -cp  -f /data3/cpy/MutAGENTest/mutantsgen/Wukong/defects4j/framework/projects/defects4j.build.xml -Dd4j.home=/data3/cpy/MutAGENTest/mutantsgen/Wukong/defects4j -Dd4j.dir.projects=/data3/cpy/MutAGENTest/mutantsgen/Wukong/defects4j/framework/projects -Dbasedir=/data3/cpy/MutAGENTest/src/defects4j_fixed/Csv/Csv_1_fixed -DOUTFILE=/data3/cpy/MutAGENTest/src/defects4j_fixed/Csv/Csv_1_fixed/failing_tests -Dd4j.test.dir=/data3/cpy/MutAGENTest/src/defects4j_fixed/Csv/Csv_1_fixed/.test_suite -Dd4j.test.include=*.java run.gen.tests
2025-05-16 21:45:16,052 - 由于超时，已删除测试方法: testReadLineCountingWithConsecutiveLineEndings
2025-05-16 21:53:37,945 - 执行测试超时，尝试删除最后一个测试方法后重试..., ./defects4j_fixed/Csv/Csv_1_fixed
2025-05-16 21:53:37,946 - terminating..., ./defects4j_fixed/Csv/Csv_1_fixed
2025-05-16 21:53:37,948 - terminating..., ./defects4j_fixed/Csv/Csv_1_fixed
2025-05-16 21:53:37,948 - Csv_1_fixed
2025-05-16 21:53:37,988 - Killing PID=3411132 → changpy  3411132  0.0  0.0  12864  3512 pts/95   S+   21:45   0:00 sh -c cd /data3/cpy/MutAGENTest/src/defects4j_fixed/Csv/Csv_1_fixed && ant -f /data3/cpy/MutAGENTest/mutantsgen/Wukong/defects4j/framework/projects/defects4j.build.xml -Dd4j.home=/data3/cpy/MutAGENTest/mutantsgen/Wukong/defects4j -Dd4j.dir.projects=/data3/cpy/MutAGENTest/mutantsgen/Wukong/defects4j/framework/projects -Dbasedir=/data3/cpy/MutAGENTest/src/defects4j_fixed/Csv/Csv_1_fixed -DOUTFILE=/data3/cpy/MutAGENTest/src/defects4j_fixed/Csv/Csv_1_fixed/failing_tests -Dd4j.test.dir=/data3/cpy/MutAGENTest/src/defects4j_fixed/Csv/Csv_1_fixed/.test_suite -Dd4j.test.include=*.java  run.gen.tests 2>&1
2025-05-16 21:53:37,988 - Killing PID=3411133 → changpy  3411133  917 11.7 37734836 23280412 pts/95 Sl+ 21:45  76:10 /usr/lib/jvm/java-8-openjdk-amd64/jre/bin/java -classpath /usr/share/ant/lib/ant-launcher.jar -Dant.home=/usr/share/ant -Dant.library.dir=/usr/share/ant/lib org.apache.tools.ant.launch.Launcher -cp  -f /data3/cpy/MutAGENTest/mutantsgen/Wukong/defects4j/framework/projects/defects4j.build.xml -Dd4j.home=/data3/cpy/MutAGENTest/mutantsgen/Wukong/defects4j -Dd4j.dir.projects=/data3/cpy/MutAGENTest/mutantsgen/Wukong/defects4j/framework/projects -Dbasedir=/data3/cpy/MutAGENTest/src/defects4j_fixed/Csv/Csv_1_fixed -DOUTFILE=/data3/cpy/MutAGENTest/src/defects4j_fixed/Csv/Csv_1_fixed/failing_tests -Dd4j.test.dir=/data3/cpy/MutAGENTest/src/defects4j_fixed/Csv/Csv_1_fixed/.test_suite -Dd4j.test.include=*.java run.gen.tests
2025-05-16 21:53:38,571 - 由于超时，已删除测试方法: testReadLineCountingDetectsMutant1
2025-05-16 22:09:27,252 - 执行测试超时，尝试删除最后一个测试方法后重试..., ./defects4j_fixed/Csv/Csv_1_fixed
2025-05-16 22:09:27,252 - terminating..., ./defects4j_fixed/Csv/Csv_1_fixed
2025-05-16 22:09:27,254 - terminating..., ./defects4j_fixed/Csv/Csv_1_fixed
2025-05-16 22:09:27,254 - Csv_1_fixed
2025-05-16 22:09:27,292 - Killing PID=3493524 → changpy  3493524  0.0  0.0  12864  3460 pts/95   S+   22:01   0:00 sh -c cd /data3/cpy/MutAGENTest/src/defects4j_fixed/Csv/Csv_1_fixed && ant -f /data3/cpy/MutAGENTest/mutantsgen/Wukong/defects4j/framework/projects/defects4j.build.xml -Dd4j.home=/data3/cpy/MutAGENTest/mutantsgen/Wukong/defects4j -Dd4j.dir.projects=/data3/cpy/MutAGENTest/mutantsgen/Wukong/defects4j/framework/projects -Dbasedir=/data3/cpy/MutAGENTest/src/defects4j_fixed/Csv/Csv_1_fixed -DOUTFILE=/data3/cpy/MutAGENTest/src/defects4j_fixed/Csv/Csv_1_fixed/failing_tests -Dd4j.test.dir=/data3/cpy/MutAGENTest/src/defects4j_fixed/Csv/Csv_1_fixed/.test_suite -Dd4j.test.include=*.java  run.gen.tests 2>&1
2025-05-16 22:09:27,292 - Killing PID=3493525 → changpy  3493525  106  0.9 37734836 1881916 pts/95 Sl+ 22:01   8:51 /usr/lib/jvm/java-8-openjdk-amd64/jre/bin/java -classpath /usr/share/ant/lib/ant-launcher.jar -Dant.home=/usr/share/ant -Dant.library.dir=/usr/share/ant/lib org.apache.tools.ant.launch.Launcher -cp  -f /data3/cpy/MutAGENTest/mutantsgen/Wukong/defects4j/framework/projects/defects4j.build.xml -Dd4j.home=/data3/cpy/MutAGENTest/mutantsgen/Wukong/defects4j -Dd4j.dir.projects=/data3/cpy/MutAGENTest/mutantsgen/Wukong/defects4j/framework/projects -Dbasedir=/data3/cpy/MutAGENTest/src/defects4j_fixed/Csv/Csv_1_fixed -DOUTFILE=/data3/cpy/MutAGENTest/src/defects4j_fixed/Csv/Csv_1_fixed/failing_tests -Dd4j.test.dir=/data3/cpy/MutAGENTest/src/defects4j_fixed/Csv/Csv_1_fixed/.test_suite -Dd4j.test.include=*.java run.gen.tests
2025-05-16 22:09:27,977 - 由于超时，已删除测试方法: testLineCounterIncrementsCorrectly
2025-05-16 22:10:01,659 - alive ./defects4j_fixed/Compress/Compress_22_fixed/src/main/java/org/apache/commons/compress/compressors/bzip2/BZip2CompressorInputStream.java
2025-05-16 22:27:04,001 - 执行测试超时，尝试删除最后一个测试方法后重试..., ./defects4j_fixed/Csv/Csv_1_fixed
2025-05-16 22:27:04,002 - terminating..., ./defects4j_fixed/Csv/Csv_1_fixed
2025-05-16 22:27:04,004 - terminating..., ./defects4j_fixed/Csv/Csv_1_fixed
2025-05-16 22:27:04,004 - Csv_1_fixed
2025-05-16 22:27:04,046 - Killing PID=3585568 → changpy  3585568  0.0  0.0  12864  3488 pts/95   S+   22:18   0:00 sh -c cd /data3/cpy/MutAGENTest/src/defects4j_fixed/Csv/Csv_1_fixed && ant -f /data3/cpy/MutAGENTest/mutantsgen/Wukong/defects4j/framework/projects/defects4j.build.xml -Dd4j.home=/data3/cpy/MutAGENTest/mutantsgen/Wukong/defects4j -Dd4j.dir.projects=/data3/cpy/MutAGENTest/mutantsgen/Wukong/defects4j/framework/projects -Dbasedir=/data3/cpy/MutAGENTest/src/defects4j_fixed/Csv/Csv_1_fixed -DOUTFILE=/data3/cpy/MutAGENTest/src/defects4j_fixed/Csv/Csv_1_fixed/failing_tests -Dd4j.test.dir=/data3/cpy/MutAGENTest/src/defects4j_fixed/Csv/Csv_1_fixed/.test_suite -Dd4j.test.include=*.java  run.gen.tests 2>&1
2025-05-16 22:27:04,046 - Killing PID=3585569 → changpy  3585569  935 12.1 37734836 23945172 pts/95 Sl+ 22:18  77:36 /usr/lib/jvm/java-8-openjdk-amd64/jre/bin/java -classpath /usr/share/ant/lib/ant-launcher.jar -Dant.home=/usr/share/ant -Dant.library.dir=/usr/share/ant/lib org.apache.tools.ant.launch.Launcher -cp  -f /data3/cpy/MutAGENTest/mutantsgen/Wukong/defects4j/framework/projects/defects4j.build.xml -Dd4j.home=/data3/cpy/MutAGENTest/mutantsgen/Wukong/defects4j -Dd4j.dir.projects=/data3/cpy/MutAGENTest/mutantsgen/Wukong/defects4j/framework/projects -Dbasedir=/data3/cpy/MutAGENTest/src/defects4j_fixed/Csv/Csv_1_fixed -DOUTFILE=/data3/cpy/MutAGENTest/src/defects4j_fixed/Csv/Csv_1_fixed/failing_tests -Dd4j.test.dir=/data3/cpy/MutAGENTest/src/defects4j_fixed/Csv/Csv_1_fixed/.test_suite -Dd4j.test.include=*.java run.gen.tests
2025-05-16 22:27:04,950 - 由于超时，已删除测试方法: testRead_DetectsMutatedLastCharAssignment
2025-05-16 22:35:26,965 - 执行测试超时，尝试删除最后一个测试方法后重试..., ./defects4j_fixed/Csv/Csv_1_fixed
2025-05-16 22:35:26,966 - terminating..., ./defects4j_fixed/Csv/Csv_1_fixed
2025-05-16 22:35:26,967 - terminating..., ./defects4j_fixed/Csv/Csv_1_fixed
2025-05-16 22:35:26,967 - Csv_1_fixed
2025-05-16 22:35:27,022 - Killing PID=3632887 → changpy  3632887  0.0  0.0  12864  3268 pts/95   S+   22:27   0:00 sh -c cd /data3/cpy/MutAGENTest/src/defects4j_fixed/Csv/Csv_1_fixed && ant -f /data3/cpy/MutAGENTest/mutantsgen/Wukong/defects4j/framework/projects/defects4j.build.xml -Dd4j.home=/data3/cpy/MutAGENTest/mutantsgen/Wukong/defects4j -Dd4j.dir.projects=/data3/cpy/MutAGENTest/mutantsgen/Wukong/defects4j/framework/projects -Dbasedir=/data3/cpy/MutAGENTest/src/defects4j_fixed/Csv/Csv_1_fixed -DOUTFILE=/data3/cpy/MutAGENTest/src/defects4j_fixed/Csv/Csv_1_fixed/failing_tests -Dd4j.test.dir=/data3/cpy/MutAGENTest/src/defects4j_fixed/Csv/Csv_1_fixed/.test_suite -Dd4j.test.include=*.java  run.gen.tests 2>&1
2025-05-16 22:35:27,022 - Killing PID=3632888 → changpy  3632888 1000 12.3 37734836 24466368 pts/95 Sl+ 22:27  83:01 /usr/lib/jvm/java-8-openjdk-amd64/jre/bin/java -classpath /usr/share/ant/lib/ant-launcher.jar -Dant.home=/usr/share/ant -Dant.library.dir=/usr/share/ant/lib org.apache.tools.ant.launch.Launcher -cp  -f /data3/cpy/MutAGENTest/mutantsgen/Wukong/defects4j/framework/projects/defects4j.build.xml -Dd4j.home=/data3/cpy/MutAGENTest/mutantsgen/Wukong/defects4j -Dd4j.dir.projects=/data3/cpy/MutAGENTest/mutantsgen/Wukong/defects4j/framework/projects -Dbasedir=/data3/cpy/MutAGENTest/src/defects4j_fixed/Csv/Csv_1_fixed -DOUTFILE=/data3/cpy/MutAGENTest/src/defects4j_fixed/Csv/Csv_1_fixed/failing_tests -Dd4j.test.dir=/data3/cpy/MutAGENTest/src/defects4j_fixed/Csv/Csv_1_fixed/.test_suite -Dd4j.test.include=*.java run.gen.tests
2025-05-16 22:35:27,551 - 由于超时，已删除测试方法: testRead_LastCharTracking1
2025-05-16 22:49:29,709 - 执行测试超时，尝试删除最后一个测试方法后重试..., ./defects4j_fixed/Csv/Csv_1_fixed
2025-05-16 22:49:29,710 - terminating..., ./defects4j_fixed/Csv/Csv_1_fixed
2025-05-16 22:49:29,711 - terminating..., ./defects4j_fixed/Csv/Csv_1_fixed
2025-05-16 22:49:29,712 - Csv_1_fixed
2025-05-16 22:49:29,754 - Killing PID=3702664 → changpy  3702664  0.0  0.0  12864  3536 pts/95   S+   22:41   0:00 sh -c cd /data3/cpy/MutAGENTest/src/defects4j_fixed/Csv/Csv_1_fixed && ant -f /data3/cpy/MutAGENTest/mutantsgen/Wukong/defects4j/framework/projects/defects4j.build.xml -Dd4j.home=/data3/cpy/MutAGENTest/mutantsgen/Wukong/defects4j -Dd4j.dir.projects=/data3/cpy/MutAGENTest/mutantsgen/Wukong/defects4j/framework/projects -Dbasedir=/data3/cpy/MutAGENTest/src/defects4j_fixed/Csv/Csv_1_fixed -DOUTFILE=/data3/cpy/MutAGENTest/src/defects4j_fixed/Csv/Csv_1_fixed/failing_tests -Dd4j.test.dir=/data3/cpy/MutAGENTest/src/defects4j_fixed/Csv/Csv_1_fixed/.test_suite -Dd4j.test.include=*.java  run.gen.tests 2>&1
2025-05-16 22:49:29,755 - Killing PID=3702672 → changpy  3702672  900 12.0 37734836 23850160 pts/95 Sl+ 22:41  74:46 /usr/lib/jvm/java-8-openjdk-amd64/jre/bin/java -classpath /usr/share/ant/lib/ant-launcher.jar -Dant.home=/usr/share/ant -Dant.library.dir=/usr/share/ant/lib org.apache.tools.ant.launch.Launcher -cp  -f /data3/cpy/MutAGENTest/mutantsgen/Wukong/defects4j/framework/projects/defects4j.build.xml -Dd4j.home=/data3/cpy/MutAGENTest/mutantsgen/Wukong/defects4j -Dd4j.dir.projects=/data3/cpy/MutAGENTest/mutantsgen/Wukong/defects4j/framework/projects -Dbasedir=/data3/cpy/MutAGENTest/src/defects4j_fixed/Csv/Csv_1_fixed -DOUTFILE=/data3/cpy/MutAGENTest/src/defects4j_fixed/Csv/Csv_1_fixed/failing_tests -Dd4j.test.dir=/data3/cpy/MutAGENTest/src/defects4j_fixed/Csv/Csv_1_fixed/.test_suite -Dd4j.test.include=*.java run.gen.tests
2025-05-16 22:49:30,553 - 由于超时，已删除测试方法: testReadReturnsCorrectLength1
2025-05-16 22:57:52,687 - 执行测试超时，尝试删除最后一个测试方法后重试..., ./defects4j_fixed/Csv/Csv_1_fixed
2025-05-16 22:57:52,687 - terminating..., ./defects4j_fixed/Csv/Csv_1_fixed
2025-05-16 22:57:52,689 - terminating..., ./defects4j_fixed/Csv/Csv_1_fixed
2025-05-16 22:57:52,689 - Csv_1_fixed
2025-05-16 22:57:52,725 - Killing PID=3730603 → changpy  3730603  0.0  0.0  12864  3268 pts/95   S+   22:49   0:00 sh -c cd /data3/cpy/MutAGENTest/src/defects4j_fixed/Csv/Csv_1_fixed && ant -f /data3/cpy/MutAGENTest/mutantsgen/Wukong/defects4j/framework/projects/defects4j.build.xml -Dd4j.home=/data3/cpy/MutAGENTest/mutantsgen/Wukong/defects4j -Dd4j.dir.projects=/data3/cpy/MutAGENTest/mutantsgen/Wukong/defects4j/framework/projects -Dbasedir=/data3/cpy/MutAGENTest/src/defects4j_fixed/Csv/Csv_1_fixed -DOUTFILE=/data3/cpy/MutAGENTest/src/defects4j_fixed/Csv/Csv_1_fixed/failing_tests -Dd4j.test.dir=/data3/cpy/MutAGENTest/src/defects4j_fixed/Csv/Csv_1_fixed/.test_suite -Dd4j.test.include=*.java  run.gen.tests 2>&1
2025-05-16 22:57:52,725 - Killing PID=3730604 → changpy  3730604  892 11.9 37734836 23679328 pts/95 Sl+ 22:49  74:02 /usr/lib/jvm/java-8-openjdk-amd64/jre/bin/java -classpath /usr/share/ant/lib/ant-launcher.jar -Dant.home=/usr/share/ant -Dant.library.dir=/usr/share/ant/lib org.apache.tools.ant.launch.Launcher -cp  -f /data3/cpy/MutAGENTest/mutantsgen/Wukong/defects4j/framework/projects/defects4j.build.xml -Dd4j.home=/data3/cpy/MutAGENTest/mutantsgen/Wukong/defects4j -Dd4j.dir.projects=/data3/cpy/MutAGENTest/mutantsgen/Wukong/defects4j/framework/projects -Dbasedir=/data3/cpy/MutAGENTest/src/defects4j_fixed/Csv/Csv_1_fixed -DOUTFILE=/data3/cpy/MutAGENTest/src/defects4j_fixed/Csv/Csv_1_fixed/failing_tests -Dd4j.test.dir=/data3/cpy/MutAGENTest/src/defects4j_fixed/Csv/Csv_1_fixed/.test_suite -Dd4j.test.include=*.java run.gen.tests
2025-05-16 22:57:53,540 - 由于超时，已删除测试方法: testReadReturnsLastCharNotCurrent1
2025-05-16 23:06:08,599 - alive ./defects4j_fixed/Compress/Compress_24_fixed/src/main/java/org/apache/commons/compress/archivers/tar/TarUtils.java
2025-05-16 23:10:37,868 - alive ./defects4j_fixed/Compress/Compress_23_fixed/src/main/java/org/apache/commons/compress/archivers/sevenz/Coders.java
2025-05-16 23:24:24,098 - alive ./defects4j_fixed/Compress/Compress_26_fixed/src/main/java/org/apache/commons/compress/utils/IOUtils.java
2025-05-16 23:31:31,757 - alive ./defects4j_fixed/Compress/Compress_25_fixed/src/main/java/org/apache/commons/compress/archivers/zip/ZipArchiveInputStream.java
2025-05-16 23:37:36,473 - alive ./defects4j_fixed/Compress/Compress_27_fixed/src/main/java/org/apache/commons/compress/archivers/tar/TarUtils.java
2025-05-16 23:58:14,270 - alive ./defects4j_fixed/Compress/Compress_28_fixed/src/main/java/org/apache/commons/compress/archivers/tar/TarArchiveInputStream.java
2025-05-17 00:11:26,310 - alive ./defects4j_fixed/Compress/Compress_29_fixed/src/main/java/org/apache/commons/compress/archivers/ArchiveStreamFactory.java
2025-05-17 00:13:47,784 - alive ./defects4j_fixed/Compress/Compress_30_fixed/src/main/java/org/apache/commons/compress/compressors/bzip2/BZip2CompressorInputStream.java
2025-05-17 00:13:47,906 - alive ./defects4j_fixed/Compress/Compress_31_fixed/src/main/java/org/apache/commons/compress/archivers/tar/TarUtils.java
2025-05-17 00:19:50,551 - alive ./defects4j_fixed/Compress/Compress_32_fixed/src/main/java/org/apache/commons/compress/archivers/tar/TarArchiveInputStream.java
2025-05-17 00:20:12,771 - alive ./defects4j_fixed/Compress/Compress_33_fixed/src/main/java/org/apache/commons/compress/compressors/CompressorStreamFactory.java
2025-05-17 00:25:18,838 - alive ./defects4j_fixed/Compress/Compress_34_fixed/src/main/java/org/apache/commons/compress/archivers/zip/X7875_NewUnix.java
2025-05-17 00:32:27,047 - alive ./defects4j_fixed/Compress/Compress_35_fixed/src/main/java/org/apache/commons/compress/archivers/tar/TarUtils.java
2025-05-17 00:37:20,921 - alive ./defects4j_fixed/Compress/Compress_36_fixed/src/main/java/org/apache/commons/compress/archivers/sevenz/SevenZFile.java
2025-05-17 00:51:01,224 - alive ./defects4j_fixed/Compress/Compress_38_fixed/src/main/java/org/apache/commons/compress/archivers/tar/TarArchiveEntry.java
2025-05-17 00:54:41,882 - alive ./defects4j_fixed/Compress/Compress_37_fixed/src/main/java/org/apache/commons/compress/archivers/tar/TarArchiveInputStream.java
2025-05-17 01:08:11,996 - alive ./defects4j_fixed/Compress/Compress_39_fixed/src/main/java/org/apache/commons/compress/utils/ArchiveUtils.java
2025-05-17 01:16:07,118 - alive ./defects4j_fixed/Compress/Compress_40_fixed/src/main/java/org/apache/commons/compress/utils/BitInputStream.java
2025-05-17 01:31:03,280 - alive ./defects4j_fixed/Compress/Compress_41_fixed/src/main/java/org/apache/commons/compress/archivers/zip/ZipArchiveInputStream.java
2025-05-17 01:34:23,450 - alive ./defects4j_fixed/Compress/Compress_44_fixed/src/main/java/org/apache/commons/compress/utils/ChecksumCalculatingInputStream.java
2025-05-17 01:34:53,530 - alive ./defects4j_fixed/Compress/Compress_43_fixed/src/main/java/org/apache/commons/compress/archivers/zip/ZipArchiveOutputStream.java
2025-05-17 01:40:24,515 - alive ./defects4j_fixed/Compress/Compress_45_fixed/src/main/java/org/apache/commons/compress/archivers/tar/TarUtils.java
2025-05-17 01:48:35,339 - alive ./defects4j_fixed/Compress/Compress_46_fixed/src/main/java/org/apache/commons/compress/archivers/zip/X5455_ExtendedTimestamp.java
2025-05-17 01:56:59,296 - alive ./defects4j_fixed/Compress/Compress_47_fixed/src/main/java/org/apache/commons/compress/archivers/zip/ZipArchiveInputStream.java
2025-05-17 03:11:17,466 - alive ./defects4j_fixed/Csv/Csv_8_fixed/src/main/java/org/apache/commons/csv/CSVFormat.java
2025-05-17 03:17:13,506 - alive ./defects4j_fixed/Csv/Csv_14_fixed/src/main/java/org/apache/commons/csv/CSVFormat.java
2025-05-17 03:17:20,840 - alive ./defects4j_fixed/Csv/Csv_15_fixed/src/main/java/org/apache/commons/csv/CSVFormat.java
2025-05-17 18:01:08,722 - alive ./defects4j_fixed/Csv/Csv_14_fixed/src/main/java/org/apache/commons/csv/CSVFormat.java
2025-05-17 18:06:29,987 - alive ./defects4j_fixed/Csv/Csv_15_fixed/src/main/java/org/apache/commons/csv/CSVFormat.java
2025-05-17 18:06:31,321 - alive ./defects4j_fixed/Csv/Csv_14_fixed/src/main/java/org/apache/commons/csv/CSVFormat.java
2025-05-17 18:06:41,221 - alive ./defects4j_fixed/Csv/Csv_8_fixed/src/main/java/org/apache/commons/csv/CSVFormat.java
2025-05-17 20:52:13,422 - alive ./defects4j_fixed/Csv/Csv_14_fixed/src/main/java/org/apache/commons/csv/CSVFormat.java
2025-05-17 20:54:24,438 - alive ./defects4j_fixed/Csv/Csv_14_fixed/src/main/java/org/apache/commons/csv/CSVFormat.java
2025-05-17 21:08:08,478 - alive ./defects4j_fixed/Csv/Csv_14_fixed/src/main/java/org/apache/commons/csv/CSVFormat.java
2025-05-17 21:15:29,797 - alive ./defects4j_fixed/Csv/Csv_14_fixed/src/main/java/org/apache/commons/csv/CSVFormat.java
2025-05-17 22:01:35,349 - alive ./defects4j_fixed/Csv/Csv_8_fixed/src/main/java/org/apache/commons/csv/CSVFormat.java
2025-05-17 23:48:51,169 - alive ./defects4j_fixed/Csv/Csv_15_fixed/src/main/java/org/apache/commons/csv/CSVFormat.java
2025-05-18 15:00:47,489 - alive ./defects4j_fixed/Compress/Compress_4_fixed/src/main/java/org/apache/commons/compress/archivers/cpio/CpioArchiveOutputStream.java
2025-05-18 15:01:13,127 - alive ./defects4j_fixed/Compress/Compress_7_fixed/src/main/java/org/apache/commons/compress/archivers/tar/TarUtils.java
2025-05-18 15:01:18,406 - alive ./defects4j_fixed/Compress/Compress_6_fixed/src/main/java/org/apache/commons/compress/archivers/zip/ZipArchiveEntry.java
2025-05-18 15:01:29,354 - alive ./defects4j_fixed/Compress/Compress_3_fixed/src/main/java/org/apache/commons/compress/archivers/tar/TarArchiveOutputStream.java
2025-05-18 15:02:45,360 - alive ./defects4j_fixed/Compress/Compress_1_fixed/src/main/java/org/apache/commons/compress/archivers/cpio/CpioArchiveOutputStream.java
2025-05-18 15:02:50,628 - alive ./defects4j_fixed/Compress/Compress_2_fixed/src/main/java/org/apache/commons/compress/archivers/ar/ArArchiveInputStream.java
2025-05-18 15:03:02,829 - alive ./defects4j_fixed/Compress/Compress_8_fixed/src/main/java/org/apache/commons/compress/archivers/tar/TarUtils.java
2025-05-18 15:03:03,518 - alive ./defects4j_fixed/Compress/Compress_5_fixed/src/main/java/org/apache/commons/compress/archivers/zip/ZipArchiveInputStream.java
2025-05-18 15:15:50,911 - alive ./defects4j_fixed/Compress/Compress_9_fixed/src/main/java/org/apache/commons/compress/archivers/tar/TarArchiveOutputStream.java
2025-05-18 15:46:04,547 - alive ./defects4j_fixed/Compress/Compress_10_fixed/src/main/java/org/apache/commons/compress/archivers/zip/ZipFile.java
2025-05-18 15:51:29,334 - alive ./defects4j_fixed/Compress/Compress_11_fixed/src/main/java/org/apache/commons/compress/archivers/ArchiveStreamFactory.java
2025-05-18 15:57:34,719 - alive ./defects4j_fixed/Compress/Compress_12_fixed/src/main/java/org/apache/commons/compress/archivers/tar/TarArchiveInputStream.java
2025-05-18 17:23:38,887 - alive ./defects4j_fixed/Compress/Compress_13_fixed/src/main/java/org/apache/commons/compress/archivers/zip/ZipArchiveEntry.java
2025-05-18 17:44:17,568 - alive ./defects4j_fixed/Compress/Compress_14_fixed/src/main/java/org/apache/commons/compress/archivers/tar/TarUtils.java
2025-05-18 18:23:35,268 - alive ./defects4j_fixed/Compress/Compress_15_fixed/src/main/java/org/apache/commons/compress/archivers/zip/ZipArchiveEntry.java
2025-05-18 19:06:04,599 - alive ./defects4j_fixed/Compress/Compress_16_fixed/src/main/java/org/apache/commons/compress/archivers/ArchiveStreamFactory.java
2025-05-18 19:10:46,378 - alive ./defects4j_fixed/Compress/Compress_17_fixed/src/main/java/org/apache/commons/compress/archivers/tar/TarUtils.java
2025-05-18 19:21:42,618 - 执行测试超时，尝试删除最后一个测试方法后重试..., ./defects4j_fixed/Compress/Compress_17_fixed
2025-05-18 19:21:42,619 - terminating..., ./defects4j_fixed/Compress/Compress_17_fixed
2025-05-18 19:21:42,620 - terminating..., ./defects4j_fixed/Compress/Compress_17_fixed
2025-05-18 19:21:42,621 - Compress_17_fixed
2025-05-18 19:21:42,660 - Killing PID=2607432 → changpy  2607432  0.0  0.0  12864  3564 pts/59   S+   19:13   0:00 sh -c cd /data3/cpy/MutAGENTest/src/defects4j_fixed/Compress/Compress_17_fixed && ant -f /data3/cpy/MutAGENTest/mutantsgen/Wukong/defects4j/framework/projects/defects4j.build.xml -Dd4j.home=/data3/cpy/MutAGENTest/mutantsgen/Wukong/defects4j -Dd4j.dir.projects=/data3/cpy/MutAGENTest/mutantsgen/Wukong/defects4j/framework/projects -Dbasedir=/data3/cpy/MutAGENTest/src/defects4j_fixed/Compress/Compress_17_fixed -DOUTFILE=/data3/cpy/MutAGENTest/src/defects4j_fixed/Compress/Compress_17_fixed/failing_tests -Dd4j.test.dir=/data3/cpy/MutAGENTest/src/defects4j_fixed/Compress/Compress_17_fixed/.test_suite -Dd4j.test.include=*.java  run.gen.tests 2>&1
2025-05-18 19:21:42,660 - Killing PID=2607433 → changpy  2607433  100  0.1 37726524 243656 pts/59 Sl+ 19:13   8:22 /usr/lib/jvm/java-8-openjdk-amd64/jre/bin/java -classpath /usr/share/ant/lib/ant-launcher.jar -Dant.home=/usr/share/ant -Dant.library.dir=/usr/share/ant/lib org.apache.tools.ant.launch.Launcher -cp  -f /data3/cpy/MutAGENTest/mutantsgen/Wukong/defects4j/framework/projects/defects4j.build.xml -Dd4j.home=/data3/cpy/MutAGENTest/mutantsgen/Wukong/defects4j -Dd4j.dir.projects=/data3/cpy/MutAGENTest/mutantsgen/Wukong/defects4j/framework/projects -Dbasedir=/data3/cpy/MutAGENTest/src/defects4j_fixed/Compress/Compress_17_fixed -DOUTFILE=/data3/cpy/MutAGENTest/src/defects4j_fixed/Compress/Compress_17_fixed/failing_tests -Dd4j.test.dir=/data3/cpy/MutAGENTest/src/defects4j_fixed/Compress/Compress_17_fixed/.test_suite -Dd4j.test.include=*.java run.gen.tests
2025-05-18 19:21:42,684 - 由于超时，已删除测试方法: testParseOctal_InvalidLength
2025-05-18 20:46:21,568 - alive ./defects4j_fixed/Compress/Compress_18_fixed/src/main/java/org/apache/commons/compress/archivers/tar/TarArchiveOutputStream.java
2025-05-18 21:02:53,652 - alive ./defects4j_fixed/Compress/Compress_19_fixed/src/main/java/org/apache/commons/compress/archivers/zip/Zip64ExtendedInformationExtraField.java
2025-05-18 22:12:37,827 - alive ./defects4j_fixed/Compress/Compress_20_fixed/src/main/java/org/apache/commons/compress/archivers/cpio/CpioArchiveInputStream.java
2025-05-18 22:13:02,023 - alive ./defects4j_fixed/Compress/Compress_21_fixed/src/main/java/org/apache/commons/compress/archivers/sevenz/SevenZOutputFile.java
2025-05-18 22:14:14,353 - alive ./defects4j_fixed/Compress/Compress_22_fixed/src/main/java/org/apache/commons/compress/compressors/bzip2/BZip2CompressorInputStream.java
2025-05-18 22:18:58,063 - alive ./defects4j_fixed/Compress/Compress_23_fixed/src/main/java/org/apache/commons/compress/archivers/sevenz/Coders.java
2025-05-18 22:28:33,330 - alive ./defects4j_fixed/Compress/Compress_24_fixed/src/main/java/org/apache/commons/compress/archivers/tar/TarUtils.java
2025-05-18 22:56:05,786 - alive ./defects4j_fixed/Compress/Compress_23_fixed/src/main/java/org/apache/commons/compress/archivers/sevenz/Coders.java
2025-05-18 23:39:15,096 - alive ./defects4j_fixed/Compress/Compress_25_fixed/src/main/java/org/apache/commons/compress/archivers/zip/ZipArchiveInputStream.java
2025-05-19 01:41:51,074 - alive ./defects4j_fixed/Compress/Compress_26_fixed/src/main/java/org/apache/commons/compress/utils/IOUtils.java
2025-05-19 03:24:46,296 - alive ./defects4j_fixed/Compress/Compress_27_fixed/src/main/java/org/apache/commons/compress/archivers/tar/TarUtils.java
2025-05-19 03:31:26,323 - alive ./defects4j_fixed/Compress/Compress_28_fixed/src/main/java/org/apache/commons/compress/archivers/tar/TarArchiveInputStream.java
2025-05-19 04:09:22,371 - alive ./defects4j_fixed/Compress/Compress_29_fixed/src/main/java/org/apache/commons/compress/archivers/ArchiveStreamFactory.java
2025-05-19 04:54:03,284 - alive ./defects4j_fixed/Compress/Compress_30_fixed/src/main/java/org/apache/commons/compress/compressors/bzip2/BZip2CompressorInputStream.java
2025-05-19 04:59:44,452 - alive ./defects4j_fixed/Compress/Compress_31_fixed/src/main/java/org/apache/commons/compress/archivers/tar/TarUtils.java
2025-05-19 05:28:46,599 - alive ./defects4j_fixed/Compress/Compress_32_fixed/src/main/java/org/apache/commons/compress/archivers/tar/TarArchiveInputStream.java
2025-05-19 05:41:47,041 - alive ./defects4j_fixed/Compress/Compress_33_fixed/src/main/java/org/apache/commons/compress/compressors/CompressorStreamFactory.java
2025-05-19 05:54:11,165 - alive ./defects4j_fixed/Compress/Compress_34_fixed/src/main/java/org/apache/commons/compress/archivers/zip/X7875_NewUnix.java
2025-05-19 05:55:07,030 - alive ./defects4j_fixed/Compress/Compress_35_fixed/src/main/java/org/apache/commons/compress/archivers/tar/TarUtils.java
2025-05-19 06:17:16,645 - alive ./defects4j_fixed/Compress/Compress_36_fixed/src/main/java/org/apache/commons/compress/archivers/sevenz/SevenZFile.java
2025-05-19 06:20:15,270 - alive ./defects4j_fixed/Compress/Compress_38_fixed/src/main/java/org/apache/commons/compress/archivers/tar/TarArchiveEntry.java
2025-05-19 06:20:46,367 - alive ./defects4j_fixed/Compress/Compress_37_fixed/src/main/java/org/apache/commons/compress/archivers/tar/TarArchiveInputStream.java
2025-05-19 06:34:16,344 - alive ./defects4j_fixed/Compress/Compress_39_fixed/src/main/java/org/apache/commons/compress/utils/ArchiveUtils.java
2025-05-19 06:46:39,462 - alive ./defects4j_fixed/Compress/Compress_40_fixed/src/main/java/org/apache/commons/compress/utils/BitInputStream.java
2025-05-19 06:58:44,511 - alive ./defects4j_fixed/Compress/Compress_41_fixed/src/main/java/org/apache/commons/compress/archivers/zip/ZipArchiveInputStream.java
2025-05-19 07:46:18,567 - alive ./defects4j_fixed/Compress/Compress_43_fixed/src/main/java/org/apache/commons/compress/archivers/zip/ZipArchiveOutputStream.java
2025-05-19 07:49:11,612 - alive ./defects4j_fixed/Compress/Compress_44_fixed/src/main/java/org/apache/commons/compress/utils/ChecksumCalculatingInputStream.java
2025-05-19 08:21:33,555 - alive ./defects4j_fixed/Compress/Compress_45_fixed/src/main/java/org/apache/commons/compress/archivers/tar/TarUtils.java
2025-05-19 08:57:38,586 - alive ./defects4j_fixed/Compress/Compress_46_fixed/src/main/java/org/apache/commons/compress/archivers/zip/X5455_ExtendedTimestamp.java
2025-05-19 09:05:04,607 - alive ./defects4j_fixed/Compress/Compress_43_fixed/src/main/java/org/apache/commons/compress/archivers/zip/ZipArchiveOutputStream.java
2025-05-19 09:10:25,201 - alive ./defects4j_fixed/Compress/Compress_47_fixed/src/main/java/org/apache/commons/compress/archivers/zip/ZipArchiveInputStream.java
2025-05-19 22:04:35,432 - alive ./defects4j_fixed/Math/Math_2_fixed/src/main/java/org/apache/commons/math3/distribution/HypergeometricDistribution.java
2025-05-19 22:04:42,790 - alive ./defects4j_fixed/Math/Math_5_fixed/src/main/java/org/apache/commons/math3/complex/Complex.java
2025-05-19 22:04:54,363 - alive ./defects4j_fixed/Math/Math_4_fixed/src/main/java/org/apache/commons/math3/geometry/euclidean/threed/SubLine.java
2025-05-19 22:04:57,757 - alive ./defects4j_fixed/Math/Math_8_fixed/src/main/java/org/apache/commons/math3/distribution/DiscreteDistribution.java
2025-05-19 22:05:23,194 - alive ./defects4j_fixed/Math/Math_6_fixed/src/main/java/org/apache/commons/math3/optim/BaseOptimizer.java
2025-05-19 22:06:12,355 - alive ./defects4j_fixed/Math/Math_3_fixed/src/main/java/org/apache/commons/math3/util/MathArrays.java
2025-05-19 22:06:13,723 - alive ./defects4j_fixed/Math/Math_7_fixed/src/main/java/org/apache/commons/math3/ode/AbstractIntegrator.java
2025-05-19 22:06:21,719 - alive ./defects4j_fixed/Math/Math_1_fixed/src/main/java/org/apache/commons/math3/fraction/BigFraction.java
2025-05-19 22:16:54,920 - alive ./defects4j_fixed/Math/Math_9_fixed/src/main/java/org/apache/commons/math3/geometry/euclidean/threed/Line.java
2025-05-19 22:27:36,849 - 执行测试超时，尝试删除最后一个测试方法后重试..., ./defects4j_fixed/Math/Math_7_fixed
2025-05-19 22:27:36,850 - terminating..., ./defects4j_fixed/Math/Math_7_fixed
2025-05-19 22:27:36,852 - terminating..., ./defects4j_fixed/Math/Math_7_fixed
2025-05-19 22:27:36,852 - Math_7_fixed
2025-05-19 22:27:36,889 - Killing PID=2553022 → changpy  2553022  0.0  0.0  12864  3276 pts/17   S+   22:19   0:00 sh -c cd /data3/cpy/MutAGENTest/src/defects4j_fixed/Math/Math_7_fixed && ant -f /data3/cpy/MutAGENTest/mutantsgen/Wukong/defects4j/framework/projects/defects4j.build.xml -Dd4j.home=/data3/cpy/MutAGENTest/mutantsgen/Wukong/defects4j -Dd4j.dir.projects=/data3/cpy/MutAGENTest/mutantsgen/Wukong/defects4j/framework/projects -Dbasedir=/data3/cpy/MutAGENTest/src/defects4j_fixed/Math/Math_7_fixed -DOUTFILE=/data3/cpy/MutAGENTest/src/defects4j_fixed/Math/Math_7_fixed/failing_tests -Dd4j.test.dir=/data3/cpy/MutAGENTest/src/defects4j_fixed/Math/Math_7_fixed/.test_suite -Dd4j.test.include=*.java  run.gen.tests 2>&1
2025-05-19 22:27:36,890 - Killing PID=2553023 → changpy  2553023  698 14.6 37737004 28975688 pts/17 Sl+ 22:19  57:59 /usr/lib/jvm/java-8-openjdk-amd64/jre/bin/java -classpath /usr/share/ant/lib/ant-launcher.jar -Dant.home=/usr/share/ant -Dant.library.dir=/usr/share/ant/lib org.apache.tools.ant.launch.Launcher -cp  -f /data3/cpy/MutAGENTest/mutantsgen/Wukong/defects4j/framework/projects/defects4j.build.xml -Dd4j.home=/data3/cpy/MutAGENTest/mutantsgen/Wukong/defects4j -Dd4j.dir.projects=/data3/cpy/MutAGENTest/mutantsgen/Wukong/defects4j/framework/projects -Dbasedir=/data3/cpy/MutAGENTest/src/defects4j_fixed/Math/Math_7_fixed -DOUTFILE=/data3/cpy/MutAGENTest/src/defects4j_fixed/Math/Math_7_fixed/failing_tests -Dd4j.test.dir=/data3/cpy/MutAGENTest/src/defects4j_fixed/Math/Math_7_fixed/.test_suite -Dd4j.test.include=*.java run.gen.tests
2025-05-19 22:27:36,988 - 由于超时，已删除测试方法: testAcceptStep_ReachingTEnd
2025-05-19 22:40:35,468 - alive ./defects4j_fixed/Math/Math_10_fixed/src/main/java/org/apache/commons/math3/analysis/differentiation/DSCompiler.java
2025-05-19 22:41:03,116 - alive ./defects4j_fixed/Math/Math_11_fixed/src/main/java/org/apache/commons/math3/distribution/MultivariateNormalDistribution.java
2025-05-19 22:41:37,090 - 执行测试超时，尝试删除最后一个测试方法后重试..., ./defects4j_fixed/Math/Math_7_fixed
2025-05-19 22:41:37,090 - terminating..., ./defects4j_fixed/Math/Math_7_fixed
2025-05-19 22:41:37,092 - terminating..., ./defects4j_fixed/Math/Math_7_fixed
2025-05-19 22:41:37,092 - Math_7_fixed
2025-05-19 22:41:37,128 - Killing PID=2598873 → changpy  2598873  0.0  0.0  12864  3460 pts/17   S+   22:33   0:00 sh -c cd /data3/cpy/MutAGENTest/src/defects4j_fixed/Math/Math_7_fixed && ant -f /data3/cpy/MutAGENTest/mutantsgen/Wukong/defects4j/framework/projects/defects4j.build.xml -Dd4j.home=/data3/cpy/MutAGENTest/mutantsgen/Wukong/defects4j -Dd4j.dir.projects=/data3/cpy/MutAGENTest/mutantsgen/Wukong/defects4j/framework/projects -Dbasedir=/data3/cpy/MutAGENTest/src/defects4j_fixed/Math/Math_7_fixed -DOUTFILE=/data3/cpy/MutAGENTest/src/defects4j_fixed/Math/Math_7_fixed/failing_tests -Dd4j.test.dir=/data3/cpy/MutAGENTest/src/defects4j_fixed/Math/Math_7_fixed/.test_suite -Dd4j.test.include=*.java  run.gen.tests 2>&1
2025-05-19 22:41:37,128 - Killing PID=2598874 → changpy  2598874  676 13.4 37737004 26598184 pts/17 Sl+ 22:33  56:15 /usr/lib/jvm/java-8-openjdk-amd64/jre/bin/java -classpath /usr/share/ant/lib/ant-launcher.jar -Dant.home=/usr/share/ant -Dant.library.dir=/usr/share/ant/lib org.apache.tools.ant.launch.Launcher -cp  -f /data3/cpy/MutAGENTest/mutantsgen/Wukong/defects4j/framework/projects/defects4j.build.xml -Dd4j.home=/data3/cpy/MutAGENTest/mutantsgen/Wukong/defects4j -Dd4j.dir.projects=/data3/cpy/MutAGENTest/mutantsgen/Wukong/defects4j/framework/projects -Dbasedir=/data3/cpy/MutAGENTest/src/defects4j_fixed/Math/Math_7_fixed -DOUTFILE=/data3/cpy/MutAGENTest/src/defects4j_fixed/Math/Math_7_fixed/failing_tests -Dd4j.test.dir=/data3/cpy/MutAGENTest/src/defects4j_fixed/Math/Math_7_fixed/.test_suite -Dd4j.test.include=*.java run.gen.tests
2025-05-19 22:41:37,229 - 由于超时，已删除测试方法: testAcceptStep_StatesAlreadyInitialized
2025-05-19 22:54:12,861 - alive ./defects4j_fixed/Math/Math_13_fixed/src/main/java/org/apache/commons/math3/optimization/general/AbstractLeastSquaresOptimizer.java
2025-05-19 23:40:55,781 - 执行测试超时，尝试删除最后一个测试方法后重试..., ./defects4j_fixed/Math/Math_7_fixed
2025-05-19 23:40:55,782 - terminating..., ./defects4j_fixed/Math/Math_7_fixed
2025-05-19 23:40:55,784 - terminating..., ./defects4j_fixed/Math/Math_7_fixed
2025-05-19 23:40:55,785 - Math_7_fixed
2025-05-19 23:40:55,823 - Killing PID=2839791 → changpy  2839791  0.0  0.0  12864  3452 pts/17   S+   23:32   0:00 sh -c cd /data3/cpy/MutAGENTest/src/defects4j_fixed/Math/Math_7_fixed && ant -f /data3/cpy/MutAGENTest/mutantsgen/Wukong/defects4j/framework/projects/defects4j.build.xml -Dd4j.home=/data3/cpy/MutAGENTest/mutantsgen/Wukong/defects4j -Dd4j.dir.projects=/data3/cpy/MutAGENTest/mutantsgen/Wukong/defects4j/framework/projects -Dbasedir=/data3/cpy/MutAGENTest/src/defects4j_fixed/Math/Math_7_fixed -DOUTFILE=/data3/cpy/MutAGENTest/src/defects4j_fixed/Math/Math_7_fixed/failing_tests -Dd4j.test.dir=/data3/cpy/MutAGENTest/src/defects4j_fixed/Math/Math_7_fixed/.test_suite -Dd4j.test.include=*.java  run.gen.tests 2>&1
2025-05-19 23:40:55,823 - Killing PID=2839792 → changpy  2839792  630 14.0 37737004 27740928 pts/17 Sl+ 23:32  52:17 /usr/lib/jvm/java-8-openjdk-amd64/jre/bin/java -classpath /usr/share/ant/lib/ant-launcher.jar -Dant.home=/usr/share/ant -Dant.library.dir=/usr/share/ant/lib org.apache.tools.ant.launch.Launcher -cp  -f /data3/cpy/MutAGENTest/mutantsgen/Wukong/defects4j/framework/projects/defects4j.build.xml -Dd4j.home=/data3/cpy/MutAGENTest/mutantsgen/Wukong/defects4j -Dd4j.dir.projects=/data3/cpy/MutAGENTest/mutantsgen/Wukong/defects4j/framework/projects -Dbasedir=/data3/cpy/MutAGENTest/src/defects4j_fixed/Math/Math_7_fixed -DOUTFILE=/data3/cpy/MutAGENTest/src/defects4j_fixed/Math/Math_7_fixed/failing_tests -Dd4j.test.dir=/data3/cpy/MutAGENTest/src/defects4j_fixed/Math/Math_7_fixed/.test_suite -Dd4j.test.include=*.java run.gen.tests
2025-05-19 23:40:56,212 - 由于超时，已删除测试方法: testEventProcessingWithoutDuplicateHandling
2025-05-19 23:43:09,039 - alive ./defects4j_fixed/Math/Math_14_fixed/src/main/java/org/apache/commons/math3/optim/nonlinear/vector/Weight.java
2025-05-19 23:46:06,822 - alive ./defects4j_fixed/Math/Math_15_fixed/src/main/java/org/apache/commons/math3/util/FastMath.java
2025-05-19 23:47:42,550 - alive ./defects4j_fixed/Math/Math_16_fixed/src/main/java/org/apache/commons/math3/util/FastMath.java
2025-05-19 23:52:07,201 - alive ./defects4j_fixed/Math/Math_17_fixed/src/main/java/org/apache/commons/math3/dfp/Dfp.java
2025-05-19 23:57:23,640 - 执行测试超时，尝试删除最后一个测试方法后重试..., ./defects4j_fixed/Math/Math_15_fixed
2025-05-19 23:57:23,641 - terminating..., ./defects4j_fixed/Math/Math_15_fixed
2025-05-19 23:57:23,643 - terminating..., ./defects4j_fixed/Math/Math_15_fixed
2025-05-19 23:57:23,643 - Math_15_fixed
2025-05-19 23:57:23,680 - Killing PID=2927245 → changpy  2927245  0.0  0.0  12864  3512 pts/17   S+   23:49   0:00 sh -c cd /data3/cpy/MutAGENTest/src/defects4j_fixed/Math/Math_15_fixed && ant -f /data3/cpy/MutAGENTest/mutantsgen/Wukong/defects4j/framework/projects/defects4j.build.xml -Dd4j.home=/data3/cpy/MutAGENTest/mutantsgen/Wukong/defects4j -Dd4j.dir.projects=/data3/cpy/MutAGENTest/mutantsgen/Wukong/defects4j/framework/projects -Dbasedir=/data3/cpy/MutAGENTest/src/defects4j_fixed/Math/Math_15_fixed -DOUTFILE=/data3/cpy/MutAGENTest/src/defects4j_fixed/Math/Math_15_fixed/failing_tests -Dd4j.test.dir=/data3/cpy/MutAGENTest/src/defects4j_fixed/Math/Math_15_fixed/.test_suite -Dd4j.test.include=*.java  run.gen.tests 2>&1
2025-05-19 23:57:23,680 - Killing PID=2927246 → changpy  2927246  101  0.1 37731164 239192 pts/17 Sl+ 23:49   8:23 /usr/lib/jvm/java-8-openjdk-amd64/jre/bin/java -classpath /usr/share/ant/lib/ant-launcher.jar -Dant.home=/usr/share/ant -Dant.library.dir=/usr/share/ant/lib org.apache.tools.ant.launch.Launcher -cp  -f /data3/cpy/MutAGENTest/mutantsgen/Wukong/defects4j/framework/projects/defects4j.build.xml -Dd4j.home=/data3/cpy/MutAGENTest/mutantsgen/Wukong/defects4j -Dd4j.dir.projects=/data3/cpy/MutAGENTest/mutantsgen/Wukong/defects4j/framework/projects -Dbasedir=/data3/cpy/MutAGENTest/src/defects4j_fixed/Math/Math_15_fixed -DOUTFILE=/data3/cpy/MutAGENTest/src/defects4j_fixed/Math/Math_15_fixed/failing_tests -Dd4j.test.dir=/data3/cpy/MutAGENTest/src/defects4j_fixed/Math/Math_15_fixed/.test_suite -Dd4j.test.include=*.java run.gen.tests
2025-05-19 23:57:23,962 - 由于超时，已删除测试方法: testPow_ZeroBase1
2025-05-20 00:06:12,304 - 执行测试超时，尝试删除最后一个测试方法后重试..., ./defects4j_fixed/Math/Math_7_fixed
2025-05-20 00:06:12,304 - terminating..., ./defects4j_fixed/Math/Math_7_fixed
2025-05-20 00:06:12,306 - terminating..., ./defects4j_fixed/Math/Math_7_fixed
2025-05-20 00:06:12,306 - Math_7_fixed
2025-05-20 00:06:12,344 - Killing PID=2957703 → changpy  2957703  0.0  0.0  12864  3524 pts/17   S+   5月19   0:00 sh -c cd /data3/cpy/MutAGENTest/src/defects4j_fixed/Math/Math_7_fixed && ant -f /data3/cpy/MutAGENTest/mutantsgen/Wukong/defects4j/framework/projects/defects4j.build.xml -Dd4j.home=/data3/cpy/MutAGENTest/mutantsgen/Wukong/defects4j -Dd4j.dir.projects=/data3/cpy/MutAGENTest/mutantsgen/Wukong/defects4j/framework/projects -Dbasedir=/data3/cpy/MutAGENTest/src/defects4j_fixed/Math/Math_7_fixed -DOUTFILE=/data3/cpy/MutAGENTest/src/defects4j_fixed/Math/Math_7_fixed/failing_tests -Dd4j.test.dir=/data3/cpy/MutAGENTest/src/defects4j_fixed/Math/Math_7_fixed/.test_suite -Dd4j.test.include=*.java  run.gen.tests 2>&1
2025-05-20 00:06:12,344 - Killing PID=2957704 → changpy  2957704  674 15.0 37737004 29804400 pts/17 Sl+ 5月19  56:07 /usr/lib/jvm/java-8-openjdk-amd64/jre/bin/java -classpath /usr/share/ant/lib/ant-launcher.jar -Dant.home=/usr/share/ant -Dant.library.dir=/usr/share/ant/lib org.apache.tools.ant.launch.Launcher -cp  -f /data3/cpy/MutAGENTest/mutantsgen/Wukong/defects4j/framework/projects/defects4j.build.xml -Dd4j.home=/data3/cpy/MutAGENTest/mutantsgen/Wukong/defects4j -Dd4j.dir.projects=/data3/cpy/MutAGENTest/mutantsgen/Wukong/defects4j/framework/projects -Dbasedir=/data3/cpy/MutAGENTest/src/defects4j_fixed/Math/Math_7_fixed -DOUTFILE=/data3/cpy/MutAGENTest/src/defects4j_fixed/Math/Math_7_fixed/failing_tests -Dd4j.test.dir=/data3/cpy/MutAGENTest/src/defects4j_fixed/Math/Math_7_fixed/.test_suite -Dd4j.test.include=*.java run.gen.tests
2025-05-20 00:06:12,751 - 由于超时，已删除测试方法: testAcceptStepDetectsEventTimeMutation
2025-05-20 00:13:49,927 - 执行测试超时，尝试删除最后一个测试方法后重试..., ./defects4j_fixed/Math/Math_15_fixed
2025-05-20 00:13:49,927 - terminating..., ./defects4j_fixed/Math/Math_15_fixed
2025-05-20 00:13:49,928 - terminating..., ./defects4j_fixed/Math/Math_15_fixed
2025-05-20 00:13:49,928 - Math_15_fixed
2025-05-20 00:13:49,960 - Killing PID=2970358 → changpy  2970358  0.0  0.0  12864  3512 pts/17   S+   00:05   0:00 sh -c cd /data3/cpy/MutAGENTest/src/defects4j_fixed/Math/Math_15_fixed && ant -f /data3/cpy/MutAGENTest/mutantsgen/Wukong/defects4j/framework/projects/defects4j.build.xml -Dd4j.home=/data3/cpy/MutAGENTest/mutantsgen/Wukong/defects4j -Dd4j.dir.projects=/data3/cpy/MutAGENTest/mutantsgen/Wukong/defects4j/framework/projects -Dbasedir=/data3/cpy/MutAGENTest/src/defects4j_fixed/Math/Math_15_fixed -DOUTFILE=/data3/cpy/MutAGENTest/src/defects4j_fixed/Math/Math_15_fixed/failing_tests -Dd4j.test.dir=/data3/cpy/MutAGENTest/src/defects4j_fixed/Math/Math_15_fixed/.test_suite -Dd4j.test.include=*.java  run.gen.tests 2>&1
2025-05-20 00:13:49,960 - Killing PID=2970359 → changpy  2970359  101  0.1 37731164 228892 pts/17 Sl+ 00:05   8:23 /usr/lib/jvm/java-8-openjdk-amd64/jre/bin/java -classpath /usr/share/ant/lib/ant-launcher.jar -Dant.home=/usr/share/ant -Dant.library.dir=/usr/share/ant/lib org.apache.tools.ant.launch.Launcher -cp  -f /data3/cpy/MutAGENTest/mutantsgen/Wukong/defects4j/framework/projects/defects4j.build.xml -Dd4j.home=/data3/cpy/MutAGENTest/mutantsgen/Wukong/defects4j -Dd4j.dir.projects=/data3/cpy/MutAGENTest/mutantsgen/Wukong/defects4j/framework/projects -Dbasedir=/data3/cpy/MutAGENTest/src/defects4j_fixed/Math/Math_15_fixed -DOUTFILE=/data3/cpy/MutAGENTest/src/defects4j_fixed/Math/Math_15_fixed/failing_tests -Dd4j.test.dir=/data3/cpy/MutAGENTest/src/defects4j_fixed/Math/Math_15_fixed/.test_suite -Dd4j.test.include=*.java run.gen.tests
2025-05-20 00:13:50,026 - 由于超时，已删除测试方法: testPow_OneBase
2025-05-20 00:23:20,625 - alive ./defects4j_fixed/Math/Math_18_fixed/src/main/java/org/apache/commons/math3/optimization/direct/CMAESOptimizer.java
2025-05-20 00:27:36,869 - alive ./defects4j_fixed/Math/Math_19_fixed/src/main/java/org/apache/commons/math3/optimization/direct/CMAESOptimizer.java
2025-05-20 00:33:43,405 - 执行测试超时，尝试删除最后一个测试方法后重试..., ./defects4j_fixed/Math/Math_7_fixed
2025-05-20 00:33:43,406 - terminating..., ./defects4j_fixed/Math/Math_7_fixed
2025-05-20 00:33:43,408 - terminating..., ./defects4j_fixed/Math/Math_7_fixed
2025-05-20 00:33:43,408 - Math_7_fixed
2025-05-20 00:33:43,445 - Killing PID=3026863 → changpy  3026863  0.0  0.0  12864  3360 pts/17   S+   00:25   0:00 sh -c cd /data3/cpy/MutAGENTest/src/defects4j_fixed/Math/Math_7_fixed && ant -f /data3/cpy/MutAGENTest/mutantsgen/Wukong/defects4j/framework/projects/defects4j.build.xml -Dd4j.home=/data3/cpy/MutAGENTest/mutantsgen/Wukong/defects4j -Dd4j.dir.projects=/data3/cpy/MutAGENTest/mutantsgen/Wukong/defects4j/framework/projects -Dbasedir=/data3/cpy/MutAGENTest/src/defects4j_fixed/Math/Math_7_fixed -DOUTFILE=/data3/cpy/MutAGENTest/src/defects4j_fixed/Math/Math_7_fixed/failing_tests -Dd4j.test.dir=/data3/cpy/MutAGENTest/src/defects4j_fixed/Math/Math_7_fixed/.test_suite -Dd4j.test.include=*.java  run.gen.tests 2>&1
2025-05-20 00:33:43,446 - Killing PID=3026864 → changpy  3026864  696 14.0 37737004 27648544 pts/17 Sl+ 00:25  57:55 /usr/lib/jvm/java-8-openjdk-amd64/jre/bin/java -classpath /usr/share/ant/lib/ant-launcher.jar -Dant.home=/usr/share/ant -Dant.library.dir=/usr/share/ant/lib org.apache.tools.ant.launch.Launcher -cp  -f /data3/cpy/MutAGENTest/mutantsgen/Wukong/defects4j/framework/projects/defects4j.build.xml -Dd4j.home=/data3/cpy/MutAGENTest/mutantsgen/Wukong/defects4j -Dd4j.dir.projects=/data3/cpy/MutAGENTest/mutantsgen/Wukong/defects4j/framework/projects -Dbasedir=/data3/cpy/MutAGENTest/src/defects4j_fixed/Math/Math_7_fixed -DOUTFILE=/data3/cpy/MutAGENTest/src/defects4j_fixed/Math/Math_7_fixed/failing_tests -Dd4j.test.dir=/data3/cpy/MutAGENTest/src/defects4j_fixed/Math/Math_7_fixed/.test_suite -Dd4j.test.include=*.java run.gen.tests
2025-05-20 00:33:43,644 - 由于超时，已删除测试方法: testAcceptStep_DetectsEventTimeMutation
2025-05-20 00:51:11,533 - 执行测试超时，尝试删除最后一个测试方法后重试..., ./defects4j_fixed/Math/Math_7_fixed
2025-05-20 00:51:11,533 - terminating..., ./defects4j_fixed/Math/Math_7_fixed
2025-05-20 00:51:11,535 - terminating..., ./defects4j_fixed/Math/Math_7_fixed
2025-05-20 00:51:11,535 - Math_7_fixed
2025-05-20 00:51:11,569 - Killing PID=3071021 → changpy  3071021  0.0  0.0  12864  3456 pts/17   S+   00:42   0:00 sh -c cd /data3/cpy/MutAGENTest/src/defects4j_fixed/Math/Math_7_fixed && ant -f /data3/cpy/MutAGENTest/mutantsgen/Wukong/defects4j/framework/projects/defects4j.build.xml -Dd4j.home=/data3/cpy/MutAGENTest/mutantsgen/Wukong/defects4j -Dd4j.dir.projects=/data3/cpy/MutAGENTest/mutantsgen/Wukong/defects4j/framework/projects -Dbasedir=/data3/cpy/MutAGENTest/src/defects4j_fixed/Math/Math_7_fixed -DOUTFILE=/data3/cpy/MutAGENTest/src/defects4j_fixed/Math/Math_7_fixed/failing_tests -Dd4j.test.dir=/data3/cpy/MutAGENTest/src/defects4j_fixed/Math/Math_7_fixed/.test_suite -Dd4j.test.include=*.java  run.gen.tests 2>&1
2025-05-20 00:51:11,569 - Killing PID=3071022 → changpy  3071022  674 14.7 37737004 29080348 pts/17 Sl+ 00:42  55:59 /usr/lib/jvm/java-8-openjdk-amd64/jre/bin/java -classpath /usr/share/ant/lib/ant-launcher.jar -Dant.home=/usr/share/ant -Dant.library.dir=/usr/share/ant/lib org.apache.tools.ant.launch.Launcher -cp  -f /data3/cpy/MutAGENTest/mutantsgen/Wukong/defects4j/framework/projects/defects4j.build.xml -Dd4j.home=/data3/cpy/MutAGENTest/mutantsgen/Wukong/defects4j -Dd4j.dir.projects=/data3/cpy/MutAGENTest/mutantsgen/Wukong/defects4j/framework/projects -Dbasedir=/data3/cpy/MutAGENTest/src/defects4j_fixed/Math/Math_7_fixed -DOUTFILE=/data3/cpy/MutAGENTest/src/defects4j_fixed/Math/Math_7_fixed/failing_tests -Dd4j.test.dir=/data3/cpy/MutAGENTest/src/defects4j_fixed/Math/Math_7_fixed/.test_suite -Dd4j.test.include=*.java run.gen.tests
2025-05-20 00:51:11,734 - 由于超时，已删除测试方法: testEventOrdering
2025-05-20 00:59:31,374 - alive ./defects4j_fixed/Math/Math_18_fixed/src/main/java/org/apache/commons/math3/optimization/direct/CMAESOptimizer.java
2025-05-20 01:05:14,165 - alive ./defects4j_fixed/Math/Math_20_fixed/src/main/java/org/apache/commons/math3/optimization/direct/CMAESOptimizer.java
2025-05-20 01:09:25,281 - 执行测试超时，尝试删除最后一个测试方法后重试..., ./defects4j_fixed/Math/Math_7_fixed
2025-05-20 01:09:25,282 - terminating..., ./defects4j_fixed/Math/Math_7_fixed
2025-05-20 01:09:25,284 - terminating..., ./defects4j_fixed/Math/Math_7_fixed
2025-05-20 01:09:25,284 - Math_7_fixed
2025-05-20 01:09:25,332 - Killing PID=3110965 → changpy  3110965  0.0  0.0  12864  3464 pts/17   S+   01:01   0:00 sh -c cd /data3/cpy/MutAGENTest/src/defects4j_fixed/Math/Math_7_fixed && ant -f /data3/cpy/MutAGENTest/mutantsgen/Wukong/defects4j/framework/projects/defects4j.build.xml -Dd4j.home=/data3/cpy/MutAGENTest/mutantsgen/Wukong/defects4j -Dd4j.dir.projects=/data3/cpy/MutAGENTest/mutantsgen/Wukong/defects4j/framework/projects -Dbasedir=/data3/cpy/MutAGENTest/src/defects4j_fixed/Math/Math_7_fixed -DOUTFILE=/data3/cpy/MutAGENTest/src/defects4j_fixed/Math/Math_7_fixed/failing_tests -Dd4j.test.dir=/data3/cpy/MutAGENTest/src/defects4j_fixed/Math/Math_7_fixed/.test_suite -Dd4j.test.include=*.java  run.gen.tests 2>&1
2025-05-20 01:09:25,332 - Killing PID=3110966 → changpy  3110966  697 14.9 37737004 29506608 pts/17 Sl+ 01:01  58:00 /usr/lib/jvm/java-8-openjdk-amd64/jre/bin/java -classpath /usr/share/ant/lib/ant-launcher.jar -Dant.home=/usr/share/ant -Dant.library.dir=/usr/share/ant/lib org.apache.tools.ant.launch.Launcher -cp  -f /data3/cpy/MutAGENTest/mutantsgen/Wukong/defects4j/framework/projects/defects4j.build.xml -Dd4j.home=/data3/cpy/MutAGENTest/mutantsgen/Wukong/defects4j -Dd4j.dir.projects=/data3/cpy/MutAGENTest/mutantsgen/Wukong/defects4j/framework/projects -Dbasedir=/data3/cpy/MutAGENTest/src/defects4j_fixed/Math/Math_7_fixed -DOUTFILE=/data3/cpy/MutAGENTest/src/defects4j_fixed/Math/Math_7_fixed/failing_tests -Dd4j.test.dir=/data3/cpy/MutAGENTest/src/defects4j_fixed/Math/Math_7_fixed/.test_suite -Dd4j.test.include=*.java run.gen.tests
2025-05-20 01:09:25,706 - 由于超时，已删除测试方法: testAcceptStep_InterpolatorPreviousTimeSetCorrectly
2025-05-20 01:28:07,312 - 执行测试超时，尝试删除最后一个测试方法后重试..., ./defects4j_fixed/Math/Math_7_fixed
2025-05-20 01:28:07,312 - terminating..., ./defects4j_fixed/Math/Math_7_fixed
2025-05-20 01:28:07,314 - terminating..., ./defects4j_fixed/Math/Math_7_fixed
2025-05-20 01:28:07,315 - Math_7_fixed
2025-05-20 01:28:07,352 - Killing PID=3186788 → changpy  3186788  0.0  0.0  12864  3448 pts/17   S+   01:19   0:00 sh -c cd /data3/cpy/MutAGENTest/src/defects4j_fixed/Math/Math_7_fixed && ant -f /data3/cpy/MutAGENTest/mutantsgen/Wukong/defects4j/framework/projects/defects4j.build.xml -Dd4j.home=/data3/cpy/MutAGENTest/mutantsgen/Wukong/defects4j -Dd4j.dir.projects=/data3/cpy/MutAGENTest/mutantsgen/Wukong/defects4j/framework/projects -Dbasedir=/data3/cpy/MutAGENTest/src/defects4j_fixed/Math/Math_7_fixed -DOUTFILE=/data3/cpy/MutAGENTest/src/defects4j_fixed/Math/Math_7_fixed/failing_tests -Dd4j.test.dir=/data3/cpy/MutAGENTest/src/defects4j_fixed/Math/Math_7_fixed/.test_suite -Dd4j.test.include=*.java  run.gen.tests 2>&1
2025-05-20 01:28:07,352 - Killing PID=3186789 → changpy  3186789  686 14.4 37737004 28531424 pts/17 Sl+ 01:19  56:58 /usr/lib/jvm/java-8-openjdk-amd64/jre/bin/java -classpath /usr/share/ant/lib/ant-launcher.jar -Dant.home=/usr/share/ant -Dant.library.dir=/usr/share/ant/lib org.apache.tools.ant.launch.Launcher -cp  -f /data3/cpy/MutAGENTest/mutantsgen/Wukong/defects4j/framework/projects/defects4j.build.xml -Dd4j.home=/data3/cpy/MutAGENTest/mutantsgen/Wukong/defects4j -Dd4j.dir.projects=/data3/cpy/MutAGENTest/mutantsgen/Wukong/defects4j/framework/projects -Dbasedir=/data3/cpy/MutAGENTest/src/defects4j_fixed/Math/Math_7_fixed -DOUTFILE=/data3/cpy/MutAGENTest/src/defects4j_fixed/Math/Math_7_fixed/failing_tests -Dd4j.test.dir=/data3/cpy/MutAGENTest/src/defects4j_fixed/Math/Math_7_fixed/.test_suite -Dd4j.test.include=*.java run.gen.tests
2025-05-20 01:28:07,721 - 由于超时，已删除测试方法: testAcceptStep_DetectsSoftCurrentTimeMutation
2025-05-20 01:30:59,787 - 执行测试超时，尝试删除最后一个测试方法后重试..., ./defects4j_fixed/Math/Math_15_fixed
2025-05-20 01:30:59,787 - terminating..., ./defects4j_fixed/Math/Math_15_fixed
2025-05-20 01:30:59,789 - terminating..., ./defects4j_fixed/Math/Math_15_fixed
2025-05-20 01:30:59,789 - Math_15_fixed
2025-05-20 01:30:59,830 - Killing PID=3194233 → changpy  3194233  0.0  0.0  12864  3508 pts/17   S+   01:22   0:00 sh -c cd /data3/cpy/MutAGENTest/src/defects4j_fixed/Math/Math_15_fixed && ant -f /data3/cpy/MutAGENTest/mutantsgen/Wukong/defects4j/framework/projects/defects4j.build.xml -Dd4j.home=/data3/cpy/MutAGENTest/mutantsgen/Wukong/defects4j -Dd4j.dir.projects=/data3/cpy/MutAGENTest/mutantsgen/Wukong/defects4j/framework/projects -Dbasedir=/data3/cpy/MutAGENTest/src/defects4j_fixed/Math/Math_15_fixed -DOUTFILE=/data3/cpy/MutAGENTest/src/defects4j_fixed/Math/Math_15_fixed/failing_tests -Dd4j.test.dir=/data3/cpy/MutAGENTest/src/defects4j_fixed/Math/Math_15_fixed/.test_suite -Dd4j.test.include=*.java  run.gen.tests 2>&1
2025-05-20 01:30:59,830 - Killing PID=3194234 → changpy  3194234  101  0.1 37731164 253408 pts/17 Sl+ 01:22   8:23 /usr/lib/jvm/java-8-openjdk-amd64/jre/bin/java -classpath /usr/share/ant/lib/ant-launcher.jar -Dant.home=/usr/share/ant -Dant.library.dir=/usr/share/ant/lib org.apache.tools.ant.launch.Launcher -cp  -f /data3/cpy/MutAGENTest/mutantsgen/Wukong/defects4j/framework/projects/defects4j.build.xml -Dd4j.home=/data3/cpy/MutAGENTest/mutantsgen/Wukong/defects4j -Dd4j.dir.projects=/data3/cpy/MutAGENTest/mutantsgen/Wukong/defects4j/framework/projects -Dbasedir=/data3/cpy/MutAGENTest/src/defects4j_fixed/Math/Math_15_fixed -DOUTFILE=/data3/cpy/MutAGENTest/src/defects4j_fixed/Math/Math_15_fixed/failing_tests -Dd4j.test.dir=/data3/cpy/MutAGENTest/src/defects4j_fixed/Math/Math_15_fixed/.test_suite -Dd4j.test.include=*.java run.gen.tests
2025-05-20 01:31:00,339 - 由于超时，已删除测试方法: testPowBoundaryConditions2
2025-05-20 01:45:20,603 - 执行测试超时，尝试删除最后一个测试方法后重试..., ./defects4j_fixed/Math/Math_7_fixed
2025-05-20 01:45:20,604 - terminating..., ./defects4j_fixed/Math/Math_7_fixed
2025-05-20 01:45:20,606 - terminating..., ./defects4j_fixed/Math/Math_7_fixed
2025-05-20 01:45:20,606 - Math_7_fixed
2025-05-20 01:45:20,642 - Killing PID=3222233 → changpy  3222233  0.0  0.0  12864  3400 pts/17   S+   01:37   0:00 sh -c cd /data3/cpy/MutAGENTest/src/defects4j_fixed/Math/Math_7_fixed && ant -f /data3/cpy/MutAGENTest/mutantsgen/Wukong/defects4j/framework/projects/defects4j.build.xml -Dd4j.home=/data3/cpy/MutAGENTest/mutantsgen/Wukong/defects4j -Dd4j.dir.projects=/data3/cpy/MutAGENTest/mutantsgen/Wukong/defects4j/framework/projects -Dbasedir=/data3/cpy/MutAGENTest/src/defects4j_fixed/Math/Math_7_fixed -DOUTFILE=/data3/cpy/MutAGENTest/src/defects4j_fixed/Math/Math_7_fixed/failing_tests -Dd4j.test.dir=/data3/cpy/MutAGENTest/src/defects4j_fixed/Math/Math_7_fixed/.test_suite -Dd4j.test.include=*.java  run.gen.tests 2>&1
2025-05-20 01:45:20,642 - Killing PID=3222234 → changpy  3222234  653 15.3 37737004 30333552 pts/17 Sl+ 01:37  54:12 /usr/lib/jvm/java-8-openjdk-amd64/jre/bin/java -classpath /usr/share/ant/lib/ant-launcher.jar -Dant.home=/usr/share/ant -Dant.library.dir=/usr/share/ant/lib org.apache.tools.ant.launch.Launcher -cp  -f /data3/cpy/MutAGENTest/mutantsgen/Wukong/defects4j/framework/projects/defects4j.build.xml -Dd4j.home=/data3/cpy/MutAGENTest/mutantsgen/Wukong/defects4j -Dd4j.dir.projects=/data3/cpy/MutAGENTest/mutantsgen/Wukong/defects4j/framework/projects -Dbasedir=/data3/cpy/MutAGENTest/src/defects4j_fixed/Math/Math_7_fixed -DOUTFILE=/data3/cpy/MutAGENTest/src/defects4j_fixed/Math/Math_7_fixed/failing_tests -Dd4j.test.dir=/data3/cpy/MutAGENTest/src/defects4j_fixed/Math/Math_7_fixed/.test_suite -Dd4j.test.include=*.java run.gen.tests
2025-05-20 01:45:20,996 - 由于超时，已删除测试方法: testAcceptStep_WithSingleEvent_StoppingIntegration
2025-05-20 01:48:33,743 - alive ./defects4j_fixed/Math/Math_21_fixed/src/main/java/org/apache/commons/math3/linear/RectangularCholeskyDecomposition.java
2025-05-20 01:58:03,197 - 执行测试超时，尝试删除最后一个测试方法后重试..., ./defects4j_fixed/Math/Math_15_fixed
2025-05-20 01:58:03,198 - terminating..., ./defects4j_fixed/Math/Math_15_fixed
2025-05-20 01:58:03,200 - terminating..., ./defects4j_fixed/Math/Math_15_fixed
2025-05-20 01:58:03,200 - Math_15_fixed
2025-05-20 01:58:03,239 - Killing PID=3264297 → changpy  3264297  0.0  0.0  12864  3528 pts/17   S+   01:49   0:00 sh -c cd /data3/cpy/MutAGENTest/src/defects4j_fixed/Math/Math_15_fixed && ant -f /data3/cpy/MutAGENTest/mutantsgen/Wukong/defects4j/framework/projects/defects4j.build.xml -Dd4j.home=/data3/cpy/MutAGENTest/mutantsgen/Wukong/defects4j -Dd4j.dir.projects=/data3/cpy/MutAGENTest/mutantsgen/Wukong/defects4j/framework/projects -Dbasedir=/data3/cpy/MutAGENTest/src/defects4j_fixed/Math/Math_15_fixed -DOUTFILE=/data3/cpy/MutAGENTest/src/defects4j_fixed/Math/Math_15_fixed/failing_tests -Dd4j.test.dir=/data3/cpy/MutAGENTest/src/defects4j_fixed/Math/Math_15_fixed/.test_suite -Dd4j.test.include=*.java  run.gen.tests 2>&1
2025-05-20 01:58:03,240 - Killing PID=3264298 → changpy  3264298  101  0.1 37731164 253172 pts/17 Sl+ 01:49   8:24 /usr/lib/jvm/java-8-openjdk-amd64/jre/bin/java -classpath /usr/share/ant/lib/ant-launcher.jar -Dant.home=/usr/share/ant -Dant.library.dir=/usr/share/ant/lib org.apache.tools.ant.launch.Launcher -cp  -f /data3/cpy/MutAGENTest/mutantsgen/Wukong/defects4j/framework/projects/defects4j.build.xml -Dd4j.home=/data3/cpy/MutAGENTest/mutantsgen/Wukong/defects4j -Dd4j.dir.projects=/data3/cpy/MutAGENTest/mutantsgen/Wukong/defects4j/framework/projects -Dbasedir=/data3/cpy/MutAGENTest/src/defects4j_fixed/Math/Math_15_fixed -DOUTFILE=/data3/cpy/MutAGENTest/src/defects4j_fixed/Math/Math_15_fixed/failing_tests -Dd4j.test.dir=/data3/cpy/MutAGENTest/src/defects4j_fixed/Math/Math_15_fixed/.test_suite -Dd4j.test.include=*.java run.gen.tests
2025-05-20 01:58:04,021 - 由于超时，已删除测试方法: testPowBoundaryConditions2
2025-05-20 02:24:25,009 - 执行测试超时，尝试删除最后一个测试方法后重试..., ./defects4j_fixed/Math/Math_7_fixed
2025-05-20 02:24:25,010 - terminating..., ./defects4j_fixed/Math/Math_7_fixed
2025-05-20 02:24:25,012 - terminating..., ./defects4j_fixed/Math/Math_7_fixed
2025-05-20 02:24:25,012 - Math_7_fixed
2025-05-20 02:24:25,051 - Killing PID=3366148 → changpy  3366148  0.0  0.0  12864  3464 pts/17   S+   02:16   0:00 sh -c cd /data3/cpy/MutAGENTest/src/defects4j_fixed/Math/Math_7_fixed && ant -f /data3/cpy/MutAGENTest/mutantsgen/Wukong/defects4j/framework/projects/defects4j.build.xml -Dd4j.home=/data3/cpy/MutAGENTest/mutantsgen/Wukong/defects4j -Dd4j.dir.projects=/data3/cpy/MutAGENTest/mutantsgen/Wukong/defects4j/framework/projects -Dbasedir=/data3/cpy/MutAGENTest/src/defects4j_fixed/Math/Math_7_fixed -DOUTFILE=/data3/cpy/MutAGENTest/src/defects4j_fixed/Math/Math_7_fixed/failing_tests -Dd4j.test.dir=/data3/cpy/MutAGENTest/src/defects4j_fixed/Math/Math_7_fixed/.test_suite -Dd4j.test.include=*.java  run.gen.tests 2>&1
2025-05-20 02:24:25,052 - Killing PID=3366149 → changpy  3366149  733 13.6 37737004 27036128 pts/17 Sl+ 02:16  60:51 /usr/lib/jvm/java-8-openjdk-amd64/jre/bin/java -classpath /usr/share/ant/lib/ant-launcher.jar -Dant.home=/usr/share/ant -Dant.library.dir=/usr/share/ant/lib org.apache.tools.ant.launch.Launcher -cp  -f /data3/cpy/MutAGENTest/mutantsgen/Wukong/defects4j/framework/projects/defects4j.build.xml -Dd4j.home=/data3/cpy/MutAGENTest/mutantsgen/Wukong/defects4j -Dd4j.dir.projects=/data3/cpy/MutAGENTest/mutantsgen/Wukong/defects4j/framework/projects -Dbasedir=/data3/cpy/MutAGENTest/src/defects4j_fixed/Math/Math_7_fixed -DOUTFILE=/data3/cpy/MutAGENTest/src/defects4j_fixed/Math/Math_7_fixed/failing_tests -Dd4j.test.dir=/data3/cpy/MutAGENTest/src/defects4j_fixed/Math/Math_7_fixed/.test_suite -Dd4j.test.include=*.java run.gen.tests
2025-05-20 02:24:25,629 - 由于超时，已删除测试方法: testAcceptStep_NeedResetBehavior
2025-05-20 02:34:46,289 - alive ./defects4j_fixed/Math/Math_22_fixed/src/main/java/org/apache/commons/math3/distribution/FDistribution.java
2025-05-20 02:43:09,671 - alive ./defects4j_fixed/Math/Math_23_fixed/src/main/java/org/apache/commons/math3/optimization/univariate/BrentOptimizer.java
2025-05-20 02:54:48,100 - alive ./defects4j_fixed/Math/Math_24_fixed/src/main/java/org/apache/commons/math3/optimization/univariate/BrentOptimizer.java
2025-05-20 03:06:55,260 - alive ./defects4j_fixed/Math/Math_25_fixed/src/main/java/org/apache/commons/math3/optimization/fitting/HarmonicFitter.java
2025-05-20 03:15:58,858 - 执行测试超时，尝试删除最后一个测试方法后重试..., ./defects4j_fixed/Math/Math_7_fixed
2025-05-20 03:15:58,858 - terminating..., ./defects4j_fixed/Math/Math_7_fixed
2025-05-20 03:15:58,861 - terminating..., ./defects4j_fixed/Math/Math_7_fixed
2025-05-20 03:15:58,861 - Math_7_fixed
2025-05-20 03:15:58,895 - Killing PID=3544749 → changpy  3544749  0.0  0.0  12864  3492 pts/17   S+   03:07   0:00 sh -c cd /data3/cpy/MutAGENTest/src/defects4j_fixed/Math/Math_7_fixed && ant -f /data3/cpy/MutAGENTest/mutantsgen/Wukong/defects4j/framework/projects/defects4j.build.xml -Dd4j.home=/data3/cpy/MutAGENTest/mutantsgen/Wukong/defects4j -Dd4j.dir.projects=/data3/cpy/MutAGENTest/mutantsgen/Wukong/defects4j/framework/projects -Dbasedir=/data3/cpy/MutAGENTest/src/defects4j_fixed/Math/Math_7_fixed -DOUTFILE=/data3/cpy/MutAGENTest/src/defects4j_fixed/Math/Math_7_fixed/failing_tests -Dd4j.test.dir=/data3/cpy/MutAGENTest/src/defects4j_fixed/Math/Math_7_fixed/.test_suite -Dd4j.test.include=*.java  run.gen.tests 2>&1
2025-05-20 03:15:58,895 - Killing PID=3544750 → changpy  3544750  712 14.3 37737004 28290556 pts/17 Sl+ 03:07  59:07 /usr/lib/jvm/java-8-openjdk-amd64/jre/bin/java -classpath /usr/share/ant/lib/ant-launcher.jar -Dant.home=/usr/share/ant -Dant.library.dir=/usr/share/ant/lib org.apache.tools.ant.launch.Launcher -cp  -f /data3/cpy/MutAGENTest/mutantsgen/Wukong/defects4j/framework/projects/defects4j.build.xml -Dd4j.home=/data3/cpy/MutAGENTest/mutantsgen/Wukong/defects4j -Dd4j.dir.projects=/data3/cpy/MutAGENTest/mutantsgen/Wukong/defects4j/framework/projects -Dbasedir=/data3/cpy/MutAGENTest/src/defects4j_fixed/Math/Math_7_fixed -DOUTFILE=/data3/cpy/MutAGENTest/src/defects4j_fixed/Math/Math_7_fixed/failing_tests -Dd4j.test.dir=/data3/cpy/MutAGENTest/src/defects4j_fixed/Math/Math_7_fixed/.test_suite -Dd4j.test.include=*.java run.gen.tests
2025-05-20 03:15:59,447 - 由于超时，已删除测试方法: testAcceptStep_DetectsRecurringEvents
2025-05-20 03:36:30,265 - 执行测试超时，尝试删除最后一个测试方法后重试..., ./defects4j_fixed/Math/Math_7_fixed
2025-05-20 03:36:30,266 - terminating..., ./defects4j_fixed/Math/Math_7_fixed
2025-05-20 03:36:30,268 - terminating..., ./defects4j_fixed/Math/Math_7_fixed
2025-05-20 03:36:30,268 - Math_7_fixed
2025-05-20 03:36:30,303 - Killing PID=3601988 → changpy  3601988  0.0  0.0  12864  3456 pts/17   S+   03:28   0:00 sh -c cd /data3/cpy/MutAGENTest/src/defects4j_fixed/Math/Math_7_fixed && ant -f /data3/cpy/MutAGENTest/mutantsgen/Wukong/defects4j/framework/projects/defects4j.build.xml -Dd4j.home=/data3/cpy/MutAGENTest/mutantsgen/Wukong/defects4j -Dd4j.dir.projects=/data3/cpy/MutAGENTest/mutantsgen/Wukong/defects4j/framework/projects -Dbasedir=/data3/cpy/MutAGENTest/src/defects4j_fixed/Math/Math_7_fixed -DOUTFILE=/data3/cpy/MutAGENTest/src/defects4j_fixed/Math/Math_7_fixed/failing_tests -Dd4j.test.dir=/data3/cpy/MutAGENTest/src/defects4j_fixed/Math/Math_7_fixed/.test_suite -Dd4j.test.include=*.java  run.gen.tests 2>&1
2025-05-20 03:36:30,303 - Killing PID=3601989 → changpy  3601989  630 15.4 37737004 30585092 pts/17 Sl+ 03:28  52:18 /usr/lib/jvm/java-8-openjdk-amd64/jre/bin/java -classpath /usr/share/ant/lib/ant-launcher.jar -Dant.home=/usr/share/ant -Dant.library.dir=/usr/share/ant/lib org.apache.tools.ant.launch.Launcher -cp  -f /data3/cpy/MutAGENTest/mutantsgen/Wukong/defects4j/framework/projects/defects4j.build.xml -Dd4j.home=/data3/cpy/MutAGENTest/mutantsgen/Wukong/defects4j -Dd4j.dir.projects=/data3/cpy/MutAGENTest/mutantsgen/Wukong/defects4j/framework/projects -Dbasedir=/data3/cpy/MutAGENTest/src/defects4j_fixed/Math/Math_7_fixed -DOUTFILE=/data3/cpy/MutAGENTest/src/defects4j_fixed/Math/Math_7_fixed/failing_tests -Dd4j.test.dir=/data3/cpy/MutAGENTest/src/defects4j_fixed/Math/Math_7_fixed/.test_suite -Dd4j.test.include=*.java run.gen.tests
2025-05-20 03:36:30,838 - 由于超时，已删除测试方法: testAcceptStep_ShouldNotSetLastStepWhenNoEventsRequestStop
2025-05-20 04:05:57,992 - alive ./defects4j_fixed/Math/Math_23_fixed/src/main/java/org/apache/commons/math3/optimization/univariate/BrentOptimizer.java
2025-05-20 04:10:54,333 - alive ./defects4j_fixed/Math/Math_26_fixed/src/main/java/org/apache/commons/math3/fraction/Fraction.java
2025-05-20 04:52:48,310 - alive ./defects4j_fixed/Math/Math_27_fixed/src/main/java/org/apache/commons/math3/fraction/Fraction.java
2025-05-20 05:09:54,540 - alive ./defects4j_fixed/Math/Math_28_fixed/src/main/java/org/apache/commons/math3/optimization/linear/SimplexSolver.java
2025-05-20 05:57:32,108 - 执行测试超时，尝试删除最后一个测试方法后重试..., ./defects4j_fixed/Math/Math_7_fixed
2025-05-20 05:57:32,109 - terminating..., ./defects4j_fixed/Math/Math_7_fixed
2025-05-20 05:57:32,110 - terminating..., ./defects4j_fixed/Math/Math_7_fixed
2025-05-20 05:57:32,110 - Math_7_fixed
2025-05-20 05:57:32,140 - Killing PID=3928618 → changpy  3928618  0.0  0.0  12864  3424 pts/17   S+   05:49   0:00 sh -c cd /data3/cpy/MutAGENTest/src/defects4j_fixed/Math/Math_7_fixed && ant -f /data3/cpy/MutAGENTest/mutantsgen/Wukong/defects4j/framework/projects/defects4j.build.xml -Dd4j.home=/data3/cpy/MutAGENTest/mutantsgen/Wukong/defects4j -Dd4j.dir.projects=/data3/cpy/MutAGENTest/mutantsgen/Wukong/defects4j/framework/projects -Dbasedir=/data3/cpy/MutAGENTest/src/defects4j_fixed/Math/Math_7_fixed -DOUTFILE=/data3/cpy/MutAGENTest/src/defects4j_fixed/Math/Math_7_fixed/failing_tests -Dd4j.test.dir=/data3/cpy/MutAGENTest/src/defects4j_fixed/Math/Math_7_fixed/.test_suite -Dd4j.test.include=*.java  run.gen.tests 2>&1
2025-05-20 05:57:32,140 - Killing PID=3928619 → changpy  3928619  683 14.5 37739052 28800344 pts/17 Sl+ 05:49  56:50 /usr/lib/jvm/java-8-openjdk-amd64/jre/bin/java -classpath /usr/share/ant/lib/ant-launcher.jar -Dant.home=/usr/share/ant -Dant.library.dir=/usr/share/ant/lib org.apache.tools.ant.launch.Launcher -cp  -f /data3/cpy/MutAGENTest/mutantsgen/Wukong/defects4j/framework/projects/defects4j.build.xml -Dd4j.home=/data3/cpy/MutAGENTest/mutantsgen/Wukong/defects4j -Dd4j.dir.projects=/data3/cpy/MutAGENTest/mutantsgen/Wukong/defects4j/framework/projects -Dbasedir=/data3/cpy/MutAGENTest/src/defects4j_fixed/Math/Math_7_fixed -DOUTFILE=/data3/cpy/MutAGENTest/src/defects4j_fixed/Math/Math_7_fixed/failing_tests -Dd4j.test.dir=/data3/cpy/MutAGENTest/src/defects4j_fixed/Math/Math_7_fixed/.test_suite -Dd4j.test.include=*.java run.gen.tests
2025-05-20 05:57:32,872 - 由于超时，已删除测试方法: testAcceptStep_InterpolatorPreviousTimeSetCorrectly
2025-05-20 05:58:18,864 - alive ./defects4j_fixed/Math/Math_29_fixed/src/main/java/org/apache/commons/math3/linear/OpenMapRealVector.java
2025-05-20 06:01:17,208 - alive ./defects4j_fixed/Math/Math_30_fixed/src/main/java/org/apache/commons/math3/stat/inference/MannWhitneyUTest.java
2025-05-20 06:15:41,656 - alive ./defects4j_fixed/Math/Math_31_fixed/src/main/java/org/apache/commons/math3/util/ContinuedFraction.java
2025-05-20 06:21:36,283 - alive ./defects4j_fixed/Math/Math_32_fixed/src/main/java/org/apache/commons/math3/geometry/euclidean/twod/PolygonsSet.java
2025-05-20 06:24:29,493 - 执行测试超时，尝试删除最后一个测试方法后重试..., ./defects4j_fixed/Math/Math_7_fixed
2025-05-20 06:24:29,494 - terminating..., ./defects4j_fixed/Math/Math_7_fixed
2025-05-20 06:24:29,495 - terminating..., ./defects4j_fixed/Math/Math_7_fixed
2025-05-20 06:24:29,495 - Math_7_fixed
2025-05-20 06:24:29,528 - Killing PID=4028430 → changpy  4028430  0.0  0.0  12864  3340 pts/17   S+   06:16   0:00 sh -c cd /data3/cpy/MutAGENTest/src/defects4j_fixed/Math/Math_7_fixed && ant -f /data3/cpy/MutAGENTest/mutantsgen/Wukong/defects4j/framework/projects/defects4j.build.xml -Dd4j.home=/data3/cpy/MutAGENTest/mutantsgen/Wukong/defects4j -Dd4j.dir.projects=/data3/cpy/MutAGENTest/mutantsgen/Wukong/defects4j/framework/projects -Dbasedir=/data3/cpy/MutAGENTest/src/defects4j_fixed/Math/Math_7_fixed -DOUTFILE=/data3/cpy/MutAGENTest/src/defects4j_fixed/Math/Math_7_fixed/failing_tests -Dd4j.test.dir=/data3/cpy/MutAGENTest/src/defects4j_fixed/Math/Math_7_fixed/.test_suite -Dd4j.test.include=*.java  run.gen.tests 2>&1
2025-05-20 06:24:29,529 - Killing PID=4028433 → changpy  4028433  699 14.9 37739052 29592092 pts/17 Sl+ 06:16  58:03 /usr/lib/jvm/java-8-openjdk-amd64/jre/bin/java -classpath /usr/share/ant/lib/ant-launcher.jar -Dant.home=/usr/share/ant -Dant.library.dir=/usr/share/ant/lib org.apache.tools.ant.launch.Launcher -cp  -f /data3/cpy/MutAGENTest/mutantsgen/Wukong/defects4j/framework/projects/defects4j.build.xml -Dd4j.home=/data3/cpy/MutAGENTest/mutantsgen/Wukong/defects4j -Dd4j.dir.projects=/data3/cpy/MutAGENTest/mutantsgen/Wukong/defects4j/framework/projects -Dbasedir=/data3/cpy/MutAGENTest/src/defects4j_fixed/Math/Math_7_fixed -DOUTFILE=/data3/cpy/MutAGENTest/src/defects4j_fixed/Math/Math_7_fixed/failing_tests -Dd4j.test.dir=/data3/cpy/MutAGENTest/src/defects4j_fixed/Math/Math_7_fixed/.test_suite -Dd4j.test.include=*.java run.gen.tests
2025-05-20 06:24:30,644 - 由于超时，已删除测试方法: testAcceptStep_InterpolatorTimeAtEvent
2025-05-20 06:44:17,646 - alive ./defects4j_fixed/Math/Math_33_fixed/src/main/java/org/apache/commons/math3/optimization/linear/SimplexTableau.java
2025-05-20 07:13:26,901 - 执行测试超时，尝试删除最后一个测试方法后重试..., ./defects4j_fixed/Math/Math_7_fixed
2025-05-20 07:13:26,901 - terminating..., ./defects4j_fixed/Math/Math_7_fixed
2025-05-20 07:13:26,902 - terminating..., ./defects4j_fixed/Math/Math_7_fixed
2025-05-20 07:13:26,903 - Math_7_fixed
2025-05-20 07:13:26,940 - Killing PID=4135110 → changpy  4135110  0.0  0.0  12864  3524 pts/17   S+   07:05   0:00 sh -c cd /data3/cpy/MutAGENTest/src/defects4j_fixed/Math/Math_7_fixed && ant -f /data3/cpy/MutAGENTest/mutantsgen/Wukong/defects4j/framework/projects/defects4j.build.xml -Dd4j.home=/data3/cpy/MutAGENTest/mutantsgen/Wukong/defects4j -Dd4j.dir.projects=/data3/cpy/MutAGENTest/mutantsgen/Wukong/defects4j/framework/projects -Dbasedir=/data3/cpy/MutAGENTest/src/defects4j_fixed/Math/Math_7_fixed -DOUTFILE=/data3/cpy/MutAGENTest/src/defects4j_fixed/Math/Math_7_fixed/failing_tests -Dd4j.test.dir=/data3/cpy/MutAGENTest/src/defects4j_fixed/Math/Math_7_fixed/.test_suite -Dd4j.test.include=*.java  run.gen.tests 2>&1
2025-05-20 07:13:26,940 - Killing PID=4135111 → changpy  4135111  707 13.9 37739052 27459940 pts/17 Sl+ 07:05  58:44 /usr/lib/jvm/java-8-openjdk-amd64/jre/bin/java -classpath /usr/share/ant/lib/ant-launcher.jar -Dant.home=/usr/share/ant -Dant.library.dir=/usr/share/ant/lib org.apache.tools.ant.launch.Launcher -cp  -f /data3/cpy/MutAGENTest/mutantsgen/Wukong/defects4j/framework/projects/defects4j.build.xml -Dd4j.home=/data3/cpy/MutAGENTest/mutantsgen/Wukong/defects4j -Dd4j.dir.projects=/data3/cpy/MutAGENTest/mutantsgen/Wukong/defects4j/framework/projects -Dbasedir=/data3/cpy/MutAGENTest/src/defects4j_fixed/Math/Math_7_fixed -DOUTFILE=/data3/cpy/MutAGENTest/src/defects4j_fixed/Math/Math_7_fixed/failing_tests -Dd4j.test.dir=/data3/cpy/MutAGENTest/src/defects4j_fixed/Math/Math_7_fixed/.test_suite -Dd4j.test.include=*.java run.gen.tests
2025-05-20 07:13:27,901 - 由于超时，已删除测试方法: testAcceptStep_InterpolatorTimeSettingAfterEvent
2025-05-20 07:41:36,980 - alive ./defects4j_fixed/Math/Math_34_fixed/src/main/java/org/apache/commons/math3/genetics/ListPopulation.java
2025-05-20 07:50:11,454 - 执行测试超时，尝试删除最后一个测试方法后重试..., ./defects4j_fixed/Math/Math_7_fixed
2025-05-20 07:50:11,454 - terminating..., ./defects4j_fixed/Math/Math_7_fixed
2025-05-20 07:50:11,456 - terminating..., ./defects4j_fixed/Math/Math_7_fixed
2025-05-20 07:50:11,456 - Math_7_fixed
2025-05-20 07:50:11,490 - Killing PID=4429 → changpy     4429  0.0  0.0  12864  3444 pts/17   S+   07:41   0:00 sh -c cd /data3/cpy/MutAGENTest/src/defects4j_fixed/Math/Math_7_fixed && ant -f /data3/cpy/MutAGENTest/mutantsgen/Wukong/defects4j/framework/projects/defects4j.build.xml -Dd4j.home=/data3/cpy/MutAGENTest/mutantsgen/Wukong/defects4j -Dd4j.dir.projects=/data3/cpy/MutAGENTest/mutantsgen/Wukong/defects4j/framework/projects -Dbasedir=/data3/cpy/MutAGENTest/src/defects4j_fixed/Math/Math_7_fixed -DOUTFILE=/data3/cpy/MutAGENTest/src/defects4j_fixed/Math/Math_7_fixed/failing_tests -Dd4j.test.dir=/data3/cpy/MutAGENTest/src/defects4j_fixed/Math/Math_7_fixed/.test_suite -Dd4j.test.include=*.java  run.gen.tests 2>&1
2025-05-20 07:50:11,490 - Killing PID=4430 → changpy     4430  679 13.3 37737004 26279292 pts/17 Sl+ 07:41  56:23 /usr/lib/jvm/java-8-openjdk-amd64/jre/bin/java -classpath /usr/share/ant/lib/ant-launcher.jar -Dant.home=/usr/share/ant -Dant.library.dir=/usr/share/ant/lib org.apache.tools.ant.launch.Launcher -cp  -f /data3/cpy/MutAGENTest/mutantsgen/Wukong/defects4j/framework/projects/defects4j.build.xml -Dd4j.home=/data3/cpy/MutAGENTest/mutantsgen/Wukong/defects4j -Dd4j.dir.projects=/data3/cpy/MutAGENTest/mutantsgen/Wukong/defects4j/framework/projects -Dbasedir=/data3/cpy/MutAGENTest/src/defects4j_fixed/Math/Math_7_fixed -DOUTFILE=/data3/cpy/MutAGENTest/src/defects4j_fixed/Math/Math_7_fixed/failing_tests -Dd4j.test.dir=/data3/cpy/MutAGENTest/src/defects4j_fixed/Math/Math_7_fixed/.test_suite -Dd4j.test.include=*.java run.gen.tests
2025-05-20 07:50:12,516 - 由于超时，已删除测试方法: testAcceptStepSetsCorrectSoftCurrentTimeAfterEvent
2025-05-20 08:29:25,218 - alive ./defects4j_fixed/Math/Math_35_fixed/src/main/java/org/apache/commons/math3/genetics/ElitisticListPopulation.java
2025-05-20 08:34:52,320 - alive ./defects4j_fixed/Math/Math_36_fixed/src/main/java/org/apache/commons/math/fraction/BigFraction.java
2025-05-20 08:49:24,496 - alive ./defects4j_fixed/Math/Math_37_fixed/src/main/java/org/apache/commons/math/complex/Complex.java
2025-05-20 09:21:57,014 - alive ./defects4j_fixed/Math/Math_38_fixed/src/main/java/org/apache/commons/math/optimization/direct/BOBYQAOptimizer.java
2025-05-20 09:23:37,926 - alive ./defects4j_fixed/Math/Math_39_fixed/src/main/java/org/apache/commons/math/ode/nonstiff/EmbeddedRungeKuttaIntegrator.java
2025-05-20 10:16:41,714 - 执行测试超时，尝试删除最后一个测试方法后重试..., ./defects4j_fixed/Math/Math_7_fixed
2025-05-20 10:16:41,715 - terminating..., ./defects4j_fixed/Math/Math_7_fixed
2025-05-20 10:16:41,717 - terminating..., ./defects4j_fixed/Math/Math_7_fixed
2025-05-20 10:16:41,717 - Math_7_fixed
2025-05-20 10:16:41,751 - Killing PID=444227 → changpy   444227  0.0  0.0  12864  3464 pts/17   S+   10:08   0:00 sh -c cd /data3/cpy/MutAGENTest/src/defects4j_fixed/Math/Math_7_fixed && ant -f /data3/cpy/MutAGENTest/mutantsgen/Wukong/defects4j/framework/projects/defects4j.build.xml -Dd4j.home=/data3/cpy/MutAGENTest/mutantsgen/Wukong/defects4j -Dd4j.dir.projects=/data3/cpy/MutAGENTest/mutantsgen/Wukong/defects4j/framework/projects -Dbasedir=/data3/cpy/MutAGENTest/src/defects4j_fixed/Math/Math_7_fixed -DOUTFILE=/data3/cpy/MutAGENTest/src/defects4j_fixed/Math/Math_7_fixed/failing_tests -Dd4j.test.dir=/data3/cpy/MutAGENTest/src/defects4j_fixed/Math/Math_7_fixed/.test_suite -Dd4j.test.include=*.java  run.gen.tests 2>&1
2025-05-20 10:16:41,751 - Killing PID=444228 → changpy   444228  662 15.0 37739052 29796144 pts/17 Sl+ 10:08  55:01 /usr/lib/jvm/java-8-openjdk-amd64/jre/bin/java -classpath /usr/share/ant/lib/ant-launcher.jar -Dant.home=/usr/share/ant -Dant.library.dir=/usr/share/ant/lib org.apache.tools.ant.launch.Launcher -cp  -f /data3/cpy/MutAGENTest/mutantsgen/Wukong/defects4j/framework/projects/defects4j.build.xml -Dd4j.home=/data3/cpy/MutAGENTest/mutantsgen/Wukong/defects4j -Dd4j.dir.projects=/data3/cpy/MutAGENTest/mutantsgen/Wukong/defects4j/framework/projects -Dbasedir=/data3/cpy/MutAGENTest/src/defects4j_fixed/Math/Math_7_fixed -DOUTFILE=/data3/cpy/MutAGENTest/src/defects4j_fixed/Math/Math_7_fixed/failing_tests -Dd4j.test.dir=/data3/cpy/MutAGENTest/src/defects4j_fixed/Math/Math_7_fixed/.test_suite -Dd4j.test.include=*.java run.gen.tests
2025-05-20 10:16:42,808 - 由于超时，已删除测试方法: testAcceptStep_DetectsSoftCurrentTimeMutation
2025-05-20 10:21:53,284 - alive ./defects4j_fixed/Math/Math_39_fixed/src/main/java/org/apache/commons/math/ode/nonstiff/EmbeddedRungeKuttaIntegrator.java
2025-05-20 10:59:48,385 - 执行测试超时，尝试删除最后一个测试方法后重试..., ./defects4j_fixed/Math/Math_7_fixed
2025-05-20 10:59:48,385 - terminating..., ./defects4j_fixed/Math/Math_7_fixed
2025-05-20 10:59:48,387 - terminating..., ./defects4j_fixed/Math/Math_7_fixed
2025-05-20 10:59:48,387 - Math_7_fixed
2025-05-20 10:59:48,425 - Killing PID=528028 → changpy   528028  0.0  0.0  12864  3444 pts/17   S+   10:51   0:00 sh -c cd /data3/cpy/MutAGENTest/src/defects4j_fixed/Math/Math_7_fixed && ant -f /data3/cpy/MutAGENTest/mutantsgen/Wukong/defects4j/framework/projects/defects4j.build.xml -Dd4j.home=/data3/cpy/MutAGENTest/mutantsgen/Wukong/defects4j -Dd4j.dir.projects=/data3/cpy/MutAGENTest/mutantsgen/Wukong/defects4j/framework/projects -Dbasedir=/data3/cpy/MutAGENTest/src/defects4j_fixed/Math/Math_7_fixed -DOUTFILE=/data3/cpy/MutAGENTest/src/defects4j_fixed/Math/Math_7_fixed/failing_tests -Dd4j.test.dir=/data3/cpy/MutAGENTest/src/defects4j_fixed/Math/Math_7_fixed/.test_suite -Dd4j.test.include=*.java  run.gen.tests 2>&1
2025-05-20 10:59:48,425 - Killing PID=528029 → changpy   528029  691 14.5 37739052 28677836 pts/17 Sl+ 10:51  57:25 /usr/lib/jvm/java-8-openjdk-amd64/jre/bin/java -classpath /usr/share/ant/lib/ant-launcher.jar -Dant.home=/usr/share/ant -Dant.library.dir=/usr/share/ant/lib org.apache.tools.ant.launch.Launcher -cp  -f /data3/cpy/MutAGENTest/mutantsgen/Wukong/defects4j/framework/projects/defects4j.build.xml -Dd4j.home=/data3/cpy/MutAGENTest/mutantsgen/Wukong/defects4j -Dd4j.dir.projects=/data3/cpy/MutAGENTest/mutantsgen/Wukong/defects4j/framework/projects -Dbasedir=/data3/cpy/MutAGENTest/src/defects4j_fixed/Math/Math_7_fixed -DOUTFILE=/data3/cpy/MutAGENTest/src/defects4j_fixed/Math/Math_7_fixed/failing_tests -Dd4j.test.dir=/data3/cpy/MutAGENTest/src/defects4j_fixed/Math/Math_7_fixed/.test_suite -Dd4j.test.include=*.java run.gen.tests
2025-05-20 10:59:49,774 - 由于超时，已删除测试方法: testAcceptStep_EventStateReceivesCorrectTime
2025-05-20 11:55:23,313 - 执行测试超时，尝试删除最后一个测试方法后重试..., ./defects4j_fixed/Math/Math_7_fixed
2025-05-20 11:55:23,313 - terminating..., ./defects4j_fixed/Math/Math_7_fixed
2025-05-20 11:55:23,315 - terminating..., ./defects4j_fixed/Math/Math_7_fixed
2025-05-20 11:55:23,315 - Math_7_fixed
2025-05-20 11:55:23,353 - Killing PID=632269 → changpy   632269  0.0  0.0  12864  3536 pts/17   S+   11:47   0:00 sh -c cd /data3/cpy/MutAGENTest/src/defects4j_fixed/Math/Math_7_fixed && ant -f /data3/cpy/MutAGENTest/mutantsgen/Wukong/defects4j/framework/projects/defects4j.build.xml -Dd4j.home=/data3/cpy/MutAGENTest/mutantsgen/Wukong/defects4j -Dd4j.dir.projects=/data3/cpy/MutAGENTest/mutantsgen/Wukong/defects4j/framework/projects -Dbasedir=/data3/cpy/MutAGENTest/src/defects4j_fixed/Math/Math_7_fixed -DOUTFILE=/data3/cpy/MutAGENTest/src/defects4j_fixed/Math/Math_7_fixed/failing_tests -Dd4j.test.dir=/data3/cpy/MutAGENTest/src/defects4j_fixed/Math/Math_7_fixed/.test_suite -Dd4j.test.include=*.java  run.gen.tests 2>&1
2025-05-20 11:55:23,354 - Killing PID=632270 → changpy   632270  705 14.5 37739052 28777640 pts/17 Sl+ 11:47  58:30 /usr/lib/jvm/java-8-openjdk-amd64/jre/bin/java -classpath /usr/share/ant/lib/ant-launcher.jar -Dant.home=/usr/share/ant -Dant.library.dir=/usr/share/ant/lib org.apache.tools.ant.launch.Launcher -cp  -f /data3/cpy/MutAGENTest/mutantsgen/Wukong/defects4j/framework/projects/defects4j.build.xml -Dd4j.home=/data3/cpy/MutAGENTest/mutantsgen/Wukong/defects4j -Dd4j.dir.projects=/data3/cpy/MutAGENTest/mutantsgen/Wukong/defects4j/framework/projects -Dbasedir=/data3/cpy/MutAGENTest/src/defects4j_fixed/Math/Math_7_fixed -DOUTFILE=/data3/cpy/MutAGENTest/src/defects4j_fixed/Math/Math_7_fixed/failing_tests -Dd4j.test.dir=/data3/cpy/MutAGENTest/src/defects4j_fixed/Math/Math_7_fixed/.test_suite -Dd4j.test.include=*.java run.gen.tests
2025-05-20 11:55:24,772 - 由于超时，已删除测试方法: testAcceptStep_HandlesRemainingStepTimeCorrectlyAfterEvent
2025-05-20 12:00:31,057 - alive ./defects4j_fixed/Math/Math_40_fixed/src/main/java/org/apache/commons/math/analysis/solvers/BracketingNthOrderBrentSolver.java
2025-05-20 13:14:43,194 - alive ./defects4j_fixed/Math/Math_41_fixed/src/main/java/org/apache/commons/math/stat/descriptive/moment/Variance.java
2025-05-20 13:35:31,467 - alive ./defects4j_fixed/Math/Math_42_fixed/src/main/java/org/apache/commons/math/optimization/linear/SimplexTableau.java
2025-05-20 13:37:23,065 - alive ./defects4j_fixed/Math/Math_43_fixed/src/main/java/org/apache/commons/math/stat/descriptive/SummaryStatistics.java
2025-05-20 13:57:36,716 - alive ./defects4j_fixed/Math/Math_44_fixed/src/main/java/org/apache/commons/math/ode/AbstractIntegrator.java
2025-05-20 14:28:07,517 - alive ./defects4j_fixed/Math/Math_45_fixed/src/main/java/org/apache/commons/math/linear/OpenMapRealMatrix.java
2025-05-20 14:30:35,150 - 执行测试超时，尝试删除最后一个测试方法后重试..., ./defects4j_fixed/Math/Math_44_fixed
2025-05-20 14:30:35,151 - terminating..., ./defects4j_fixed/Math/Math_44_fixed
2025-05-20 14:30:35,196 - terminating..., ./defects4j_fixed/Math/Math_44_fixed
2025-05-20 14:30:35,201 - Math_44_fixed
2025-05-20 14:30:35,252 - Killing PID=1025813 → changpy  1025813  0.0  0.0  12864  3408 pts/17   S+   14:22   0:00 sh -c cd /data3/cpy/MutAGENTest/src/defects4j_fixed/Math/Math_44_fixed && ant -f /data3/cpy/MutAGENTest/mutantsgen/Wukong/defects4j/framework/projects/defects4j.build.xml -Dd4j.home=/data3/cpy/MutAGENTest/mutantsgen/Wukong/defects4j -Dd4j.dir.projects=/data3/cpy/MutAGENTest/mutantsgen/Wukong/defects4j/framework/projects -Dbasedir=/data3/cpy/MutAGENTest/src/defects4j_fixed/Math/Math_44_fixed -DOUTFILE=/data3/cpy/MutAGENTest/src/defects4j_fixed/Math/Math_44_fixed/failing_tests -Dd4j.test.dir=/data3/cpy/MutAGENTest/src/defects4j_fixed/Math/Math_44_fixed/.test_suite -Dd4j.test.include=*.java  run.gen.tests 2>&1
2025-05-20 14:30:35,253 - Killing PID=1025814 → changpy  1025814  729 14.7 37737004 29181692 pts/17 Sl+ 14:22  60:38 /usr/lib/jvm/java-8-openjdk-amd64/jre/bin/java -classpath /usr/share/ant/lib/ant-launcher.jar -Dant.home=/usr/share/ant -Dant.library.dir=/usr/share/ant/lib org.apache.tools.ant.launch.Launcher -cp  -f /data3/cpy/MutAGENTest/mutantsgen/Wukong/defects4j/framework/projects/defects4j.build.xml -Dd4j.home=/data3/cpy/MutAGENTest/mutantsgen/Wukong/defects4j -Dd4j.dir.projects=/data3/cpy/MutAGENTest/mutantsgen/Wukong/defects4j/framework/projects -Dbasedir=/data3/cpy/MutAGENTest/src/defects4j_fixed/Math/Math_44_fixed -DOUTFILE=/data3/cpy/MutAGENTest/src/defects4j_fixed/Math/Math_44_fixed/failing_tests -Dd4j.test.dir=/data3/cpy/MutAGENTest/src/defects4j_fixed/Math/Math_44_fixed/.test_suite -Dd4j.test.include=*.java run.gen.tests
2025-05-20 14:30:35,344 - 由于超时，已删除测试方法: testAcceptStep_WithEventThatTriggersReset
2025-05-20 14:42:02,934 - alive ./defects4j_fixed/Math/Math_46_fixed/src/main/java/org/apache/commons/math/complex/Complex.java
2025-05-20 14:44:23,073 - 执行测试超时，尝试删除最后一个测试方法后重试..., ./defects4j_fixed/Math/Math_44_fixed
2025-05-20 14:44:23,074 - terminating..., ./defects4j_fixed/Math/Math_44_fixed
2025-05-20 14:44:23,076 - terminating..., ./defects4j_fixed/Math/Math_44_fixed
2025-05-20 14:44:23,076 - Math_44_fixed
2025-05-20 14:44:23,110 - Killing PID=1059542 → changpy  1059542  0.0  0.0  12864  3452 pts/17   S+   14:36   0:00 sh -c cd /data3/cpy/MutAGENTest/src/defects4j_fixed/Math/Math_44_fixed && ant -f /data3/cpy/MutAGENTest/mutantsgen/Wukong/defects4j/framework/projects/defects4j.build.xml -Dd4j.home=/data3/cpy/MutAGENTest/mutantsgen/Wukong/defects4j -Dd4j.dir.projects=/data3/cpy/MutAGENTest/mutantsgen/Wukong/defects4j/framework/projects -Dbasedir=/data3/cpy/MutAGENTest/src/defects4j_fixed/Math/Math_44_fixed -DOUTFILE=/data3/cpy/MutAGENTest/src/defects4j_fixed/Math/Math_44_fixed/failing_tests -Dd4j.test.dir=/data3/cpy/MutAGENTest/src/defects4j_fixed/Math/Math_44_fixed/.test_suite -Dd4j.test.include=*.java  run.gen.tests 2>&1
2025-05-20 14:44:23,110 - Killing PID=1059543 → changpy  1059543  729 14.9 37737004 29499356 pts/17 Sl+ 14:36  60:33 /usr/lib/jvm/java-8-openjdk-amd64/jre/bin/java -classpath /usr/share/ant/lib/ant-launcher.jar -Dant.home=/usr/share/ant -Dant.library.dir=/usr/share/ant/lib org.apache.tools.ant.launch.Launcher -cp  -f /data3/cpy/MutAGENTest/mutantsgen/Wukong/defects4j/framework/projects/defects4j.build.xml -Dd4j.home=/data3/cpy/MutAGENTest/mutantsgen/Wukong/defects4j -Dd4j.dir.projects=/data3/cpy/MutAGENTest/mutantsgen/Wukong/defects4j/framework/projects -Dbasedir=/data3/cpy/MutAGENTest/src/defects4j_fixed/Math/Math_44_fixed -DOUTFILE=/data3/cpy/MutAGENTest/src/defects4j_fixed/Math/Math_44_fixed/failing_tests -Dd4j.test.dir=/data3/cpy/MutAGENTest/src/defects4j_fixed/Math/Math_44_fixed/.test_suite -Dd4j.test.include=*.java run.gen.tests
2025-05-20 14:44:23,412 - 由于超时，已删除测试方法: testAcceptStep_WithSingleEvent
2025-05-20 14:54:58,564 - alive ./defects4j_fixed/Math/Math_47_fixed/src/main/java/org/apache/commons/math/complex/Complex.java
2025-05-20 14:56:29,421 - 执行测试超时，尝试删除最后一个测试方法后重试..., ./defects4j_fixed/Math/Math_44_fixed
2025-05-20 14:56:29,422 - terminating..., ./defects4j_fixed/Math/Math_44_fixed
2025-05-20 14:56:29,424 - terminating..., ./defects4j_fixed/Math/Math_44_fixed
2025-05-20 14:56:29,424 - Math_44_fixed
2025-05-20 14:56:29,459 - Killing PID=1090799 → changpy  1090799  0.0  0.0  12864  3448 pts/17   S+   14:48   0:00 sh -c cd /data3/cpy/MutAGENTest/src/defects4j_fixed/Math/Math_44_fixed && ant -f /data3/cpy/MutAGENTest/mutantsgen/Wukong/defects4j/framework/projects/defects4j.build.xml -Dd4j.home=/data3/cpy/MutAGENTest/mutantsgen/Wukong/defects4j -Dd4j.dir.projects=/data3/cpy/MutAGENTest/mutantsgen/Wukong/defects4j/framework/projects -Dbasedir=/data3/cpy/MutAGENTest/src/defects4j_fixed/Math/Math_44_fixed -DOUTFILE=/data3/cpy/MutAGENTest/src/defects4j_fixed/Math/Math_44_fixed/failing_tests -Dd4j.test.dir=/data3/cpy/MutAGENTest/src/defects4j_fixed/Math/Math_44_fixed/.test_suite -Dd4j.test.include=*.java  run.gen.tests 2>&1
2025-05-20 14:56:29,460 - Killing PID=1090800 → changpy  1090800  680 15.1 37737004 29834020 pts/17 Sl+ 14:48  56:27 /usr/lib/jvm/java-8-openjdk-amd64/jre/bin/java -classpath /usr/share/ant/lib/ant-launcher.jar -Dant.home=/usr/share/ant -Dant.library.dir=/usr/share/ant/lib org.apache.tools.ant.launch.Launcher -cp  -f /data3/cpy/MutAGENTest/mutantsgen/Wukong/defects4j/framework/projects/defects4j.build.xml -Dd4j.home=/data3/cpy/MutAGENTest/mutantsgen/Wukong/defects4j -Dd4j.dir.projects=/data3/cpy/MutAGENTest/mutantsgen/Wukong/defects4j/framework/projects -Dbasedir=/data3/cpy/MutAGENTest/src/defects4j_fixed/Math/Math_44_fixed -DOUTFILE=/data3/cpy/MutAGENTest/src/defects4j_fixed/Math/Math_44_fixed/failing_tests -Dd4j.test.dir=/data3/cpy/MutAGENTest/src/defects4j_fixed/Math/Math_44_fixed/.test_suite -Dd4j.test.include=*.java run.gen.tests
2025-05-20 14:56:29,723 - 由于超时，已删除测试方法: testAcceptStep_ReachingEndTime
2025-05-20 15:07:06,033 - 执行测试超时，尝试删除最后一个测试方法后重试..., ./defects4j_fixed/Math/Math_44_fixed
2025-05-20 15:07:06,034 - terminating..., ./defects4j_fixed/Math/Math_44_fixed
2025-05-20 15:07:06,036 - terminating..., ./defects4j_fixed/Math/Math_44_fixed
2025-05-20 15:07:06,036 - Math_44_fixed
2025-05-20 15:07:06,095 - Killing PID=1116702 → changpy  1116702  0.0  0.0  12864  3512 pts/17   S+   14:58   0:00 sh -c cd /data3/cpy/MutAGENTest/src/defects4j_fixed/Math/Math_44_fixed && ant -f /data3/cpy/MutAGENTest/mutantsgen/Wukong/defects4j/framework/projects/defects4j.build.xml -Dd4j.home=/data3/cpy/MutAGENTest/mutantsgen/Wukong/defects4j -Dd4j.dir.projects=/data3/cpy/MutAGENTest/mutantsgen/Wukong/defects4j/framework/projects -Dbasedir=/data3/cpy/MutAGENTest/src/defects4j_fixed/Math/Math_44_fixed -DOUTFILE=/data3/cpy/MutAGENTest/src/defects4j_fixed/Math/Math_44_fixed/failing_tests -Dd4j.test.dir=/data3/cpy/MutAGENTest/src/defects4j_fixed/Math/Math_44_fixed/.test_suite -Dd4j.test.include=*.java  run.gen.tests 2>&1
2025-05-20 15:07:06,095 - Killing PID=1116703 → changpy  1116703  685 14.0 37737004 27741064 pts/17 Sl+ 14:58  56:56 /usr/lib/jvm/java-8-openjdk-amd64/jre/bin/java -classpath /usr/share/ant/lib/ant-launcher.jar -Dant.home=/usr/share/ant -Dant.library.dir=/usr/share/ant/lib org.apache.tools.ant.launch.Launcher -cp  -f /data3/cpy/MutAGENTest/mutantsgen/Wukong/defects4j/framework/projects/defects4j.build.xml -Dd4j.home=/data3/cpy/MutAGENTest/mutantsgen/Wukong/defects4j -Dd4j.dir.projects=/data3/cpy/MutAGENTest/mutantsgen/Wukong/defects4j/framework/projects -Dbasedir=/data3/cpy/MutAGENTest/src/defects4j_fixed/Math/Math_44_fixed -DOUTFILE=/data3/cpy/MutAGENTest/src/defects4j_fixed/Math/Math_44_fixed/failing_tests -Dd4j.test.dir=/data3/cpy/MutAGENTest/src/defects4j_fixed/Math/Math_44_fixed/.test_suite -Dd4j.test.include=*.java run.gen.tests
2025-05-20 15:07:06,446 - 由于超时，已删除测试方法: testAcceptStep_BackwardIntegration
2025-05-20 15:11:02,143 - alive ./defects4j_fixed/Math/Math_48_fixed/src/main/java/org/apache/commons/math/analysis/solvers/BaseSecantSolver.java
2025-05-20 15:13:14,834 - alive ./defects4j_fixed/Math/Math_49_fixed/src/main/java/org/apache/commons/math/linear/OpenMapRealVector.java
2025-05-20 15:15:28,375 - 执行测试超时，尝试删除最后一个测试方法后重试..., ./defects4j_fixed/Math/Math_44_fixed
2025-05-20 15:15:28,375 - terminating..., ./defects4j_fixed/Math/Math_44_fixed
2025-05-20 15:15:28,377 - terminating..., ./defects4j_fixed/Math/Math_44_fixed
2025-05-20 15:15:28,377 - Math_44_fixed
2025-05-20 15:15:28,414 - Killing PID=1145711 → changpy  1145711  0.0  0.0  12864  3568 pts/17   S+   15:07   0:00 sh -c cd /data3/cpy/MutAGENTest/src/defects4j_fixed/Math/Math_44_fixed && ant -f /data3/cpy/MutAGENTest/mutantsgen/Wukong/defects4j/framework/projects/defects4j.build.xml -Dd4j.home=/data3/cpy/MutAGENTest/mutantsgen/Wukong/defects4j -Dd4j.dir.projects=/data3/cpy/MutAGENTest/mutantsgen/Wukong/defects4j/framework/projects -Dbasedir=/data3/cpy/MutAGENTest/src/defects4j_fixed/Math/Math_44_fixed -DOUTFILE=/data3/cpy/MutAGENTest/src/defects4j_fixed/Math/Math_44_fixed/failing_tests -Dd4j.test.dir=/data3/cpy/MutAGENTest/src/defects4j_fixed/Math/Math_44_fixed/.test_suite -Dd4j.test.include=*.java  run.gen.tests 2>&1
2025-05-20 15:15:28,415 - Killing PID=1145712 → changpy  1145712  680 14.9 37737004 29522540 pts/17 Sl+ 15:07  56:33 /usr/lib/jvm/java-8-openjdk-amd64/jre/bin/java -classpath /usr/share/ant/lib/ant-launcher.jar -Dant.home=/usr/share/ant -Dant.library.dir=/usr/share/ant/lib org.apache.tools.ant.launch.Launcher -cp  -f /data3/cpy/MutAGENTest/mutantsgen/Wukong/defects4j/framework/projects/defects4j.build.xml -Dd4j.home=/data3/cpy/MutAGENTest/mutantsgen/Wukong/defects4j -Dd4j.dir.projects=/data3/cpy/MutAGENTest/mutantsgen/Wukong/defects4j/framework/projects -Dbasedir=/data3/cpy/MutAGENTest/src/defects4j_fixed/Math/Math_44_fixed -DOUTFILE=/data3/cpy/MutAGENTest/src/defects4j_fixed/Math/Math_44_fixed/failing_tests -Dd4j.test.dir=/data3/cpy/MutAGENTest/src/defects4j_fixed/Math/Math_44_fixed/.test_suite -Dd4j.test.include=*.java run.gen.tests
2025-05-20 15:15:28,467 - 由于超时，已删除测试方法: testAcceptStep_WithEventThatStopsIntegration
2025-05-20 15:23:50,302 - 执行测试超时，尝试删除最后一个测试方法后重试..., ./defects4j_fixed/Math/Math_44_fixed
2025-05-20 15:23:50,302 - terminating..., ./defects4j_fixed/Math/Math_44_fixed
2025-05-20 15:23:50,304 - terminating..., ./defects4j_fixed/Math/Math_44_fixed
2025-05-20 15:23:50,305 - Math_44_fixed
2025-05-20 15:23:50,354 - Killing PID=1169624 → changpy  1169624  0.0  0.0  12864  3412 pts/17   S+   15:15   0:00 sh -c cd /data3/cpy/MutAGENTest/src/defects4j_fixed/Math/Math_44_fixed && ant -f /data3/cpy/MutAGENTest/mutantsgen/Wukong/defects4j/framework/projects/defects4j.build.xml -Dd4j.home=/data3/cpy/MutAGENTest/mutantsgen/Wukong/defects4j -Dd4j.dir.projects=/data3/cpy/MutAGENTest/mutantsgen/Wukong/defects4j/framework/projects -Dbasedir=/data3/cpy/MutAGENTest/src/defects4j_fixed/Math/Math_44_fixed -DOUTFILE=/data3/cpy/MutAGENTest/src/defects4j_fixed/Math/Math_44_fixed/failing_tests -Dd4j.test.dir=/data3/cpy/MutAGENTest/src/defects4j_fixed/Math/Math_44_fixed/.test_suite -Dd4j.test.include=*.java  run.gen.tests 2>&1
2025-05-20 15:23:50,354 - Killing PID=1169625 → changpy  1169625  643 14.2 37737004 28122680 pts/17 Sl+ 15:15  53:31 /usr/lib/jvm/java-8-openjdk-amd64/jre/bin/java -classpath /usr/share/ant/lib/ant-launcher.jar -Dant.home=/usr/share/ant -Dant.library.dir=/usr/share/ant/lib org.apache.tools.ant.launch.Launcher -cp  -f /data3/cpy/MutAGENTest/mutantsgen/Wukong/defects4j/framework/projects/defects4j.build.xml -Dd4j.home=/data3/cpy/MutAGENTest/mutantsgen/Wukong/defects4j -Dd4j.dir.projects=/data3/cpy/MutAGENTest/mutantsgen/Wukong/defects4j/framework/projects -Dbasedir=/data3/cpy/MutAGENTest/src/defects4j_fixed/Math/Math_44_fixed -DOUTFILE=/data3/cpy/MutAGENTest/src/defects4j_fixed/Math/Math_44_fixed/failing_tests -Dd4j.test.dir=/data3/cpy/MutAGENTest/src/defects4j_fixed/Math/Math_44_fixed/.test_suite -Dd4j.test.include=*.java run.gen.tests
2025-05-20 15:23:50,398 - 由于超时，已删除测试方法: testAcceptStep_NoEvents
2025-05-20 15:32:12,441 - 执行测试超时，尝试删除最后一个测试方法后重试..., ./defects4j_fixed/Math/Math_44_fixed
2025-05-20 15:32:12,441 - terminating..., ./defects4j_fixed/Math/Math_44_fixed
2025-05-20 15:32:12,442 - terminating..., ./defects4j_fixed/Math/Math_44_fixed
2025-05-20 15:32:12,443 - Math_44_fixed
2025-05-20 15:32:12,486 - Killing PID=1177380 → changpy  1177380  0.0  0.0  12864  3492 pts/17   S+   15:23   0:00 sh -c cd /data3/cpy/MutAGENTest/src/defects4j_fixed/Math/Math_44_fixed && ant -f /data3/cpy/MutAGENTest/mutantsgen/Wukong/defects4j/framework/projects/defects4j.build.xml -Dd4j.home=/data3/cpy/MutAGENTest/mutantsgen/Wukong/defects4j -Dd4j.dir.projects=/data3/cpy/MutAGENTest/mutantsgen/Wukong/defects4j/framework/projects -Dbasedir=/data3/cpy/MutAGENTest/src/defects4j_fixed/Math/Math_44_fixed -DOUTFILE=/data3/cpy/MutAGENTest/src/defects4j_fixed/Math/Math_44_fixed/failing_tests -Dd4j.test.dir=/data3/cpy/MutAGENTest/src/defects4j_fixed/Math/Math_44_fixed/.test_suite -Dd4j.test.include=*.java  run.gen.tests 2>&1
2025-05-20 15:32:12,486 - Killing PID=1177381 → changpy  1177381  664 15.0 37737004 29702004 pts/17 Sl+ 15:23  55:13 /usr/lib/jvm/java-8-openjdk-amd64/jre/bin/java -classpath /usr/share/ant/lib/ant-launcher.jar -Dant.home=/usr/share/ant -Dant.library.dir=/usr/share/ant/lib org.apache.tools.ant.launch.Launcher -cp  -f /data3/cpy/MutAGENTest/mutantsgen/Wukong/defects4j/framework/projects/defects4j.build.xml -Dd4j.home=/data3/cpy/MutAGENTest/mutantsgen/Wukong/defects4j -Dd4j.dir.projects=/data3/cpy/MutAGENTest/mutantsgen/Wukong/defects4j/framework/projects -Dbasedir=/data3/cpy/MutAGENTest/src/defects4j_fixed/Math/Math_44_fixed -DOUTFILE=/data3/cpy/MutAGENTest/src/defects4j_fixed/Math/Math_44_fixed/failing_tests -Dd4j.test.dir=/data3/cpy/MutAGENTest/src/defects4j_fixed/Math/Math_44_fixed/.test_suite -Dd4j.test.include=*.java run.gen.tests
2025-05-20 15:32:12,530 - 由于超时，已删除测试方法: testAcceptStep_WithMultipleEvents
2025-05-20 15:34:40,241 - alive ./defects4j_fixed/Math/Math_50_fixed/src/main/java/org/apache/commons/math/analysis/solvers/BaseSecantSolver.java
2025-05-20 15:37:20,464 - alive ./defects4j_fixed/Math/Math_51_fixed/src/main/java/org/apache/commons/math/analysis/solvers/BaseSecantSolver.java
2025-05-20 15:47:02,251 - alive ./defects4j_fixed/Math/Math_52_fixed/src/main/java/org/apache/commons/math/geometry/euclidean/threed/Rotation.java
2025-05-20 15:54:55,584 - alive ./defects4j_fixed/Math/Math_53_fixed/src/main/java/org/apache/commons/math/complex/Complex.java
2025-05-20 16:04:31,247 - alive ./defects4j_fixed/Math/Math_54_fixed/src/main/java/org/apache/commons/math/dfp/Dfp.java
2025-05-20 16:24:38,727 - alive ./defects4j_fixed/Math/Math_48_fixed/src/main/java/org/apache/commons/math/analysis/solvers/BaseSecantSolver.java
2025-05-20 16:50:00,990 - alive ./defects4j_fixed/Math/Math_55_fixed/src/main/java/org/apache/commons/math/geometry/Vector3D.java
2025-05-20 17:14:25,614 - alive ./defects4j_fixed/Math/Math_56_fixed/src/main/java/org/apache/commons/math/util/MultidimensionalCounter.java
2025-05-20 17:28:05,274 - alive ./defects4j_fixed/Math/Math_57_fixed/src/main/java/org/apache/commons/math/stat/clustering/KMeansPlusPlusClusterer.java
2025-05-20 17:43:03,718 - 执行测试超时，尝试删除最后一个测试方法后重试..., ./defects4j_fixed/Math/Math_50_fixed
2025-05-20 17:43:03,719 - terminating..., ./defects4j_fixed/Math/Math_50_fixed
2025-05-20 17:43:03,722 - terminating..., ./defects4j_fixed/Math/Math_50_fixed
2025-05-20 17:43:03,722 - Math_50_fixed
2025-05-20 17:43:03,757 - Killing PID=1606852 → changpy  1606852  0.0  0.0  12864  3412 pts/17   S+   17:34   0:00 sh -c cd /data3/cpy/MutAGENTest/src/defects4j_fixed/Math/Math_50_fixed && ant -f /data3/cpy/MutAGENTest/mutantsgen/Wukong/defects4j/framework/projects/defects4j.build.xml -Dd4j.home=/data3/cpy/MutAGENTest/mutantsgen/Wukong/defects4j -Dd4j.dir.projects=/data3/cpy/MutAGENTest/mutantsgen/Wukong/defects4j/framework/projects -Dbasedir=/data3/cpy/MutAGENTest/src/defects4j_fixed/Math/Math_50_fixed -DOUTFILE=/data3/cpy/MutAGENTest/src/defects4j_fixed/Math/Math_50_fixed/failing_tests -Dd4j.test.dir=/data3/cpy/MutAGENTest/src/defects4j_fixed/Math/Math_50_fixed/.test_suite -Dd4j.test.include=*.java  run.gen.tests 2>&1
2025-05-20 17:43:03,757 - Killing PID=1606853 → changpy  1606853  101  0.1 37737004 354116 pts/17 Sl+ 17:34   8:26 /usr/lib/jvm/java-8-openjdk-amd64/jre/bin/java -classpath /usr/share/ant/lib/ant-launcher.jar -Dant.home=/usr/share/ant -Dant.library.dir=/usr/share/ant/lib org.apache.tools.ant.launch.Launcher -cp  -f /data3/cpy/MutAGENTest/mutantsgen/Wukong/defects4j/framework/projects/defects4j.build.xml -Dd4j.home=/data3/cpy/MutAGENTest/mutantsgen/Wukong/defects4j -Dd4j.dir.projects=/data3/cpy/MutAGENTest/mutantsgen/Wukong/defects4j/framework/projects -Dbasedir=/data3/cpy/MutAGENTest/src/defects4j_fixed/Math/Math_50_fixed -DOUTFILE=/data3/cpy/MutAGENTest/src/defects4j_fixed/Math/Math_50_fixed/failing_tests -Dd4j.test.dir=/data3/cpy/MutAGENTest/src/defects4j_fixed/Math/Math_50_fixed/.test_suite -Dd4j.test.include=*.java run.gen.tests
2025-05-20 17:43:03,855 - 由于超时，已删除测试方法: testDoSolveDetectsRelativeAccuracyMutation
2025-05-20 18:41:40,208 - 执行测试超时，尝试删除最后一个测试方法后重试..., ./defects4j_fixed/Math/Math_48_fixed
2025-05-20 18:41:40,209 - terminating..., ./defects4j_fixed/Math/Math_48_fixed
2025-05-20 18:41:40,210 - terminating..., ./defects4j_fixed/Math/Math_48_fixed
2025-05-20 18:41:40,210 - Math_48_fixed
2025-05-20 18:41:40,246 - Killing PID=1701446 → changpy  1701446  0.0  0.0  12864  3472 pts/17   S+   18:33   0:00 sh -c cd /data3/cpy/MutAGENTest/src/defects4j_fixed/Math/Math_48_fixed && ant -f /data3/cpy/MutAGENTest/mutantsgen/Wukong/defects4j/framework/projects/defects4j.build.xml -Dd4j.home=/data3/cpy/MutAGENTest/mutantsgen/Wukong/defects4j -Dd4j.dir.projects=/data3/cpy/MutAGENTest/mutantsgen/Wukong/defects4j/framework/projects -Dbasedir=/data3/cpy/MutAGENTest/src/defects4j_fixed/Math/Math_48_fixed -DOUTFILE=/data3/cpy/MutAGENTest/src/defects4j_fixed/Math/Math_48_fixed/failing_tests -Dd4j.test.dir=/data3/cpy/MutAGENTest/src/defects4j_fixed/Math/Math_48_fixed/.test_suite -Dd4j.test.include=*.java  run.gen.tests 2>&1
2025-05-20 18:41:40,246 - Killing PID=1701447 → changpy  1701447  101  0.1 37737004 332464 pts/17 Sl+ 18:33   8:25 /usr/lib/jvm/java-8-openjdk-amd64/jre/bin/java -classpath /usr/share/ant/lib/ant-launcher.jar -Dant.home=/usr/share/ant -Dant.library.dir=/usr/share/ant/lib org.apache.tools.ant.launch.Launcher -cp  -f /data3/cpy/MutAGENTest/mutantsgen/Wukong/defects4j/framework/projects/defects4j.build.xml -Dd4j.home=/data3/cpy/MutAGENTest/mutantsgen/Wukong/defects4j -Dd4j.dir.projects=/data3/cpy/MutAGENTest/mutantsgen/Wukong/defects4j/framework/projects -Dbasedir=/data3/cpy/MutAGENTest/src/defects4j_fixed/Math/Math_48_fixed -DOUTFILE=/data3/cpy/MutAGENTest/src/defects4j_fixed/Math/Math_48_fixed/failing_tests -Dd4j.test.dir=/data3/cpy/MutAGENTest/src/defects4j_fixed/Math/Math_48_fixed/.test_suite -Dd4j.test.include=*.java run.gen.tests
2025-05-20 18:41:40,466 - 由于超时，已删除测试方法: testDoSolveDetectsIntervalConvergence
2025-05-20 19:01:53,919 - alive ./defects4j_fixed/Math/Math_58_fixed/src/main/java/org/apache/commons/math/optimization/fitting/GaussianFitter.java
2025-05-20 19:03:13,976 - alive ./defects4j_fixed/Math/Math_59_fixed/src/main/java/org/apache/commons/math/util/FastMath.java
2025-05-20 19:15:45,661 - alive ./defects4j_fixed/Math/Math_60_fixed/src/main/java/org/apache/commons/math/distribution/NormalDistributionImpl.java
2025-05-20 19:28:12,821 - alive ./defects4j_fixed/Math/Math_61_fixed/src/main/java/org/apache/commons/math/distribution/PoissonDistributionImpl.java
2025-05-20 19:50:18,822 - alive ./defects4j_fixed/Math/Math_62_fixed/src/main/java/org/apache/commons/math/optimization/univariate/MultiStartUnivariateRealOptimizer.java
2025-05-20 20:40:16,060 - alive ./defects4j_fixed/Math/Math_63_fixed/src/main/java/org/apache/commons/math/util/MathUtils.java
2025-05-20 20:48:00,330 - alive ./defects4j_fixed/Math/Math_58_fixed/src/main/java/org/apache/commons/math/optimization/fitting/GaussianFitter.java
2025-05-20 21:01:01,008 - alive ./defects4j_fixed/Math/Math_64_fixed/src/main/java/org/apache/commons/math/optimization/general/LevenbergMarquardtOptimizer.java
2025-05-20 21:13:53,561 - 执行测试超时，尝试删除最后一个测试方法后重试..., ./defects4j_fixed/Math/Math_51_fixed
2025-05-20 21:13:53,562 - terminating..., ./defects4j_fixed/Math/Math_51_fixed
2025-05-20 21:13:53,564 - terminating..., ./defects4j_fixed/Math/Math_51_fixed
2025-05-20 21:13:53,564 - Math_51_fixed
2025-05-20 21:13:53,612 - Killing PID=2091303 → changpy  2091303  0.0  0.0  12864  3516 pts/17   S+   21:05   0:00 sh -c cd /data3/cpy/MutAGENTest/src/defects4j_fixed/Math/Math_51_fixed && ant -f /data3/cpy/MutAGENTest/mutantsgen/Wukong/defects4j/framework/projects/defects4j.build.xml -Dd4j.home=/data3/cpy/MutAGENTest/mutantsgen/Wukong/defects4j -Dd4j.dir.projects=/data3/cpy/MutAGENTest/mutantsgen/Wukong/defects4j/framework/projects -Dbasedir=/data3/cpy/MutAGENTest/src/defects4j_fixed/Math/Math_51_fixed -DOUTFILE=/data3/cpy/MutAGENTest/src/defects4j_fixed/Math/Math_51_fixed/failing_tests -Dd4j.test.dir=/data3/cpy/MutAGENTest/src/defects4j_fixed/Math/Math_51_fixed/.test_suite -Dd4j.test.include=*.java  run.gen.tests 2>&1
2025-05-20 21:13:53,612 - Killing PID=2091304 → changpy  2091304  101  0.2 37739052 396664 pts/17 Sl+ 21:05   8:27 /usr/lib/jvm/java-8-openjdk-amd64/jre/bin/java -classpath /usr/share/ant/lib/ant-launcher.jar -Dant.home=/usr/share/ant -Dant.library.dir=/usr/share/ant/lib org.apache.tools.ant.launch.Launcher -cp  -f /data3/cpy/MutAGENTest/mutantsgen/Wukong/defects4j/framework/projects/defects4j.build.xml -Dd4j.home=/data3/cpy/MutAGENTest/mutantsgen/Wukong/defects4j -Dd4j.dir.projects=/data3/cpy/MutAGENTest/mutantsgen/Wukong/defects4j/framework/projects -Dbasedir=/data3/cpy/MutAGENTest/src/defects4j_fixed/Math/Math_51_fixed -DOUTFILE=/data3/cpy/MutAGENTest/src/defects4j_fixed/Math/Math_51_fixed/failing_tests -Dd4j.test.dir=/data3/cpy/MutAGENTest/src/defects4j_fixed/Math/Math_51_fixed/.test_suite -Dd4j.test.include=*.java run.gen.tests
2025-05-20 21:13:54,329 - 由于超时，已删除测试方法: testDoSolveRightSideWithInvertedInterval
2025-05-20 21:39:44,153 - alive ./defects4j_fixed/Math/Math_65_fixed/src/main/java/org/apache/commons/math/optimization/general/AbstractLeastSquaresOptimizer.java
2025-05-20 22:18:39,573 - alive ./defects4j_fixed/Math/Math_66_fixed/src/main/java/org/apache/commons/math/optimization/univariate/BrentOptimizer.java
2025-05-20 22:24:42,892 - alive ./defects4j_fixed/Math/Math_67_fixed/src/main/java/org/apache/commons/math/optimization/MultiStartUnivariateRealOptimizer.java
2025-05-20 22:34:04,236 - alive ./defects4j_fixed/Math/Math_68_fixed/src/main/java/org/apache/commons/math/optimization/general/LevenbergMarquardtOptimizer.java
2025-05-20 22:43:22,996 - alive ./defects4j_fixed/Math/Math_69_fixed/src/main/java/org/apache/commons/math/stat/correlation/PearsonsCorrelation.java
2025-05-20 22:45:58,869 - 执行测试超时，尝试删除最后一个测试方法后重试..., ./defects4j_fixed/Math/Math_51_fixed
2025-05-20 22:45:58,869 - terminating..., ./defects4j_fixed/Math/Math_51_fixed
2025-05-20 22:45:58,872 - terminating..., ./defects4j_fixed/Math/Math_51_fixed
2025-05-20 22:45:58,872 - Math_51_fixed
2025-05-20 22:45:58,909 - Killing PID=2282168 → changpy  2282168  0.0  0.0  12864  3528 pts/17   S+   22:37   0:00 sh -c cd /data3/cpy/MutAGENTest/src/defects4j_fixed/Math/Math_51_fixed && ant -f /data3/cpy/MutAGENTest/mutantsgen/Wukong/defects4j/framework/projects/defects4j.build.xml -Dd4j.home=/data3/cpy/MutAGENTest/mutantsgen/Wukong/defects4j -Dd4j.dir.projects=/data3/cpy/MutAGENTest/mutantsgen/Wukong/defects4j/framework/projects -Dbasedir=/data3/cpy/MutAGENTest/src/defects4j_fixed/Math/Math_51_fixed -DOUTFILE=/data3/cpy/MutAGENTest/src/defects4j_fixed/Math/Math_51_fixed/failing_tests -Dd4j.test.dir=/data3/cpy/MutAGENTest/src/defects4j_fixed/Math/Math_51_fixed/.test_suite -Dd4j.test.include=*.java  run.gen.tests 2>&1
2025-05-20 22:45:58,909 - Killing PID=2282169 → changpy  2282169  101  0.1 37737004 379176 pts/17 Sl+ 22:37   8:27 /usr/lib/jvm/java-8-openjdk-amd64/jre/bin/java -classpath /usr/share/ant/lib/ant-launcher.jar -Dant.home=/usr/share/ant -Dant.library.dir=/usr/share/ant/lib org.apache.tools.ant.launch.Launcher -cp  -f /data3/cpy/MutAGENTest/mutantsgen/Wukong/defects4j/framework/projects/defects4j.build.xml -Dd4j.home=/data3/cpy/MutAGENTest/mutantsgen/Wukong/defects4j -Dd4j.dir.projects=/data3/cpy/MutAGENTest/mutantsgen/Wukong/defects4j/framework/projects -Dbasedir=/data3/cpy/MutAGENTest/src/defects4j_fixed/Math/Math_51_fixed -DOUTFILE=/data3/cpy/MutAGENTest/src/defects4j_fixed/Math/Math_51_fixed/failing_tests -Dd4j.test.dir=/data3/cpy/MutAGENTest/src/defects4j_fixed/Math/Math_51_fixed/.test_suite -Dd4j.test.include=*.java run.gen.tests
2025-05-20 22:45:59,418 - 由于超时，已删除测试方法: testDoSolveDetectsRelativeAccuracyMutant1
2025-05-20 22:53:48,536 - alive ./defects4j_fixed/Math/Math_70_fixed/src/main/java/org/apache/commons/math/analysis/solvers/BisectionSolver.java
2025-05-20 23:04:31,327 - alive ./defects4j_fixed/Math/Math_64_fixed/src/main/java/org/apache/commons/math/optimization/general/LevenbergMarquardtOptimizer.java
2025-05-20 23:07:27,360 - alive ./defects4j_fixed/Math/Math_71_fixed/src/main/java/org/apache/commons/math/ode/nonstiff/EmbeddedRungeKuttaIntegrator.java
2025-05-20 23:13:42,512 - alive ./defects4j_fixed/Math/Math_66_fixed/src/main/java/org/apache/commons/math/optimization/univariate/BrentOptimizer.java
2025-05-20 23:22:35,996 - alive ./defects4j_fixed/Math/Math_72_fixed/src/main/java/org/apache/commons/math/analysis/solvers/BrentSolver.java
2025-05-20 23:50:34,001 - alive ./defects4j_fixed/Math/Math_72_fixed/src/main/java/org/apache/commons/math/analysis/solvers/BrentSolver.java
2025-05-21 00:10:06,724 - alive ./defects4j_fixed/Math/Math_73_fixed/src/main/java/org/apache/commons/math/analysis/solvers/BrentSolver.java
2025-05-21 00:20:23,309 - 执行测试超时，尝试删除最后一个测试方法后重试..., ./defects4j_fixed/Math/Math_48_fixed
2025-05-21 00:20:23,310 - terminating..., ./defects4j_fixed/Math/Math_48_fixed
2025-05-21 00:20:23,311 - terminating..., ./defects4j_fixed/Math/Math_48_fixed
2025-05-21 00:20:23,311 - Math_48_fixed
2025-05-21 00:20:23,361 - Killing PID=2494791 → changpy  2494791  0.0  0.0  12864  3504 pts/17   S+   00:12   0:00 sh -c cd /data3/cpy/MutAGENTest/src/defects4j_fixed/Math/Math_48_fixed && ant -f /data3/cpy/MutAGENTest/mutantsgen/Wukong/defects4j/framework/projects/defects4j.build.xml -Dd4j.home=/data3/cpy/MutAGENTest/mutantsgen/Wukong/defects4j -Dd4j.dir.projects=/data3/cpy/MutAGENTest/mutantsgen/Wukong/defects4j/framework/projects -Dbasedir=/data3/cpy/MutAGENTest/src/defects4j_fixed/Math/Math_48_fixed -DOUTFILE=/data3/cpy/MutAGENTest/src/defects4j_fixed/Math/Math_48_fixed/failing_tests -Dd4j.test.dir=/data3/cpy/MutAGENTest/src/defects4j_fixed/Math/Math_48_fixed/.test_suite -Dd4j.test.include=*.java  run.gen.tests 2>&1
2025-05-21 00:20:23,361 - Killing PID=2494792 → changpy  2494792  102  0.2 37739052 413156 pts/17 Sl+ 00:12   8:29 /usr/lib/jvm/java-8-openjdk-amd64/jre/bin/java -classpath /usr/share/ant/lib/ant-launcher.jar -Dant.home=/usr/share/ant -Dant.library.dir=/usr/share/ant/lib org.apache.tools.ant.launch.Launcher -cp  -f /data3/cpy/MutAGENTest/mutantsgen/Wukong/defects4j/framework/projects/defects4j.build.xml -Dd4j.home=/data3/cpy/MutAGENTest/mutantsgen/Wukong/defects4j -Dd4j.dir.projects=/data3/cpy/MutAGENTest/mutantsgen/Wukong/defects4j/framework/projects -Dbasedir=/data3/cpy/MutAGENTest/src/defects4j_fixed/Math/Math_48_fixed -DOUTFILE=/data3/cpy/MutAGENTest/src/defects4j_fixed/Math/Math_48_fixed/failing_tests -Dd4j.test.dir=/data3/cpy/MutAGENTest/src/defects4j_fixed/Math/Math_48_fixed/.test_suite -Dd4j.test.include=*.java run.gen.tests
2025-05-21 00:20:24,350 - 由于超时，已删除测试方法: testDoSolveWithStrictRelativeAccuracy
2025-05-21 01:01:39,597 - alive ./defects4j_fixed/Math/Math_74_fixed/src/main/java/org/apache/commons/math/ode/nonstiff/EmbeddedRungeKuttaIntegrator.java
2025-05-21 01:04:29,817 - alive ./defects4j_fixed/Math/Math_68_fixed/src/main/java/org/apache/commons/math/optimization/general/LevenbergMarquardtOptimizer.java
2025-05-21 02:30:24,648 - alive ./defects4j_fixed/Math/Math_75_fixed/src/main/java/org/apache/commons/math/stat/Frequency.java
2025-05-21 02:46:09,975 - 执行测试超时，尝试删除最后一个测试方法后重试..., ./defects4j_fixed/Math/Math_50_fixed
2025-05-21 02:46:09,976 - terminating..., ./defects4j_fixed/Math/Math_50_fixed
2025-05-21 02:46:09,977 - terminating..., ./defects4j_fixed/Math/Math_50_fixed
2025-05-21 02:46:09,977 - Math_50_fixed
2025-05-21 02:46:10,009 - Killing PID=2858634 → changpy  2858634  0.0  0.0  12864  3324 pts/17   S+   02:37   0:00 sh -c cd /data3/cpy/MutAGENTest/src/defects4j_fixed/Math/Math_50_fixed && ant -f /data3/cpy/MutAGENTest/mutantsgen/Wukong/defects4j/framework/projects/defects4j.build.xml -Dd4j.home=/data3/cpy/MutAGENTest/mutantsgen/Wukong/defects4j -Dd4j.dir.projects=/data3/cpy/MutAGENTest/mutantsgen/Wukong/defects4j/framework/projects -Dbasedir=/data3/cpy/MutAGENTest/src/defects4j_fixed/Math/Math_50_fixed -DOUTFILE=/data3/cpy/MutAGENTest/src/defects4j_fixed/Math/Math_50_fixed/failing_tests -Dd4j.test.dir=/data3/cpy/MutAGENTest/src/defects4j_fixed/Math/Math_50_fixed/.test_suite -Dd4j.test.include=*.java  run.gen.tests 2>&1
2025-05-21 02:46:10,009 - Killing PID=2858635 → changpy  2858635  102  0.2 37739052 440640 pts/17 Sl+ 02:37   8:29 /usr/lib/jvm/java-8-openjdk-amd64/jre/bin/java -classpath /usr/share/ant/lib/ant-launcher.jar -Dant.home=/usr/share/ant -Dant.library.dir=/usr/share/ant/lib org.apache.tools.ant.launch.Launcher -cp  -f /data3/cpy/MutAGENTest/mutantsgen/Wukong/defects4j/framework/projects/defects4j.build.xml -Dd4j.home=/data3/cpy/MutAGENTest/mutantsgen/Wukong/defects4j -Dd4j.dir.projects=/data3/cpy/MutAGENTest/mutantsgen/Wukong/defects4j/framework/projects -Dbasedir=/data3/cpy/MutAGENTest/src/defects4j_fixed/Math/Math_50_fixed -DOUTFILE=/data3/cpy/MutAGENTest/src/defects4j_fixed/Math/Math_50_fixed/failing_tests -Dd4j.test.dir=/data3/cpy/MutAGENTest/src/defects4j_fixed/Math/Math_50_fixed/.test_suite -Dd4j.test.include=*.java run.gen.tests
2025-05-21 02:46:10,871 - 由于超时，已删除测试方法: testDoSolveDetectsAbsoluteTolerance
2025-05-21 03:05:29,312 - alive ./defects4j_fixed/Math/Math_76_fixed/src/main/java/org/apache/commons/math/linear/SingularValueDecompositionImpl.java
2025-05-21 05:36:38,246 - alive ./defects4j_fixed/Math/Math_77_fixed/src/main/java/org/apache/commons/math/linear/ArrayRealVector.java
2025-05-21 06:09:01,371 - alive ./defects4j_fixed/Math/Math_78_fixed/src/main/java/org/apache/commons/math/ode/events/EventState.java
2025-05-21 06:13:37,882 - alive ./defects4j_fixed/Math/Math_79_fixed/src/main/java/org/apache/commons/math/util/MathUtils.java
2025-05-21 06:14:38,782 - alive ./defects4j_fixed/Math/Math_80_fixed/src/main/java/org/apache/commons/math/linear/EigenDecompositionImpl.java
2025-05-21 06:26:05,371 - alive ./defects4j_fixed/Math/Math_81_fixed/src/main/java/org/apache/commons/math/linear/EigenDecompositionImpl.java
2025-05-21 06:39:33,830 - alive ./defects4j_fixed/Math/Math_82_fixed/src/main/java/org/apache/commons/math/optimization/linear/SimplexSolver.java
2025-05-21 06:59:55,208 - alive ./defects4j_fixed/Math/Math_83_fixed/src/main/java/org/apache/commons/math/optimization/linear/SimplexTableau.java
2025-05-21 07:47:35,856 - alive ./defects4j_fixed/Math/Math_84_fixed/src/main/java/org/apache/commons/math/optimization/direct/MultiDirectional.java
2025-05-21 08:06:09,134 - alive ./defects4j_fixed/Math/Math_85_fixed/src/java/org/apache/commons/math/analysis/solvers/UnivariateRealSolverUtils.java
2025-05-21 09:08:57,078 - alive ./defects4j_fixed/Math/Math_86_fixed/src/java/org/apache/commons/math/linear/CholeskyDecompositionImpl.java
2025-05-21 09:19:03,810 - alive ./defects4j_fixed/Math/Math_86_fixed/src/java/org/apache/commons/math/linear/CholeskyDecompositionImpl.java
2025-05-21 09:24:26,461 - alive ./defects4j_fixed/Math/Math_87_fixed/src/java/org/apache/commons/math/optimization/linear/SimplexTableau.java
2025-05-21 09:40:32,531 - alive ./defects4j_fixed/Math/Math_88_fixed/src/java/org/apache/commons/math/optimization/linear/SimplexTableau.java
2025-05-21 10:15:30,072 - alive ./defects4j_fixed/Math/Math_89_fixed/src/java/org/apache/commons/math/stat/Frequency.java
2025-05-21 10:28:37,075 - alive ./defects4j_fixed/Math/Math_90_fixed/src/java/org/apache/commons/math/stat/Frequency.java
2025-05-21 10:35:02,946 - alive ./defects4j_fixed/Math/Math_91_fixed/src/java/org/apache/commons/math/fraction/Fraction.java
2025-05-21 10:49:37,075 - alive ./defects4j_fixed/Math/Math_93_fixed/src/java/org/apache/commons/math/util/MathUtils.java
2025-05-21 10:50:59,860 - alive ./defects4j_fixed/Math/Math_92_fixed/src/java/org/apache/commons/math/util/MathUtils.java
2025-05-21 11:06:08,191 - alive ./defects4j_fixed/Math/Math_94_fixed/src/java/org/apache/commons/math/util/MathUtils.java
2025-05-21 11:36:20,717 - alive ./defects4j_fixed/Math/Math_95_fixed/src/java/org/apache/commons/math/distribution/FDistributionImpl.java
2025-05-21 11:39:26,212 - alive ./defects4j_fixed/Math/Math_96_fixed/src/java/org/apache/commons/math/complex/Complex.java
2025-05-21 11:51:49,131 - alive ./defects4j_fixed/Math/Math_98_fixed/src/java/org/apache/commons/math/linear/BigMatrixImpl.java
2025-05-21 11:52:34,382 - alive ./defects4j_fixed/Math/Math_97_fixed/src/java/org/apache/commons/math/analysis/BrentSolver.java
2025-05-21 11:58:17,735 - alive ./defects4j_fixed/Math/Math_99_fixed/src/java/org/apache/commons/math/util/MathUtils.java
2025-05-21 12:17:35,479 - alive ./defects4j_fixed/Math/Math_100_fixed/src/java/org/apache/commons/math/estimation/AbstractEstimator.java
2025-05-21 13:24:13,620 - 执行测试超时，尝试删除最后一个测试方法后重试..., ./defects4j_fixed/Math/Math_84_fixed
2025-05-21 13:24:16,636 - terminating..., ./defects4j_fixed/Math/Math_84_fixed
2025-05-21 13:24:17,137 - terminating..., ./defects4j_fixed/Math/Math_84_fixed
2025-05-21 13:24:17,137 - Math_84_fixed
2025-06-03 00:25:57,820 - alive ./defects4j_fixed/Math/Math_2_fixed/src/main/java/org/apache/commons/math3/distribution/HypergeometricDistribution.java
2025-06-03 00:26:09,184 - alive ./defects4j_fixed/Math/Math_5_fixed/src/main/java/org/apache/commons/math3/complex/Complex.java
2025-06-03 00:26:15,747 - alive ./defects4j_fixed/Math/Math_8_fixed/src/main/java/org/apache/commons/math3/distribution/DiscreteDistribution.java
2025-06-03 00:26:15,886 - alive ./defects4j_fixed/Math/Math_4_fixed/src/main/java/org/apache/commons/math3/geometry/euclidean/threed/SubLine.java
2025-06-03 00:28:43,151 - alive ./defects4j_fixed/Math/Math_2_fixed/src/main/java/org/apache/commons/math3/distribution/HypergeometricDistribution.java
2025-06-03 00:28:52,472 - alive ./defects4j_fixed/Math/Math_5_fixed/src/main/java/org/apache/commons/math3/complex/Complex.java
2025-06-03 00:28:59,072 - alive ./defects4j_fixed/Math/Math_8_fixed/src/main/java/org/apache/commons/math3/distribution/DiscreteDistribution.java
2025-06-03 00:29:00,717 - alive ./defects4j_fixed/Math/Math_4_fixed/src/main/java/org/apache/commons/math3/geometry/euclidean/threed/SubLine.java
2025-06-03 00:29:29,204 - alive ./defects4j_fixed/Math/Math_6_fixed/src/main/java/org/apache/commons/math3/optim/BaseOptimizer.java
2025-06-03 00:33:34,207 - alive ./defects4j_fixed/Math/Math_2_fixed/src/main/java/org/apache/commons/math3/distribution/HypergeometricDistribution.java
2025-06-03 00:33:45,241 - alive ./defects4j_fixed/Math/Math_5_fixed/src/main/java/org/apache/commons/math3/complex/Complex.java
2025-06-03 00:33:51,109 - alive ./defects4j_fixed/Math/Math_8_fixed/src/main/java/org/apache/commons/math3/distribution/DiscreteDistribution.java
2025-06-03 00:33:57,123 - alive ./defects4j_fixed/Math/Math_4_fixed/src/main/java/org/apache/commons/math3/geometry/euclidean/threed/SubLine.java
2025-06-03 00:34:19,028 - alive ./defects4j_fixed/Math/Math_6_fixed/src/main/java/org/apache/commons/math3/optim/BaseOptimizer.java
2025-06-03 00:35:30,980 - alive ./defects4j_fixed/Math/Math_2_fixed/src/main/java/org/apache/commons/math3/distribution/HypergeometricDistribution.java
2025-06-03 00:35:40,799 - alive ./defects4j_fixed/Math/Math_5_fixed/src/main/java/org/apache/commons/math3/complex/Complex.java
2025-06-03 00:35:46,754 - alive ./defects4j_fixed/Math/Math_8_fixed/src/main/java/org/apache/commons/math3/distribution/DiscreteDistribution.java
2025-06-03 00:35:52,797 - alive ./defects4j_fixed/Math/Math_4_fixed/src/main/java/org/apache/commons/math3/geometry/euclidean/threed/SubLine.java
2025-06-03 00:36:11,920 - alive ./defects4j_fixed/Math/Math_6_fixed/src/main/java/org/apache/commons/math3/optim/BaseOptimizer.java
2025-06-03 00:36:50,441 - alive ./defects4j_fixed/Math/Math_7_fixed/src/main/java/org/apache/commons/math3/ode/AbstractIntegrator.java
2025-06-03 00:40:17,774 - alive ./defects4j_fixed/Math/Math_2_fixed/src/main/java/org/apache/commons/math3/distribution/HypergeometricDistribution.java
2025-06-03 00:40:29,921 - alive ./defects4j_fixed/Math/Math_5_fixed/src/main/java/org/apache/commons/math3/complex/Complex.java
2025-06-03 00:40:33,714 - alive ./defects4j_fixed/Math/Math_8_fixed/src/main/java/org/apache/commons/math3/distribution/DiscreteDistribution.java
2025-06-03 00:40:35,837 - alive ./defects4j_fixed/Math/Math_4_fixed/src/main/java/org/apache/commons/math3/geometry/euclidean/threed/SubLine.java
2025-06-03 00:44:11,111 - alive ./defects4j_fixed/Math/Math_4_fixed/src/main/java/org/apache/commons/math3/geometry/euclidean/threed/SubLine.java
2025-06-03 00:48:25,649 - alive ./defects4j_fixed/Math/Math_1_fixed/src/main/java/org/apache/commons/math3/fraction/BigFraction.java
2025-06-03 00:57:44,148 - alive ./defects4j_fixed/Math/Math_6_fixed/src/main/java/org/apache/commons/math3/optim/BaseOptimizer.java
2025-06-03 01:06:12,814 - alive ./defects4j_fixed/Math/Math_6_fixed/src/main/java/org/apache/commons/math3/optim/BaseOptimizer.java
2025-06-03 01:20:46,222 - alive ./defects4j_fixed/Math/Math_2_fixed/src/main/java/org/apache/commons/math3/distribution/HypergeometricDistribution.java
2025-06-03 01:20:59,047 - alive ./defects4j_fixed/Math/Math_5_fixed/src/main/java/org/apache/commons/math3/complex/Complex.java
2025-06-03 01:21:04,132 - alive ./defects4j_fixed/Math/Math_8_fixed/src/main/java/org/apache/commons/math3/distribution/DiscreteDistribution.java
2025-06-03 01:22:24,610 - alive ./defects4j_fixed/Math/Math_3_fixed/src/main/java/org/apache/commons/math3/util/MathArrays.java
2025-06-03 01:22:29,218 - alive ./defects4j_fixed/Math/Math_4_fixed/src/main/java/org/apache/commons/math3/geometry/euclidean/threed/SubLine.java
2025-06-03 01:23:13,716 - alive ./defects4j_fixed/Math/Math_6_fixed/src/main/java/org/apache/commons/math3/optim/BaseOptimizer.java
2025-06-03 01:24:46,940 - alive ./defects4j_fixed/Math/Math_1_fixed/src/main/java/org/apache/commons/math3/fraction/BigFraction.java
2025-06-03 01:24:52,426 - alive ./defects4j_fixed/Math/Math_7_fixed/src/main/java/org/apache/commons/math3/ode/AbstractIntegrator.java
2025-06-03 01:42:04,228 - 执行测试超时，尝试删除最后一个测试方法后重试..., ./defects4j_fixed/Math/Math_2_fixed
2025-06-03 01:42:04,254 - terminating..., ./defects4j_fixed/Math/Math_2_fixed
2025-06-03 01:42:04,256 - terminating..., ./defects4j_fixed/Math/Math_2_fixed
2025-06-03 01:42:04,256 - Math_2_fixed
2025-06-03 01:42:04,307 - Killing PID=2119806 → changpy  2119806  0.0  0.0  12864  3488 pts/11   S+   01:33   0:00 sh -c cd /data3/cpy/MutAGENTest/src/defects4j_fixed/Math/Math_2_fixed && ant -f /data3/cpy/MutAGENTest/mutantsgen/Wukong/defects4j/framework/projects/defects4j.build.xml -Dd4j.home=/data3/cpy/MutAGENTest/mutantsgen/Wukong/defects4j -Dd4j.dir.projects=/data3/cpy/MutAGENTest/mutantsgen/Wukong/defects4j/framework/projects -Dbasedir=/data3/cpy/MutAGENTest/src/defects4j_fixed/Math/Math_2_fixed -DOUTFILE=/data3/cpy/MutAGENTest/src/defects4j_fixed/Math/Math_2_fixed/failing_tests -Dd4j.test.dir=/data3/cpy/MutAGENTest/src/defects4j_fixed/Math/Math_2_fixed/.test_suite -Dd4j.test.include=*.java  run.gen.tests 2>&1
2025-06-03 01:42:04,307 - Killing PID=2119807 → changpy  2119807  916 14.8 37737004 29241500 pts/11 Sl+ 01:33  76:04 /usr/lib/jvm/java-8-openjdk-amd64/jre/bin/java -classpath /usr/share/ant/lib/ant-launcher.jar -Dant.home=/usr/share/ant -Dant.library.dir=/usr/share/ant/lib org.apache.tools.ant.launch.Launcher -cp  -f /data3/cpy/MutAGENTest/mutantsgen/Wukong/defects4j/framework/projects/defects4j.build.xml -Dd4j.home=/data3/cpy/MutAGENTest/mutantsgen/Wukong/defects4j -Dd4j.dir.projects=/data3/cpy/MutAGENTest/mutantsgen/Wukong/defects4j/framework/projects -Dbasedir=/data3/cpy/MutAGENTest/src/defects4j_fixed/Math/Math_2_fixed -DOUTFILE=/data3/cpy/MutAGENTest/src/defects4j_fixed/Math/Math_2_fixed/failing_tests -Dd4j.test.dir=/data3/cpy/MutAGENTest/src/defects4j_fixed/Math/Math_2_fixed/.test_suite -Dd4j.test.include=*.java run.gen.tests
2025-06-03 01:42:04,355 - 由于超时，已删除测试方法: testInnerCumulativeProbabilityDetectsStepSizeMutation
2025-06-03 01:45:34,784 - 执行测试超时，尝试删除最后一个测试方法后重试..., ./defects4j_fixed/Math/Math_7_fixed
2025-06-03 01:45:34,785 - terminating..., ./defects4j_fixed/Math/Math_7_fixed
2025-06-03 01:45:34,787 - terminating..., ./defects4j_fixed/Math/Math_7_fixed
2025-06-03 01:45:34,787 - Math_7_fixed
2025-06-03 01:45:34,822 - Killing PID=2131848 → changpy  2131848  0.0  0.0  12864  3344 pts/11   S+   01:37   0:00 sh -c cd /data3/cpy/MutAGENTest/src/defects4j_fixed/Math/Math_7_fixed && ant -f /data3/cpy/MutAGENTest/mutantsgen/Wukong/defects4j/framework/projects/defects4j.build.xml -Dd4j.home=/data3/cpy/MutAGENTest/mutantsgen/Wukong/defects4j -Dd4j.dir.projects=/data3/cpy/MutAGENTest/mutantsgen/Wukong/defects4j/framework/projects -Dbasedir=/data3/cpy/MutAGENTest/src/defects4j_fixed/Math/Math_7_fixed -DOUTFILE=/data3/cpy/MutAGENTest/src/defects4j_fixed/Math/Math_7_fixed/failing_tests -Dd4j.test.dir=/data3/cpy/MutAGENTest/src/defects4j_fixed/Math/Math_7_fixed/.test_suite -Dd4j.test.include=*.java  run.gen.tests 2>&1
2025-06-03 01:45:34,822 - Killing PID=2131849 → changpy  2131849  716 14.6 37737004 28855548 pts/11 Sl+ 01:37  59:37 /usr/lib/jvm/java-8-openjdk-amd64/jre/bin/java -classpath /usr/share/ant/lib/ant-launcher.jar -Dant.home=/usr/share/ant -Dant.library.dir=/usr/share/ant/lib org.apache.tools.ant.launch.Launcher -cp  -f /data3/cpy/MutAGENTest/mutantsgen/Wukong/defects4j/framework/projects/defects4j.build.xml -Dd4j.home=/data3/cpy/MutAGENTest/mutantsgen/Wukong/defects4j -Dd4j.dir.projects=/data3/cpy/MutAGENTest/mutantsgen/Wukong/defects4j/framework/projects -Dbasedir=/data3/cpy/MutAGENTest/src/defects4j_fixed/Math/Math_7_fixed -DOUTFILE=/data3/cpy/MutAGENTest/src/defects4j_fixed/Math/Math_7_fixed/failing_tests -Dd4j.test.dir=/data3/cpy/MutAGENTest/src/defects4j_fixed/Math/Math_7_fixed/.test_suite -Dd4j.test.include=*.java run.gen.tests
2025-06-03 01:45:34,924 - 由于超时，已删除测试方法: testAcceptStep_ReachingEndTime
2025-06-03 02:02:03,921 - 执行测试超时，尝试删除最后一个测试方法后重试..., ./defects4j_fixed/Math/Math_7_fixed
2025-06-03 02:02:03,922 - terminating..., ./defects4j_fixed/Math/Math_7_fixed
2025-06-03 02:02:03,924 - terminating..., ./defects4j_fixed/Math/Math_7_fixed
2025-06-03 02:02:03,924 - Math_7_fixed
2025-06-03 02:02:03,961 - Killing PID=2197253 → changpy  2197253  0.0  0.0  12864  3376 pts/11   S+   01:53   0:00 sh -c cd /data3/cpy/MutAGENTest/src/defects4j_fixed/Math/Math_7_fixed && ant -f /data3/cpy/MutAGENTest/mutantsgen/Wukong/defects4j/framework/projects/defects4j.build.xml -Dd4j.home=/data3/cpy/MutAGENTest/mutantsgen/Wukong/defects4j -Dd4j.dir.projects=/data3/cpy/MutAGENTest/mutantsgen/Wukong/defects4j/framework/projects -Dbasedir=/data3/cpy/MutAGENTest/src/defects4j_fixed/Math/Math_7_fixed -DOUTFILE=/data3/cpy/MutAGENTest/src/defects4j_fixed/Math/Math_7_fixed/failing_tests -Dd4j.test.dir=/data3/cpy/MutAGENTest/src/defects4j_fixed/Math/Math_7_fixed/.test_suite -Dd4j.test.include=*.java  run.gen.tests 2>&1
2025-06-03 02:02:03,961 - Killing PID=2197254 → changpy  2197254  677 15.2 37737004 30015412 pts/11 Sl+ 01:53  56:19 /usr/lib/jvm/java-8-openjdk-amd64/jre/bin/java -classpath /usr/share/ant/lib/ant-launcher.jar -Dant.home=/usr/share/ant -Dant.library.dir=/usr/share/ant/lib org.apache.tools.ant.launch.Launcher -cp  -f /data3/cpy/MutAGENTest/mutantsgen/Wukong/defects4j/framework/projects/defects4j.build.xml -Dd4j.home=/data3/cpy/MutAGENTest/mutantsgen/Wukong/defects4j -Dd4j.dir.projects=/data3/cpy/MutAGENTest/mutantsgen/Wukong/defects4j/framework/projects -Dbasedir=/data3/cpy/MutAGENTest/src/defects4j_fixed/Math/Math_7_fixed -DOUTFILE=/data3/cpy/MutAGENTest/src/defects4j_fixed/Math/Math_7_fixed/failing_tests -Dd4j.test.dir=/data3/cpy/MutAGENTest/src/defects4j_fixed/Math/Math_7_fixed/.test_suite -Dd4j.test.include=*.java run.gen.tests
2025-06-03 02:02:04,064 - 由于超时，已删除测试方法: testAcceptStep_NoEvents_ForwardIntegration
2025-06-03 02:11:21,328 - 执行测试超时，尝试删除最后一个测试方法后重试..., ./defects4j_fixed/Math/Math_7_fixed
2025-06-03 02:11:21,329 - terminating..., ./defects4j_fixed/Math/Math_7_fixed
2025-06-03 02:11:21,331 - terminating..., ./defects4j_fixed/Math/Math_7_fixed
2025-06-03 02:11:21,331 - Math_7_fixed
2025-06-03 02:11:21,363 - Killing PID=2236047 → changpy  2236047  0.0  0.0  12864  3512 pts/11   S+   02:03   0:00 sh -c cd /data3/cpy/MutAGENTest/src/defects4j_fixed/Math/Math_7_fixed && ant -f /data3/cpy/MutAGENTest/mutantsgen/Wukong/defects4j/framework/projects/defects4j.build.xml -Dd4j.home=/data3/cpy/MutAGENTest/mutantsgen/Wukong/defects4j -Dd4j.dir.projects=/data3/cpy/MutAGENTest/mutantsgen/Wukong/defects4j/framework/projects -Dbasedir=/data3/cpy/MutAGENTest/src/defects4j_fixed/Math/Math_7_fixed -DOUTFILE=/data3/cpy/MutAGENTest/src/defects4j_fixed/Math/Math_7_fixed/failing_tests -Dd4j.test.dir=/data3/cpy/MutAGENTest/src/defects4j_fixed/Math/Math_7_fixed/.test_suite -Dd4j.test.include=*.java  run.gen.tests 2>&1
2025-06-03 02:11:21,363 - Killing PID=2236048 → changpy  2236048  706 15.3 37737004 30244156 pts/11 Sl+ 02:03  58:38 /usr/lib/jvm/java-8-openjdk-amd64/jre/bin/java -classpath /usr/share/ant/lib/ant-launcher.jar -Dant.home=/usr/share/ant -Dant.library.dir=/usr/share/ant/lib org.apache.tools.ant.launch.Launcher -cp  -f /data3/cpy/MutAGENTest/mutantsgen/Wukong/defects4j/framework/projects/defects4j.build.xml -Dd4j.home=/data3/cpy/MutAGENTest/mutantsgen/Wukong/defects4j -Dd4j.dir.projects=/data3/cpy/MutAGENTest/mutantsgen/Wukong/defects4j/framework/projects -Dbasedir=/data3/cpy/MutAGENTest/src/defects4j_fixed/Math/Math_7_fixed -DOUTFILE=/data3/cpy/MutAGENTest/src/defects4j_fixed/Math/Math_7_fixed/failing_tests -Dd4j.test.dir=/data3/cpy/MutAGENTest/src/defects4j_fixed/Math/Math_7_fixed/.test_suite -Dd4j.test.include=*.java run.gen.tests
2025-06-03 02:11:21,452 - 由于超时，已删除测试方法: testAcceptStep_WithMultipleEvents_ForwardIntegration
2025-06-03 02:19:43,264 - 执行测试超时，尝试删除最后一个测试方法后重试..., ./defects4j_fixed/Math/Math_7_fixed
2025-06-03 02:19:43,265 - terminating..., ./defects4j_fixed/Math/Math_7_fixed
2025-06-03 02:19:43,267 - terminating..., ./defects4j_fixed/Math/Math_7_fixed
2025-06-03 02:19:43,267 - Math_7_fixed
2025-06-03 02:19:43,320 - Killing PID=2271206 → changpy  2271206  0.0  0.0  12864  3280 pts/11   S+   02:11   0:00 sh -c cd /data3/cpy/MutAGENTest/src/defects4j_fixed/Math/Math_7_fixed && ant -f /data3/cpy/MutAGENTest/mutantsgen/Wukong/defects4j/framework/projects/defects4j.build.xml -Dd4j.home=/data3/cpy/MutAGENTest/mutantsgen/Wukong/defects4j -Dd4j.dir.projects=/data3/cpy/MutAGENTest/mutantsgen/Wukong/defects4j/framework/projects -Dbasedir=/data3/cpy/MutAGENTest/src/defects4j_fixed/Math/Math_7_fixed -DOUTFILE=/data3/cpy/MutAGENTest/src/defects4j_fixed/Math/Math_7_fixed/failing_tests -Dd4j.test.dir=/data3/cpy/MutAGENTest/src/defects4j_fixed/Math/Math_7_fixed/.test_suite -Dd4j.test.include=*.java  run.gen.tests 2>&1
2025-06-03 02:19:43,320 - Killing PID=2271207 → changpy  2271207  623 13.7 37737004 27109552 pts/11 Sl+ 02:11  51:43 /usr/lib/jvm/java-8-openjdk-amd64/jre/bin/java -classpath /usr/share/ant/lib/ant-launcher.jar -Dant.home=/usr/share/ant -Dant.library.dir=/usr/share/ant/lib org.apache.tools.ant.launch.Launcher -cp  -f /data3/cpy/MutAGENTest/mutantsgen/Wukong/defects4j/framework/projects/defects4j.build.xml -Dd4j.home=/data3/cpy/MutAGENTest/mutantsgen/Wukong/defects4j -Dd4j.dir.projects=/data3/cpy/MutAGENTest/mutantsgen/Wukong/defects4j/framework/projects -Dbasedir=/data3/cpy/MutAGENTest/src/defects4j_fixed/Math/Math_7_fixed -DOUTFILE=/data3/cpy/MutAGENTest/src/defects4j_fixed/Math/Math_7_fixed/failing_tests -Dd4j.test.dir=/data3/cpy/MutAGENTest/src/defects4j_fixed/Math/Math_7_fixed/.test_suite -Dd4j.test.include=*.java run.gen.tests
2025-06-03 02:19:43,432 - 由于超时，已删除测试方法: testAcceptStep_WithSingleEvent_RequiringReset
2025-06-03 02:27:39,580 - alive ./defects4j_fixed/Math/Math_9_fixed/src/main/java/org/apache/commons/math3/geometry/euclidean/threed/Line.java
2025-06-03 02:28:05,599 - 执行测试超时，尝试删除最后一个测试方法后重试..., ./defects4j_fixed/Math/Math_7_fixed
2025-06-03 02:28:05,599 - terminating..., ./defects4j_fixed/Math/Math_7_fixed
2025-06-03 02:28:05,601 - terminating..., ./defects4j_fixed/Math/Math_7_fixed
2025-06-03 02:28:05,601 - Math_7_fixed
2025-06-03 02:28:05,635 - Killing PID=2282659 → changpy  2282659  0.0  0.0  12864  3256 pts/11   S+   02:19   0:00 sh -c cd /data3/cpy/MutAGENTest/src/defects4j_fixed/Math/Math_7_fixed && ant -f /data3/cpy/MutAGENTest/mutantsgen/Wukong/defects4j/framework/projects/defects4j.build.xml -Dd4j.home=/data3/cpy/MutAGENTest/mutantsgen/Wukong/defects4j -Dd4j.dir.projects=/data3/cpy/MutAGENTest/mutantsgen/Wukong/defects4j/framework/projects -Dbasedir=/data3/cpy/MutAGENTest/src/defects4j_fixed/Math/Math_7_fixed -DOUTFILE=/data3/cpy/MutAGENTest/src/defects4j_fixed/Math/Math_7_fixed/failing_tests -Dd4j.test.dir=/data3/cpy/MutAGENTest/src/defects4j_fixed/Math/Math_7_fixed/.test_suite -Dd4j.test.include=*.java  run.gen.tests 2>&1
2025-06-03 02:28:05,635 - Killing PID=2282660 → changpy  2282660  676 14.3 37737004 28332504 pts/11 Sl+ 02:19  56:17 /usr/lib/jvm/java-8-openjdk-amd64/jre/bin/java -classpath /usr/share/ant/lib/ant-launcher.jar -Dant.home=/usr/share/ant -Dant.library.dir=/usr/share/ant/lib org.apache.tools.ant.launch.Launcher -cp  -f /data3/cpy/MutAGENTest/mutantsgen/Wukong/defects4j/framework/projects/defects4j.build.xml -Dd4j.home=/data3/cpy/MutAGENTest/mutantsgen/Wukong/defects4j -Dd4j.dir.projects=/data3/cpy/MutAGENTest/mutantsgen/Wukong/defects4j/framework/projects -Dbasedir=/data3/cpy/MutAGENTest/src/defects4j_fixed/Math/Math_7_fixed -DOUTFILE=/data3/cpy/MutAGENTest/src/defects4j_fixed/Math/Math_7_fixed/failing_tests -Dd4j.test.dir=/data3/cpy/MutAGENTest/src/defects4j_fixed/Math/Math_7_fixed/.test_suite -Dd4j.test.include=*.java run.gen.tests
2025-06-03 02:28:05,702 - 由于超时，已删除测试方法: testAcceptStep_WithSingleEvent_StoppingIntegration
2025-06-03 02:29:17,239 - alive ./defects4j_fixed/Math/Math_10_fixed/src/main/java/org/apache/commons/math3/analysis/differentiation/DSCompiler.java
2025-06-03 02:30:31,952 - alive ./defects4j_fixed/Math/Math_11_fixed/src/main/java/org/apache/commons/math3/distribution/MultivariateNormalDistribution.java
2025-06-03 02:36:27,620 - 执行测试超时，尝试删除最后一个测试方法后重试..., ./defects4j_fixed/Math/Math_7_fixed
2025-06-03 02:36:27,621 - terminating..., ./defects4j_fixed/Math/Math_7_fixed
2025-06-03 02:36:27,623 - terminating..., ./defects4j_fixed/Math/Math_7_fixed
2025-06-03 02:36:27,623 - Math_7_fixed
2025-06-03 02:36:27,656 - Killing PID=2312400 → changpy  2312400  0.0  0.0  12864  3476 pts/11   S+   02:28   0:00 sh -c cd /data3/cpy/MutAGENTest/src/defects4j_fixed/Math/Math_7_fixed && ant -f /data3/cpy/MutAGENTest/mutantsgen/Wukong/defects4j/framework/projects/defects4j.build.xml -Dd4j.home=/data3/cpy/MutAGENTest/mutantsgen/Wukong/defects4j -Dd4j.dir.projects=/data3/cpy/MutAGENTest/mutantsgen/Wukong/defects4j/framework/projects -Dbasedir=/data3/cpy/MutAGENTest/src/defects4j_fixed/Math/Math_7_fixed -DOUTFILE=/data3/cpy/MutAGENTest/src/defects4j_fixed/Math/Math_7_fixed/failing_tests -Dd4j.test.dir=/data3/cpy/MutAGENTest/src/defects4j_fixed/Math/Math_7_fixed/.test_suite -Dd4j.test.include=*.java  run.gen.tests 2>&1
2025-06-03 02:36:27,656 - Killing PID=2312402 → changpy  2312402  771 14.5 37737004 28755872 pts/11 Sl+ 02:28  64:08 /usr/lib/jvm/java-8-openjdk-amd64/jre/bin/java -classpath /usr/share/ant/lib/ant-launcher.jar -Dant.home=/usr/share/ant -Dant.library.dir=/usr/share/ant/lib org.apache.tools.ant.launch.Launcher -cp  -f /data3/cpy/MutAGENTest/mutantsgen/Wukong/defects4j/framework/projects/defects4j.build.xml -Dd4j.home=/data3/cpy/MutAGENTest/mutantsgen/Wukong/defects4j -Dd4j.dir.projects=/data3/cpy/MutAGENTest/mutantsgen/Wukong/defects4j/framework/projects -Dbasedir=/data3/cpy/MutAGENTest/src/defects4j_fixed/Math/Math_7_fixed -DOUTFILE=/data3/cpy/MutAGENTest/src/defects4j_fixed/Math/Math_7_fixed/failing_tests -Dd4j.test.dir=/data3/cpy/MutAGENTest/src/defects4j_fixed/Math/Math_7_fixed/.test_suite -Dd4j.test.include=*.java run.gen.tests
2025-06-03 02:36:27,698 - 由于超时，已删除测试方法: testAcceptStep_WithSingleEvent_NotStopping
2025-06-03 02:47:56,093 - alive ./defects4j_fixed/Math/Math_13_fixed/src/main/java/org/apache/commons/math3/optimization/general/AbstractLeastSquaresOptimizer.java
2025-06-03 02:49:52,927 - alive ./defects4j_fixed/Math/Math_14_fixed/src/main/java/org/apache/commons/math3/optim/nonlinear/vector/Weight.java
2025-06-03 03:09:15,801 - alive ./defects4j_fixed/Math/Math_15_fixed/src/main/java/org/apache/commons/math3/util/FastMath.java
2025-06-03 03:15:30,370 - alive ./defects4j_fixed/Math/Math_16_fixed/src/main/java/org/apache/commons/math3/util/FastMath.java
2025-06-03 03:35:44,164 - alive ./defects4j_fixed/Math/Math_17_fixed/src/main/java/org/apache/commons/math3/dfp/Dfp.java
2025-06-03 03:40:34,232 - 执行测试超时，尝试删除最后一个测试方法后重试..., ./defects4j_fixed/Math/Math_7_fixed
2025-06-03 03:40:34,232 - terminating..., ./defects4j_fixed/Math/Math_7_fixed
2025-06-03 03:40:34,234 - terminating..., ./defects4j_fixed/Math/Math_7_fixed
2025-06-03 03:40:34,234 - Math_7_fixed
2025-06-03 03:40:34,263 - Killing PID=2711333 → changpy  2711333  0.0  0.0  12864  3576 pts/11   S+   03:32   0:00 sh -c cd /data3/cpy/MutAGENTest/src/defects4j_fixed/Math/Math_7_fixed && ant -f /data3/cpy/MutAGENTest/mutantsgen/Wukong/defects4j/framework/projects/defects4j.build.xml -Dd4j.home=/data3/cpy/MutAGENTest/mutantsgen/Wukong/defects4j -Dd4j.dir.projects=/data3/cpy/MutAGENTest/mutantsgen/Wukong/defects4j/framework/projects -Dbasedir=/data3/cpy/MutAGENTest/src/defects4j_fixed/Math/Math_7_fixed -DOUTFILE=/data3/cpy/MutAGENTest/src/defects4j_fixed/Math/Math_7_fixed/failing_tests -Dd4j.test.dir=/data3/cpy/MutAGENTest/src/defects4j_fixed/Math/Math_7_fixed/.test_suite -Dd4j.test.include=*.java  run.gen.tests 2>&1
2025-06-03 03:40:34,264 - Killing PID=2711334 → changpy  2711334  694 15.2 37737004 30033368 pts/11 Sl+ 03:32  57:40 /usr/lib/jvm/java-8-openjdk-amd64/jre/bin/java -classpath /usr/share/ant/lib/ant-launcher.jar -Dant.home=/usr/share/ant -Dant.library.dir=/usr/share/ant/lib org.apache.tools.ant.launch.Launcher -cp  -f /data3/cpy/MutAGENTest/mutantsgen/Wukong/defects4j/framework/projects/defects4j.build.xml -Dd4j.home=/data3/cpy/MutAGENTest/mutantsgen/Wukong/defects4j -Dd4j.dir.projects=/data3/cpy/MutAGENTest/mutantsgen/Wukong/defects4j/framework/projects -Dbasedir=/data3/cpy/MutAGENTest/src/defects4j_fixed/Math/Math_7_fixed -DOUTFILE=/data3/cpy/MutAGENTest/src/defects4j_fixed/Math/Math_7_fixed/failing_tests -Dd4j.test.dir=/data3/cpy/MutAGENTest/src/defects4j_fixed/Math/Math_7_fixed/.test_suite -Dd4j.test.include=*.java run.gen.tests
2025-06-03 03:40:34,340 - 由于超时，已删除测试方法: testAcceptStepWithEventsDetectsMutant
2025-06-03 03:46:01,359 - alive ./defects4j_fixed/Math/Math_18_fixed/src/main/java/org/apache/commons/math3/optimization/direct/CMAESOptimizer.java
2025-06-03 04:09:50,108 - 执行测试超时，尝试删除最后一个测试方法后重试..., ./defects4j_fixed/Math/Math_7_fixed
2025-06-03 04:09:50,109 - terminating..., ./defects4j_fixed/Math/Math_7_fixed
2025-06-03 04:09:50,110 - terminating..., ./defects4j_fixed/Math/Math_7_fixed
2025-06-03 04:09:50,110 - Math_7_fixed
2025-06-03 04:09:50,138 - Killing PID=2859617 → changpy  2859617  0.0  0.0  12864  3584 pts/11   S+   04:01   0:00 sh -c cd /data3/cpy/MutAGENTest/src/defects4j_fixed/Math/Math_7_fixed && ant -f /data3/cpy/MutAGENTest/mutantsgen/Wukong/defects4j/framework/projects/defects4j.build.xml -Dd4j.home=/data3/cpy/MutAGENTest/mutantsgen/Wukong/defects4j -Dd4j.dir.projects=/data3/cpy/MutAGENTest/mutantsgen/Wukong/defects4j/framework/projects -Dbasedir=/data3/cpy/MutAGENTest/src/defects4j_fixed/Math/Math_7_fixed -DOUTFILE=/data3/cpy/MutAGENTest/src/defects4j_fixed/Math/Math_7_fixed/failing_tests -Dd4j.test.dir=/data3/cpy/MutAGENTest/src/defects4j_fixed/Math/Math_7_fixed/.test_suite -Dd4j.test.include=*.java  run.gen.tests 2>&1
2025-06-03 04:09:50,139 - Killing PID=2859618 → changpy  2859618  699 15.1 37737004 29880392 pts/11 Sl+ 04:01  58:02 /usr/lib/jvm/java-8-openjdk-amd64/jre/bin/java -classpath /usr/share/ant/lib/ant-launcher.jar -Dant.home=/usr/share/ant -Dant.library.dir=/usr/share/ant/lib org.apache.tools.ant.launch.Launcher -cp  -f /data3/cpy/MutAGENTest/mutantsgen/Wukong/defects4j/framework/projects/defects4j.build.xml -Dd4j.home=/data3/cpy/MutAGENTest/mutantsgen/Wukong/defects4j -Dd4j.dir.projects=/data3/cpy/MutAGENTest/mutantsgen/Wukong/defects4j/framework/projects -Dbasedir=/data3/cpy/MutAGENTest/src/defects4j_fixed/Math/Math_7_fixed -DOUTFILE=/data3/cpy/MutAGENTest/src/defects4j_fixed/Math/Math_7_fixed/failing_tests -Dd4j.test.dir=/data3/cpy/MutAGENTest/src/defects4j_fixed/Math/Math_7_fixed/.test_suite -Dd4j.test.include=*.java run.gen.tests
2025-06-03 04:09:50,228 - 由于超时，已删除测试方法: testAcceptStepSetsCorrectSoftPreviousTime
2025-06-03 04:12:39,600 - 执行测试超时，尝试删除最后一个测试方法后重试..., ./defects4j_fixed/Math/Math_15_fixed
2025-06-03 04:12:39,601 - terminating..., ./defects4j_fixed/Math/Math_15_fixed
2025-06-03 04:12:39,602 - terminating..., ./defects4j_fixed/Math/Math_15_fixed
2025-06-03 04:12:39,602 - Math_15_fixed
2025-06-03 04:12:39,635 - Killing PID=2861845 → changpy  2861845  0.0  0.0  12864  3404 pts/11   S+   04:04   0:00 sh -c cd /data3/cpy/MutAGENTest/src/defects4j_fixed/Math/Math_15_fixed && ant -f /data3/cpy/MutAGENTest/mutantsgen/Wukong/defects4j/framework/projects/defects4j.build.xml -Dd4j.home=/data3/cpy/MutAGENTest/mutantsgen/Wukong/defects4j -Dd4j.dir.projects=/data3/cpy/MutAGENTest/mutantsgen/Wukong/defects4j/framework/projects -Dbasedir=/data3/cpy/MutAGENTest/src/defects4j_fixed/Math/Math_15_fixed -DOUTFILE=/data3/cpy/MutAGENTest/src/defects4j_fixed/Math/Math_15_fixed/failing_tests -Dd4j.test.dir=/data3/cpy/MutAGENTest/src/defects4j_fixed/Math/Math_15_fixed/.test_suite -Dd4j.test.include=*.java  run.gen.tests 2>&1
2025-06-03 04:12:39,635 - Killing PID=2861846 → changpy  2861846  101  0.1 37730676 243356 pts/11 Sl+ 04:04   8:24 /usr/lib/jvm/java-8-openjdk-amd64/jre/bin/java -classpath /usr/share/ant/lib/ant-launcher.jar -Dant.home=/usr/share/ant -Dant.library.dir=/usr/share/ant/lib org.apache.tools.ant.launch.Launcher -cp  -f /data3/cpy/MutAGENTest/mutantsgen/Wukong/defects4j/framework/projects/defects4j.build.xml -Dd4j.home=/data3/cpy/MutAGENTest/mutantsgen/Wukong/defects4j -Dd4j.dir.projects=/data3/cpy/MutAGENTest/mutantsgen/Wukong/defects4j/framework/projects -Dbasedir=/data3/cpy/MutAGENTest/src/defects4j_fixed/Math/Math_15_fixed -DOUTFILE=/data3/cpy/MutAGENTest/src/defects4j_fixed/Math/Math_15_fixed/failing_tests -Dd4j.test.dir=/data3/cpy/MutAGENTest/src/defects4j_fixed/Math/Math_15_fixed/.test_suite -Dd4j.test.include=*.java run.gen.tests
2025-06-03 04:12:40,100 - 由于超时，已删除测试方法: testPowBoundaryAtTwoPower
2025-06-03 04:13:38,421 - alive ./defects4j_fixed/Math/Math_18_fixed/src/main/java/org/apache/commons/math3/optimization/direct/CMAESOptimizer.java
2025-06-03 04:31:28,372 - 执行测试超时，尝试删除最后一个测试方法后重试..., ./defects4j_fixed/Math/Math_7_fixed
2025-06-03 04:31:28,373 - terminating..., ./defects4j_fixed/Math/Math_7_fixed
2025-06-03 04:31:28,375 - terminating..., ./defects4j_fixed/Math/Math_7_fixed
2025-06-03 04:31:28,375 - Math_7_fixed
2025-06-03 04:31:28,416 - Killing PID=2885044 → changpy  2885044  0.0  0.0  12864  3400 pts/11   S+   04:23   0:00 sh -c cd /data3/cpy/MutAGENTest/src/defects4j_fixed/Math/Math_7_fixed && ant -f /data3/cpy/MutAGENTest/mutantsgen/Wukong/defects4j/framework/projects/defects4j.build.xml -Dd4j.home=/data3/cpy/MutAGENTest/mutantsgen/Wukong/defects4j -Dd4j.dir.projects=/data3/cpy/MutAGENTest/mutantsgen/Wukong/defects4j/framework/projects -Dbasedir=/data3/cpy/MutAGENTest/src/defects4j_fixed/Math/Math_7_fixed -DOUTFILE=/data3/cpy/MutAGENTest/src/defects4j_fixed/Math/Math_7_fixed/failing_tests -Dd4j.test.dir=/data3/cpy/MutAGENTest/src/defects4j_fixed/Math/Math_7_fixed/.test_suite -Dd4j.test.include=*.java  run.gen.tests 2>&1
2025-06-03 04:31:28,416 - Killing PID=2885045 → changpy  2885045  707 14.8 37737004 29235864 pts/11 Sl+ 04:23  58:41 /usr/lib/jvm/java-8-openjdk-amd64/jre/bin/java -classpath /usr/share/ant/lib/ant-launcher.jar -Dant.home=/usr/share/ant -Dant.library.dir=/usr/share/ant/lib org.apache.tools.ant.launch.Launcher -cp  -f /data3/cpy/MutAGENTest/mutantsgen/Wukong/defects4j/framework/projects/defects4j.build.xml -Dd4j.home=/data3/cpy/MutAGENTest/mutantsgen/Wukong/defects4j -Dd4j.dir.projects=/data3/cpy/MutAGENTest/mutantsgen/Wukong/defects4j/framework/projects -Dbasedir=/data3/cpy/MutAGENTest/src/defects4j_fixed/Math/Math_7_fixed -DOUTFILE=/data3/cpy/MutAGENTest/src/defects4j_fixed/Math/Math_7_fixed/failing_tests -Dd4j.test.dir=/data3/cpy/MutAGENTest/src/defects4j_fixed/Math/Math_7_fixed/.test_suite -Dd4j.test.include=*.java run.gen.tests
2025-06-03 04:31:28,709 - 由于超时，已删除测试方法: testAcceptStepEventDetection
2025-06-03 04:41:19,009 - 执行测试超时，尝试删除最后一个测试方法后重试..., ./defects4j_fixed/Math/Math_7_fixed
2025-06-03 04:41:19,009 - terminating..., ./defects4j_fixed/Math/Math_7_fixed
2025-06-03 04:41:19,011 - terminating..., ./defects4j_fixed/Math/Math_7_fixed
2025-06-03 04:41:19,011 - Math_7_fixed
2025-06-03 04:41:19,044 - Killing PID=2903872 → changpy  2903872  0.0  0.0  12864  3488 pts/11   S+   04:33   0:00 sh -c cd /data3/cpy/MutAGENTest/src/defects4j_fixed/Math/Math_7_fixed && ant -f /data3/cpy/MutAGENTest/mutantsgen/Wukong/defects4j/framework/projects/defects4j.build.xml -Dd4j.home=/data3/cpy/MutAGENTest/mutantsgen/Wukong/defects4j -Dd4j.dir.projects=/data3/cpy/MutAGENTest/mutantsgen/Wukong/defects4j/framework/projects -Dbasedir=/data3/cpy/MutAGENTest/src/defects4j_fixed/Math/Math_7_fixed -DOUTFILE=/data3/cpy/MutAGENTest/src/defects4j_fixed/Math/Math_7_fixed/failing_tests -Dd4j.test.dir=/data3/cpy/MutAGENTest/src/defects4j_fixed/Math/Math_7_fixed/.test_suite -Dd4j.test.include=*.java  run.gen.tests 2>&1
2025-06-03 04:41:19,044 - Killing PID=2903873 → changpy  2903873  695 14.4 37737004 28573100 pts/11 Sl+ 04:33  57:41 /usr/lib/jvm/java-8-openjdk-amd64/jre/bin/java -classpath /usr/share/ant/lib/ant-launcher.jar -Dant.home=/usr/share/ant -Dant.library.dir=/usr/share/ant/lib org.apache.tools.ant.launch.Launcher -cp  -f /data3/cpy/MutAGENTest/mutantsgen/Wukong/defects4j/framework/projects/defects4j.build.xml -Dd4j.home=/data3/cpy/MutAGENTest/mutantsgen/Wukong/defects4j -Dd4j.dir.projects=/data3/cpy/MutAGENTest/mutantsgen/Wukong/defects4j/framework/projects -Dbasedir=/data3/cpy/MutAGENTest/src/defects4j_fixed/Math/Math_7_fixed -DOUTFILE=/data3/cpy/MutAGENTest/src/defects4j_fixed/Math/Math_7_fixed/failing_tests -Dd4j.test.dir=/data3/cpy/MutAGENTest/src/defects4j_fixed/Math/Math_7_fixed/.test_suite -Dd4j.test.include=*.java run.gen.tests
2025-06-03 04:41:19,160 - 由于超时，已删除测试方法: testAcceptStepSetsCorrectSoftCurrentTimeForEvents
2025-06-03 04:55:39,571 - 执行测试超时，尝试删除最后一个测试方法后重试..., ./defects4j_fixed/Math/Math_7_fixed
2025-06-03 04:55:39,571 - terminating..., ./defects4j_fixed/Math/Math_7_fixed
2025-06-03 04:55:39,573 - terminating..., ./defects4j_fixed/Math/Math_7_fixed
2025-06-03 04:55:39,573 - Math_7_fixed
2025-06-03 04:55:39,608 - Killing PID=2959329 → changpy  2959329  0.0  0.0  12864  3272 pts/11   S+   04:47   0:00 sh -c cd /data3/cpy/MutAGENTest/src/defects4j_fixed/Math/Math_7_fixed && ant -f /data3/cpy/MutAGENTest/mutantsgen/Wukong/defects4j/framework/projects/defects4j.build.xml -Dd4j.home=/data3/cpy/MutAGENTest/mutantsgen/Wukong/defects4j -Dd4j.dir.projects=/data3/cpy/MutAGENTest/mutantsgen/Wukong/defects4j/framework/projects -Dbasedir=/data3/cpy/MutAGENTest/src/defects4j_fixed/Math/Math_7_fixed -DOUTFILE=/data3/cpy/MutAGENTest/src/defects4j_fixed/Math/Math_7_fixed/failing_tests -Dd4j.test.dir=/data3/cpy/MutAGENTest/src/defects4j_fixed/Math/Math_7_fixed/.test_suite -Dd4j.test.include=*.java  run.gen.tests 2>&1
2025-06-03 04:55:39,609 - Killing PID=2959330 → changpy  2959330  699 14.8 37737004 29320472 pts/11 Sl+ 04:47  58:12 /usr/lib/jvm/java-8-openjdk-amd64/jre/bin/java -classpath /usr/share/ant/lib/ant-launcher.jar -Dant.home=/usr/share/ant -Dant.library.dir=/usr/share/ant/lib org.apache.tools.ant.launch.Launcher -cp  -f /data3/cpy/MutAGENTest/mutantsgen/Wukong/defects4j/framework/projects/defects4j.build.xml -Dd4j.home=/data3/cpy/MutAGENTest/mutantsgen/Wukong/defects4j -Dd4j.dir.projects=/data3/cpy/MutAGENTest/mutantsgen/Wukong/defects4j/framework/projects -Dbasedir=/data3/cpy/MutAGENTest/src/defects4j_fixed/Math/Math_7_fixed -DOUTFILE=/data3/cpy/MutAGENTest/src/defects4j_fixed/Math/Math_7_fixed/failing_tests -Dd4j.test.dir=/data3/cpy/MutAGENTest/src/defects4j_fixed/Math/Math_7_fixed/.test_suite -Dd4j.test.include=*.java run.gen.tests
2025-06-03 04:55:39,700 - 由于超时，已删除测试方法: testAcceptStep_EventYArrayShouldBeCloned
2025-06-03 05:19:46,296 - alive ./defects4j_fixed/Math/Math_19_fixed/src/main/java/org/apache/commons/math3/optimization/direct/CMAESOptimizer.java
2025-06-03 05:30:09,797 - alive ./defects4j_fixed/Math/Math_20_fixed/src/main/java/org/apache/commons/math3/optimization/direct/CMAESOptimizer.java
2025-06-03 06:48:52,129 - alive ./defects4j_fixed/Math/Math_20_fixed/src/main/java/org/apache/commons/math3/optimization/direct/CMAESOptimizer.java
2025-06-03 06:56:08,324 - alive ./defects4j_fixed/Math/Math_21_fixed/src/main/java/org/apache/commons/math3/linear/RectangularCholeskyDecomposition.java
2025-06-03 07:17:10,597 - alive ./defects4j_fixed/Math/Math_22_fixed/src/main/java/org/apache/commons/math3/distribution/FDistribution.java
2025-06-03 07:35:36,425 - alive ./defects4j_fixed/Math/Math_23_fixed/src/main/java/org/apache/commons/math3/optimization/univariate/BrentOptimizer.java
2025-06-03 08:45:07,959 - alive ./defects4j_fixed/Math/Math_24_fixed/src/main/java/org/apache/commons/math3/optimization/univariate/BrentOptimizer.java
2025-06-03 10:41:58,002 - alive ./defects4j_fixed/Math/Math_24_fixed/src/main/java/org/apache/commons/math3/optimization/univariate/BrentOptimizer.java
2025-06-03 10:43:25,640 - alive ./defects4j_fixed/Math/Math_25_fixed/src/main/java/org/apache/commons/math3/optimization/fitting/HarmonicFitter.java
2025-06-03 11:43:39,937 - alive ./defects4j_fixed/Math/Math_26_fixed/src/main/java/org/apache/commons/math3/fraction/Fraction.java
2025-06-03 11:57:26,395 - alive ./defects4j_fixed/Math/Math_27_fixed/src/main/java/org/apache/commons/math3/fraction/Fraction.java
2025-06-03 12:09:01,934 - alive ./defects4j_fixed/Math/Math_28_fixed/src/main/java/org/apache/commons/math3/optimization/linear/SimplexSolver.java
2025-06-03 12:19:06,837 - alive ./defects4j_fixed/Math/Math_29_fixed/src/main/java/org/apache/commons/math3/linear/OpenMapRealVector.java
2025-06-03 12:59:28,347 - alive ./defects4j_fixed/Math/Math_30_fixed/src/main/java/org/apache/commons/math3/stat/inference/MannWhitneyUTest.java
2025-06-03 13:18:36,182 - alive ./defects4j_fixed/Math/Math_31_fixed/src/main/java/org/apache/commons/math3/util/ContinuedFraction.java
2025-06-03 14:36:19,879 - alive ./defects4j_fixed/Math/Math_32_fixed/src/main/java/org/apache/commons/math3/geometry/euclidean/twod/PolygonsSet.java
2025-06-03 16:24:22,431 - alive ./defects4j_fixed/Math/Math_33_fixed/src/main/java/org/apache/commons/math3/optimization/linear/SimplexTableau.java
2025-06-03 18:27:02,365 - alive ./defects4j_fixed/Math/Math_34_fixed/src/main/java/org/apache/commons/math3/genetics/ListPopulation.java
2025-06-03 19:06:55,718 - alive ./defects4j_fixed/Math/Math_35_fixed/src/main/java/org/apache/commons/math3/genetics/ElitisticListPopulation.java
2025-06-03 19:47:24,784 - alive ./defects4j_fixed/Math/Math_36_fixed/src/main/java/org/apache/commons/math/fraction/BigFraction.java
2025-06-03 20:06:09,691 - alive ./defects4j_fixed/Math/Math_37_fixed/src/main/java/org/apache/commons/math/complex/Complex.java
2025-06-03 20:12:46,890 - alive ./defects4j_fixed/Math/Math_38_fixed/src/main/java/org/apache/commons/math/optimization/direct/BOBYQAOptimizer.java
2025-06-03 21:09:31,608 - alive ./defects4j_fixed/Math/Math_39_fixed/src/main/java/org/apache/commons/math/ode/nonstiff/EmbeddedRungeKuttaIntegrator.java
2025-06-03 22:12:45,193 - 执行测试超时，尝试删除最后一个测试方法后重试..., ./defects4j_fixed/Math/Math_7_fixed
2025-06-03 22:12:45,193 - terminating..., ./defects4j_fixed/Math/Math_7_fixed
2025-06-03 22:12:45,194 - terminating..., ./defects4j_fixed/Math/Math_7_fixed
2025-06-03 22:12:45,195 - Math_7_fixed
2025-06-03 22:12:45,261 - Killing PID=1780591 → changpy  1780591  0.0  0.0  12864  3512 pts/11   S+   22:04   0:00 sh -c cd /data3/cpy/MutAGENTest/src/defects4j_fixed/Math/Math_7_fixed && ant -f /data3/cpy/MutAGENTest/mutantsgen/Wukong/defects4j/framework/projects/defects4j.build.xml -Dd4j.home=/data3/cpy/MutAGENTest/mutantsgen/Wukong/defects4j -Dd4j.dir.projects=/data3/cpy/MutAGENTest/mutantsgen/Wukong/defects4j/framework/projects -Dbasedir=/data3/cpy/MutAGENTest/src/defects4j_fixed/Math/Math_7_fixed -DOUTFILE=/data3/cpy/MutAGENTest/src/defects4j_fixed/Math/Math_7_fixed/failing_tests -Dd4j.test.dir=/data3/cpy/MutAGENTest/src/defects4j_fixed/Math/Math_7_fixed/.test_suite -Dd4j.test.include=*.java  run.gen.tests 2>&1
2025-06-03 22:12:45,261 - Killing PID=1780592 → changpy  1780592  688 13.9 37737004 27534004 pts/11 Sl+ 22:04  57:00 /usr/lib/jvm/java-8-openjdk-amd64/jre/bin/java -classpath /usr/share/ant/lib/ant-launcher.jar -Dant.home=/usr/share/ant -Dant.library.dir=/usr/share/ant/lib org.apache.tools.ant.launch.Launcher -cp  -f /data3/cpy/MutAGENTest/mutantsgen/Wukong/defects4j/framework/projects/defects4j.build.xml -Dd4j.home=/data3/cpy/MutAGENTest/mutantsgen/Wukong/defects4j -Dd4j.dir.projects=/data3/cpy/MutAGENTest/mutantsgen/Wukong/defects4j/framework/projects -Dbasedir=/data3/cpy/MutAGENTest/src/defects4j_fixed/Math/Math_7_fixed -DOUTFILE=/data3/cpy/MutAGENTest/src/defects4j_fixed/Math/Math_7_fixed/failing_tests -Dd4j.test.dir=/data3/cpy/MutAGENTest/src/defects4j_fixed/Math/Math_7_fixed/.test_suite -Dd4j.test.include=*.java run.gen.tests
2025-06-03 22:12:45,962 - 由于超时，已删除测试方法: testAcceptStep_DetectsComputeDerivativesTimeMutation
2025-06-03 22:29:03,185 - 执行测试超时，尝试删除最后一个测试方法后重试..., ./defects4j_fixed/Math/Math_7_fixed
2025-06-03 22:29:03,186 - terminating..., ./defects4j_fixed/Math/Math_7_fixed
2025-06-03 22:29:03,187 - terminating..., ./defects4j_fixed/Math/Math_7_fixed
2025-06-03 22:29:03,187 - Math_7_fixed
2025-06-03 22:29:03,230 - Killing PID=1818655 → changpy  1818655  0.0  0.0  12864  3504 pts/11   S+   22:20   0:00 sh -c cd /data3/cpy/MutAGENTest/src/defects4j_fixed/Math/Math_7_fixed && ant -f /data3/cpy/MutAGENTest/mutantsgen/Wukong/defects4j/framework/projects/defects4j.build.xml -Dd4j.home=/data3/cpy/MutAGENTest/mutantsgen/Wukong/defects4j -Dd4j.dir.projects=/data3/cpy/MutAGENTest/mutantsgen/Wukong/defects4j/framework/projects -Dbasedir=/data3/cpy/MutAGENTest/src/defects4j_fixed/Math/Math_7_fixed -DOUTFILE=/data3/cpy/MutAGENTest/src/defects4j_fixed/Math/Math_7_fixed/failing_tests -Dd4j.test.dir=/data3/cpy/MutAGENTest/src/defects4j_fixed/Math/Math_7_fixed/.test_suite -Dd4j.test.include=*.java  run.gen.tests 2>&1
2025-06-03 22:29:03,230 - Killing PID=1818656 → changpy  1818656  694 13.5 37737004 26816396 pts/11 Sl+ 22:20  57:40 /usr/lib/jvm/java-8-openjdk-amd64/jre/bin/java -classpath /usr/share/ant/lib/ant-launcher.jar -Dant.home=/usr/share/ant -Dant.library.dir=/usr/share/ant/lib org.apache.tools.ant.launch.Launcher -cp  -f /data3/cpy/MutAGENTest/mutantsgen/Wukong/defects4j/framework/projects/defects4j.build.xml -Dd4j.home=/data3/cpy/MutAGENTest/mutantsgen/Wukong/defects4j -Dd4j.dir.projects=/data3/cpy/MutAGENTest/mutantsgen/Wukong/defects4j/framework/projects -Dbasedir=/data3/cpy/MutAGENTest/src/defects4j_fixed/Math/Math_7_fixed -DOUTFILE=/data3/cpy/MutAGENTest/src/defects4j_fixed/Math/Math_7_fixed/failing_tests -Dd4j.test.dir=/data3/cpy/MutAGENTest/src/defects4j_fixed/Math/Math_7_fixed/.test_suite -Dd4j.test.include=*.java run.gen.tests
2025-06-03 22:29:03,861 - 由于超时，已删除测试方法: testAcceptStepPassesCorrectStateToEventStates
2025-06-04 03:15:48,782 - 执行测试超时，尝试删除最后一个测试方法后重试..., ./defects4j_fixed/Math/Math_38_fixed
2025-06-04 03:15:48,782 - terminating..., ./defects4j_fixed/Math/Math_38_fixed
2025-06-04 03:15:48,784 - terminating..., ./defects4j_fixed/Math/Math_38_fixed
2025-06-04 03:15:48,784 - Math_38_fixed
2025-06-04 03:15:48,824 - Killing PID=2503191 → changpy  2503191  0.0  0.0  12864  3496 pts/11   S+   03:07   0:00 sh -c cd /data3/cpy/MutAGENTest/src/defects4j_fixed/Math/Math_38_fixed && ant -f /data3/cpy/MutAGENTest/mutantsgen/Wukong/defects4j/framework/projects/defects4j.build.xml -Dd4j.home=/data3/cpy/MutAGENTest/mutantsgen/Wukong/defects4j -Dd4j.dir.projects=/data3/cpy/MutAGENTest/mutantsgen/Wukong/defects4j/framework/projects -Dbasedir=/data3/cpy/MutAGENTest/src/defects4j_fixed/Math/Math_38_fixed -DOUTFILE=/data3/cpy/MutAGENTest/src/defects4j_fixed/Math/Math_38_fixed/failing_tests -Dd4j.test.dir=/data3/cpy/MutAGENTest/src/defects4j_fixed/Math/Math_38_fixed/.test_suite -Dd4j.test.include=*.java  run.gen.tests 2>&1
2025-06-04 03:15:48,824 - Killing PID=2503192 → changpy  2503192  107  0.9 37732908 1809792 pts/11 Sl+ 03:07   8:56 /usr/lib/jvm/java-8-openjdk-amd64/jre/bin/java -classpath /usr/share/ant/lib/ant-launcher.jar -Dant.home=/usr/share/ant -Dant.library.dir=/usr/share/ant/lib org.apache.tools.ant.launch.Launcher -cp  -f /data3/cpy/MutAGENTest/mutantsgen/Wukong/defects4j/framework/projects/defects4j.build.xml -Dd4j.home=/data3/cpy/MutAGENTest/mutantsgen/Wukong/defects4j -Dd4j.dir.projects=/data3/cpy/MutAGENTest/mutantsgen/Wukong/defects4j/framework/projects -Dbasedir=/data3/cpy/MutAGENTest/src/defects4j_fixed/Math/Math_38_fixed -DOUTFILE=/data3/cpy/MutAGENTest/src/defects4j_fixed/Math/Math_38_fixed/failing_tests -Dd4j.test.dir=/data3/cpy/MutAGENTest/src/defects4j_fixed/Math/Math_38_fixed/.test_suite -Dd4j.test.include=*.java run.gen.tests
2025-06-04 03:15:52,346 - 由于超时，已删除测试方法: testTrustRegionCenterIndexUpdate
2025-06-04 05:58:47,801 - alive ./defects4j_fixed/Math/Math_40_fixed/src/main/java/org/apache/commons/math/analysis/solvers/BracketingNthOrderBrentSolver.java
2025-06-04 06:08:53,468 - 执行测试超时，尝试删除最后一个测试方法后重试..., ./defects4j_fixed/Math/Math_31_fixed
2025-06-04 06:08:53,469 - terminating..., ./defects4j_fixed/Math/Math_31_fixed
2025-06-04 06:08:53,471 - terminating..., ./defects4j_fixed/Math/Math_31_fixed
2025-06-04 06:08:53,471 - Math_31_fixed
2025-06-04 06:08:53,511 - Killing PID=2896979 → changpy  2896979  0.0  0.0  12864  3560 pts/11   S+   06:00   0:00 sh -c cd /data3/cpy/MutAGENTest/src/defects4j_fixed/Math/Math_31_fixed && ant -f /data3/cpy/MutAGENTest/mutantsgen/Wukong/defects4j/framework/projects/defects4j.build.xml -Dd4j.home=/data3/cpy/MutAGENTest/mutantsgen/Wukong/defects4j -Dd4j.dir.projects=/data3/cpy/MutAGENTest/mutantsgen/Wukong/defects4j/framework/projects -Dbasedir=/data3/cpy/MutAGENTest/src/defects4j_fixed/Math/Math_31_fixed -DOUTFILE=/data3/cpy/MutAGENTest/src/defects4j_fixed/Math/Math_31_fixed/failing_tests -Dd4j.test.dir=/data3/cpy/MutAGENTest/src/defects4j_fixed/Math/Math_31_fixed/.test_suite -Dd4j.test.include=*.java  run.gen.tests 2>&1
2025-06-04 06:08:53,511 - Killing PID=2896980 → changpy  2896980  516  9.8 37739052 19464276 pts/11 Sl+ 06:00  42:45 /usr/lib/jvm/java-8-openjdk-amd64/jre/bin/java -classpath /usr/share/ant/lib/ant-launcher.jar -Dant.home=/usr/share/ant -Dant.library.dir=/usr/share/ant/lib org.apache.tools.ant.launch.Launcher -cp  -f /data3/cpy/MutAGENTest/mutantsgen/Wukong/defects4j/framework/projects/defects4j.build.xml -Dd4j.home=/data3/cpy/MutAGENTest/mutantsgen/Wukong/defects4j -Dd4j.dir.projects=/data3/cpy/MutAGENTest/mutantsgen/Wukong/defects4j/framework/projects -Dbasedir=/data3/cpy/MutAGENTest/src/defects4j_fixed/Math/Math_31_fixed -DOUTFILE=/data3/cpy/MutAGENTest/src/defects4j_fixed/Math/Math_31_fixed/failing_tests -Dd4j.test.dir=/data3/cpy/MutAGENTest/src/defects4j_fixed/Math/Math_31_fixed/.test_suite -Dd4j.test.include=*.java run.gen.tests
2025-06-04 06:08:55,118 - 由于超时，已删除测试方法: testSmallValueSensitivity
2025-06-04 07:01:15,451 - alive ./defects4j_fixed/Math/Math_41_fixed/src/main/java/org/apache/commons/math/stat/descriptive/moment/Variance.java
2025-06-04 07:24:48,371 - alive ./defects4j_fixed/Math/Math_42_fixed/src/main/java/org/apache/commons/math/optimization/linear/SimplexTableau.java
2025-06-04 07:51:51,643 - alive ./defects4j_fixed/Math/Math_42_fixed/src/main/java/org/apache/commons/math/optimization/linear/SimplexTableau.java
2025-06-04 07:54:54,618 - alive ./defects4j_fixed/Math/Math_43_fixed/src/main/java/org/apache/commons/math/stat/descriptive/SummaryStatistics.java
2025-06-04 07:54:55,535 - alive ./defects4j_fixed/Math/Math_43_fixed/src/main/java/org/apache/commons/math/stat/descriptive/SummaryStatistics.java
2025-06-04 07:55:30,085 - alive ./defects4j_fixed/Math/Math_44_fixed/src/main/java/org/apache/commons/math/ode/AbstractIntegrator.java
2025-06-04 07:55:30,753 - alive ./defects4j_fixed/Math/Math_44_fixed/src/main/java/org/apache/commons/math/ode/AbstractIntegrator.java
2025-06-04 07:55:47,757 - alive ./defects4j_fixed/Math/Math_45_fixed/src/main/java/org/apache/commons/math/linear/OpenMapRealMatrix.java
2025-06-04 07:55:48,971 - alive ./defects4j_fixed/Math/Math_45_fixed/src/main/java/org/apache/commons/math/linear/OpenMapRealMatrix.java
2025-06-04 07:56:24,874 - alive ./defects4j_fixed/Math/Math_46_fixed/src/main/java/org/apache/commons/math/complex/Complex.java
2025-06-04 07:56:26,205 - alive ./defects4j_fixed/Math/Math_46_fixed/src/main/java/org/apache/commons/math/complex/Complex.java
2025-06-04 07:57:05,503 - alive ./defects4j_fixed/Math/Math_47_fixed/src/main/java/org/apache/commons/math/complex/Complex.java
2025-06-04 07:57:06,238 - alive ./defects4j_fixed/Math/Math_48_fixed/src/main/java/org/apache/commons/math/analysis/solvers/BaseSecantSolver.java
2025-06-04 07:57:07,107 - alive ./defects4j_fixed/Math/Math_48_fixed/src/main/java/org/apache/commons/math/analysis/solvers/BaseSecantSolver.java
2025-06-04 07:57:07,903 - alive ./defects4j_fixed/Math/Math_47_fixed/src/main/java/org/apache/commons/math/complex/Complex.java
2025-06-04 07:57:46,975 - alive ./defects4j_fixed/Math/Math_49_fixed/src/main/java/org/apache/commons/math/linear/OpenMapRealVector.java
2025-06-04 07:57:50,615 - alive ./defects4j_fixed/Math/Math_49_fixed/src/main/java/org/apache/commons/math/linear/OpenMapRealVector.java
2025-06-04 07:57:54,001 - alive ./defects4j_fixed/Math/Math_50_fixed/src/main/java/org/apache/commons/math/analysis/solvers/BaseSecantSolver.java
2025-06-04 07:57:54,585 - alive ./defects4j_fixed/Math/Math_50_fixed/src/main/java/org/apache/commons/math/analysis/solvers/BaseSecantSolver.java
2025-06-04 20:42:30,154 - alive ./defects4j_fixed/Math/Math_42_fixed/src/main/java/org/apache/commons/math/optimization/linear/SimplexTableau.java
2025-06-04 20:42:33,112 - alive ./defects4j_fixed/Math/Math_42_fixed/src/main/java/org/apache/commons/math/optimization/linear/SimplexTableau.java
2025-06-04 20:45:58,054 - alive ./defects4j_fixed/Math/Math_42_fixed/src/main/java/org/apache/commons/math/optimization/linear/SimplexTableau.java
2025-06-04 20:56:45,890 - alive ./defects4j_fixed/Math/Math_2_fixed/src/main/java/org/apache/commons/math3/distribution/HypergeometricDistribution.java
2025-06-04 20:56:58,022 - alive ./defects4j_fixed/Math/Math_5_fixed/src/main/java/org/apache/commons/math3/complex/Complex.java
2025-06-04 20:57:01,532 - alive ./defects4j_fixed/Math/Math_8_fixed/src/main/java/org/apache/commons/math3/distribution/DiscreteDistribution.java
2025-06-04 20:58:19,165 - alive ./defects4j_fixed/Math/Math_4_fixed/src/main/java/org/apache/commons/math3/geometry/euclidean/threed/SubLine.java
2025-06-04 20:58:30,133 - alive ./defects4j_fixed/Math/Math_3_fixed/src/main/java/org/apache/commons/math3/util/MathArrays.java
2025-06-04 20:59:26,779 - alive ./defects4j_fixed/Math/Math_6_fixed/src/main/java/org/apache/commons/math3/optim/BaseOptimizer.java
2025-06-04 21:00:58,629 - alive ./defects4j_fixed/Math/Math_1_fixed/src/main/java/org/apache/commons/math3/fraction/BigFraction.java
2025-06-04 21:01:02,090 - alive ./defects4j_fixed/Math/Math_7_fixed/src/main/java/org/apache/commons/math3/ode/AbstractIntegrator.java
2025-06-04 21:36:53,116 - 执行测试超时，尝试删除最后一个测试方法后重试..., ./defects4j_fixed/Math/Math_7_fixed
2025-06-04 21:36:53,122 - terminating..., ./defects4j_fixed/Math/Math_7_fixed
2025-06-04 21:36:53,124 - terminating..., ./defects4j_fixed/Math/Math_7_fixed
2025-06-04 21:36:53,124 - Math_7_fixed
2025-06-04 21:36:53,169 - Killing PID=344953 → changpy   344953  0.0  0.0  12864  3368 pts/63   S+   21:28   0:00 sh -c cd /data3/cpy/MutAGENTest/src/defects4j_fixed/Math/Math_7_fixed && ant -f /data3/cpy/MutAGENTest/mutantsgen/Wukong/defects4j/framework/projects/defects4j.build.xml -Dd4j.home=/data3/cpy/MutAGENTest/mutantsgen/Wukong/defects4j -Dd4j.dir.projects=/data3/cpy/MutAGENTest/mutantsgen/Wukong/defects4j/framework/projects -Dbasedir=/data3/cpy/MutAGENTest/src/defects4j_fixed/Math/Math_7_fixed -DOUTFILE=/data3/cpy/MutAGENTest/src/defects4j_fixed/Math/Math_7_fixed/failing_tests -Dd4j.test.dir=/data3/cpy/MutAGENTest/src/defects4j_fixed/Math/Math_7_fixed/.test_suite -Dd4j.test.include=*.java  run.gen.tests 2>&1
2025-06-04 21:36:53,169 - Killing PID=344954 → changpy   344954  616 13.3 37737004 26334320 pts/63 Sl+ 21:28  51:11 /usr/lib/jvm/java-8-openjdk-amd64/jre/bin/java -classpath /usr/share/ant/lib/ant-launcher.jar -Dant.home=/usr/share/ant -Dant.library.dir=/usr/share/ant/lib org.apache.tools.ant.launch.Launcher -cp  -f /data3/cpy/MutAGENTest/mutantsgen/Wukong/defects4j/framework/projects/defects4j.build.xml -Dd4j.home=/data3/cpy/MutAGENTest/mutantsgen/Wukong/defects4j -Dd4j.dir.projects=/data3/cpy/MutAGENTest/mutantsgen/Wukong/defects4j/framework/projects -Dbasedir=/data3/cpy/MutAGENTest/src/defects4j_fixed/Math/Math_7_fixed -DOUTFILE=/data3/cpy/MutAGENTest/src/defects4j_fixed/Math/Math_7_fixed/failing_tests -Dd4j.test.dir=/data3/cpy/MutAGENTest/src/defects4j_fixed/Math/Math_7_fixed/.test_suite -Dd4j.test.include=*.java run.gen.tests
2025-06-04 21:36:53,277 - 由于超时，已删除测试方法: testAcceptStep_EventRequestsStop
2025-06-04 21:40:23,256 - alive ./defects4j_fixed/Math/Math_8_fixed/src/main/java/org/apache/commons/math3/distribution/DiscreteDistribution.java
2025-06-04 22:37:56,898 - alive ./defects4j_fixed/Math/Math_9_fixed/src/main/java/org/apache/commons/math3/geometry/euclidean/threed/Line.java
2025-06-04 22:44:26,864 - alive ./defects4j_fixed/Math/Math_10_fixed/src/main/java/org/apache/commons/math3/analysis/differentiation/DSCompiler.java
2025-06-04 22:57:42,137 - alive ./defects4j_fixed/Math/Math_11_fixed/src/main/java/org/apache/commons/math3/distribution/MultivariateNormalDistribution.java
2025-06-04 23:08:10,960 - 执行测试超时，尝试删除最后一个测试方法后重试..., ./defects4j_fixed/Math/Math_7_fixed
2025-06-04 23:08:10,961 - terminating..., ./defects4j_fixed/Math/Math_7_fixed
2025-06-04 23:08:10,962 - terminating..., ./defects4j_fixed/Math/Math_7_fixed
2025-06-04 23:08:10,962 - Math_7_fixed
2025-06-04 23:08:11,008 - Killing PID=866449 → changpy   866449  0.0  0.0  12864  3264 pts/63   S+   22:59   0:00 sh -c cd /data3/cpy/MutAGENTest/src/defects4j_fixed/Math/Math_7_fixed && ant -f /data3/cpy/MutAGENTest/mutantsgen/Wukong/defects4j/framework/projects/defects4j.build.xml -Dd4j.home=/data3/cpy/MutAGENTest/mutantsgen/Wukong/defects4j -Dd4j.dir.projects=/data3/cpy/MutAGENTest/mutantsgen/Wukong/defects4j/framework/projects -Dbasedir=/data3/cpy/MutAGENTest/src/defects4j_fixed/Math/Math_7_fixed -DOUTFILE=/data3/cpy/MutAGENTest/src/defects4j_fixed/Math/Math_7_fixed/failing_tests -Dd4j.test.dir=/data3/cpy/MutAGENTest/src/defects4j_fixed/Math/Math_7_fixed/.test_suite -Dd4j.test.include=*.java  run.gen.tests 2>&1
2025-06-04 23:08:11,008 - Killing PID=866450 → changpy   866450  659 13.6 37737004 27042912 pts/63 Sl+ 22:59  54:42 /usr/lib/jvm/java-8-openjdk-amd64/jre/bin/java -classpath /usr/share/ant/lib/ant-launcher.jar -Dant.home=/usr/share/ant -Dant.library.dir=/usr/share/ant/lib org.apache.tools.ant.launch.Launcher -cp  -f /data3/cpy/MutAGENTest/mutantsgen/Wukong/defects4j/framework/projects/defects4j.build.xml -Dd4j.home=/data3/cpy/MutAGENTest/mutantsgen/Wukong/defects4j -Dd4j.dir.projects=/data3/cpy/MutAGENTest/mutantsgen/Wukong/defects4j/framework/projects -Dbasedir=/data3/cpy/MutAGENTest/src/defects4j_fixed/Math/Math_7_fixed -DOUTFILE=/data3/cpy/MutAGENTest/src/defects4j_fixed/Math/Math_7_fixed/failing_tests -Dd4j.test.dir=/data3/cpy/MutAGENTest/src/defects4j_fixed/Math/Math_7_fixed/.test_suite -Dd4j.test.include=*.java run.gen.tests
2025-06-04 23:08:11,155 - 由于超时，已删除测试方法: testAcceptStepOnlyProcessesOccurringEvents
2025-06-04 23:15:36,975 - alive ./defects4j_fixed/Math/Math_13_fixed/src/main/java/org/apache/commons/math3/optimization/general/AbstractLeastSquaresOptimizer.java
2025-06-04 23:17:25,319 - alive ./defects4j_fixed/Math/Math_14_fixed/src/main/java/org/apache/commons/math3/optim/nonlinear/vector/Weight.java
2025-06-04 23:30:47,362 - 执行测试超时，尝试删除最后一个测试方法后重试..., ./defects4j_fixed/Math/Math_7_fixed
2025-06-04 23:30:47,362 - terminating..., ./defects4j_fixed/Math/Math_7_fixed
2025-06-04 23:30:47,364 - terminating..., ./defects4j_fixed/Math/Math_7_fixed
2025-06-04 23:30:47,364 - Math_7_fixed
2025-06-04 23:30:47,406 - Killing PID=1021385 → changpy  1021385  0.0  0.0  12864  3400 pts/63   S+   23:22   0:00 sh -c cd /data3/cpy/MutAGENTest/src/defects4j_fixed/Math/Math_7_fixed && ant -f /data3/cpy/MutAGENTest/mutantsgen/Wukong/defects4j/framework/projects/defects4j.build.xml -Dd4j.home=/data3/cpy/MutAGENTest/mutantsgen/Wukong/defects4j -Dd4j.dir.projects=/data3/cpy/MutAGENTest/mutantsgen/Wukong/defects4j/framework/projects -Dbasedir=/data3/cpy/MutAGENTest/src/defects4j_fixed/Math/Math_7_fixed -DOUTFILE=/data3/cpy/MutAGENTest/src/defects4j_fixed/Math/Math_7_fixed/failing_tests -Dd4j.test.dir=/data3/cpy/MutAGENTest/src/defects4j_fixed/Math/Math_7_fixed/.test_suite -Dd4j.test.include=*.java  run.gen.tests 2>&1
2025-06-04 23:30:47,407 - Killing PID=1021386 → changpy  1021386  664 14.9 37737004 29542164 pts/63 Sl+ 23:22  55:07 /usr/lib/jvm/java-8-openjdk-amd64/jre/bin/java -classpath /usr/share/ant/lib/ant-launcher.jar -Dant.home=/usr/share/ant -Dant.library.dir=/usr/share/ant/lib org.apache.tools.ant.launch.Launcher -cp  -f /data3/cpy/MutAGENTest/mutantsgen/Wukong/defects4j/framework/projects/defects4j.build.xml -Dd4j.home=/data3/cpy/MutAGENTest/mutantsgen/Wukong/defects4j -Dd4j.dir.projects=/data3/cpy/MutAGENTest/mutantsgen/Wukong/defects4j/framework/projects -Dbasedir=/data3/cpy/MutAGENTest/src/defects4j_fixed/Math/Math_7_fixed -DOUTFILE=/data3/cpy/MutAGENTest/src/defects4j_fixed/Math/Math_7_fixed/failing_tests -Dd4j.test.dir=/data3/cpy/MutAGENTest/src/defects4j_fixed/Math/Math_7_fixed/.test_suite -Dd4j.test.include=*.java run.gen.tests
2025-06-04 23:30:47,531 - 由于超时，已删除测试方法: testAcceptStepDetectsEvents
2025-06-04 23:50:18,043 - alive ./defects4j_fixed/Math/Math_15_fixed/src/main/java/org/apache/commons/math3/util/FastMath.java
2025-06-05 00:00:40,075 - alive ./defects4j_fixed/Math/Math_16_fixed/src/main/java/org/apache/commons/math3/util/FastMath.java
2025-06-05 00:07:52,180 - 执行测试超时，尝试删除最后一个测试方法后重试..., ./defects4j_fixed/Math/Math_7_fixed
2025-06-05 00:07:52,181 - terminating..., ./defects4j_fixed/Math/Math_7_fixed
2025-06-05 00:07:52,182 - terminating..., ./defects4j_fixed/Math/Math_7_fixed
2025-06-05 00:07:52,182 - Math_7_fixed
2025-06-05 00:07:52,218 - Killing PID=1317206 → changpy  1317206  0.0  0.0  12864  3420 pts/63   S+   6月04   0:00 sh -c cd /data3/cpy/MutAGENTest/src/defects4j_fixed/Math/Math_7_fixed && ant -f /data3/cpy/MutAGENTest/mutantsgen/Wukong/defects4j/framework/projects/defects4j.build.xml -Dd4j.home=/data3/cpy/MutAGENTest/mutantsgen/Wukong/defects4j -Dd4j.dir.projects=/data3/cpy/MutAGENTest/mutantsgen/Wukong/defects4j/framework/projects -Dbasedir=/data3/cpy/MutAGENTest/src/defects4j_fixed/Math/Math_7_fixed -DOUTFILE=/data3/cpy/MutAGENTest/src/defects4j_fixed/Math/Math_7_fixed/failing_tests -Dd4j.test.dir=/data3/cpy/MutAGENTest/src/defects4j_fixed/Math/Math_7_fixed/.test_suite -Dd4j.test.include=*.java  run.gen.tests 2>&1
2025-06-05 00:07:52,218 - Killing PID=1317207 → changpy  1317207  692 14.0 37737004 27705808 pts/63 Sl+ 6月04  57:27 /usr/lib/jvm/java-8-openjdk-amd64/jre/bin/java -classpath /usr/share/ant/lib/ant-launcher.jar -Dant.home=/usr/share/ant -Dant.library.dir=/usr/share/ant/lib org.apache.tools.ant.launch.Launcher -cp  -f /data3/cpy/MutAGENTest/mutantsgen/Wukong/defects4j/framework/projects/defects4j.build.xml -Dd4j.home=/data3/cpy/MutAGENTest/mutantsgen/Wukong/defects4j -Dd4j.dir.projects=/data3/cpy/MutAGENTest/mutantsgen/Wukong/defects4j/framework/projects -Dbasedir=/data3/cpy/MutAGENTest/src/defects4j_fixed/Math/Math_7_fixed -DOUTFILE=/data3/cpy/MutAGENTest/src/defects4j_fixed/Math/Math_7_fixed/failing_tests -Dd4j.test.dir=/data3/cpy/MutAGENTest/src/defects4j_fixed/Math/Math_7_fixed/.test_suite -Dd4j.test.include=*.java run.gen.tests
2025-06-05 00:07:52,398 - 由于超时，已删除测试方法: testAcceptStepSetsCorrectSoftCurrentTimeForEvents
2025-06-05 00:09:38,535 - alive ./defects4j_fixed/Math/Math_17_fixed/src/main/java/org/apache/commons/math3/dfp/Dfp.java
2025-06-05 00:21:02,474 - alive ./defects4j_fixed/Math/Math_18_fixed/src/main/java/org/apache/commons/math3/optimization/direct/CMAESOptimizer.java
2025-06-05 00:29:55,900 - 执行测试超时，尝试删除最后一个测试方法后重试..., ./defects4j_fixed/Math/Math_7_fixed
2025-06-05 00:29:55,900 - terminating..., ./defects4j_fixed/Math/Math_7_fixed
2025-06-05 00:29:55,902 - terminating..., ./defects4j_fixed/Math/Math_7_fixed
2025-06-05 00:29:55,902 - Math_7_fixed
2025-06-05 00:29:55,938 - Killing PID=1473437 → changpy  1473437  0.0  0.0  12864  3508 pts/63   S+   00:21   0:00 sh -c cd /data3/cpy/MutAGENTest/src/defects4j_fixed/Math/Math_7_fixed && ant -f /data3/cpy/MutAGENTest/mutantsgen/Wukong/defects4j/framework/projects/defects4j.build.xml -Dd4j.home=/data3/cpy/MutAGENTest/mutantsgen/Wukong/defects4j -Dd4j.dir.projects=/data3/cpy/MutAGENTest/mutantsgen/Wukong/defects4j/framework/projects -Dbasedir=/data3/cpy/MutAGENTest/src/defects4j_fixed/Math/Math_7_fixed -DOUTFILE=/data3/cpy/MutAGENTest/src/defects4j_fixed/Math/Math_7_fixed/failing_tests -Dd4j.test.dir=/data3/cpy/MutAGENTest/src/defects4j_fixed/Math/Math_7_fixed/.test_suite -Dd4j.test.include=*.java  run.gen.tests 2>&1
2025-06-05 00:29:55,938 - Killing PID=1473438 → changpy  1473438  748 15.1 37737004 29944648 pts/63 Sl+ 00:21  62:09 /usr/lib/jvm/java-8-openjdk-amd64/jre/bin/java -classpath /usr/share/ant/lib/ant-launcher.jar -Dant.home=/usr/share/ant -Dant.library.dir=/usr/share/ant/lib org.apache.tools.ant.launch.Launcher -cp  -f /data3/cpy/MutAGENTest/mutantsgen/Wukong/defects4j/framework/projects/defects4j.build.xml -Dd4j.home=/data3/cpy/MutAGENTest/mutantsgen/Wukong/defects4j -Dd4j.dir.projects=/data3/cpy/MutAGENTest/mutantsgen/Wukong/defects4j/framework/projects -Dbasedir=/data3/cpy/MutAGENTest/src/defects4j_fixed/Math/Math_7_fixed -DOUTFILE=/data3/cpy/MutAGENTest/src/defects4j_fixed/Math/Math_7_fixed/failing_tests -Dd4j.test.dir=/data3/cpy/MutAGENTest/src/defects4j_fixed/Math/Math_7_fixed/.test_suite -Dd4j.test.include=*.java run.gen.tests
2025-06-05 00:29:56,311 - 由于超时，已删除测试方法: testAcceptStep_DetectsInterpolatedTimeMutation
2025-06-05 00:31:20,713 - alive ./defects4j_fixed/Math/Math_19_fixed/src/main/java/org/apache/commons/math3/optimization/direct/CMAESOptimizer.java
2025-06-05 01:00:37,974 - 执行测试超时，尝试删除最后一个测试方法后重试..., ./defects4j_fixed/Math/Math_7_fixed
2025-06-05 01:00:37,975 - terminating..., ./defects4j_fixed/Math/Math_7_fixed
2025-06-05 01:00:37,977 - terminating..., ./defects4j_fixed/Math/Math_7_fixed
2025-06-05 01:00:37,977 - Math_7_fixed
2025-06-05 01:00:38,009 - Killing PID=1625942 → changpy  1625942  0.0  0.0  12864  3392 pts/63   S+   00:52   0:00 sh -c cd /data3/cpy/MutAGENTest/src/defects4j_fixed/Math/Math_7_fixed && ant -f /data3/cpy/MutAGENTest/mutantsgen/Wukong/defects4j/framework/projects/defects4j.build.xml -Dd4j.home=/data3/cpy/MutAGENTest/mutantsgen/Wukong/defects4j -Dd4j.dir.projects=/data3/cpy/MutAGENTest/mutantsgen/Wukong/defects4j/framework/projects -Dbasedir=/data3/cpy/MutAGENTest/src/defects4j_fixed/Math/Math_7_fixed -DOUTFILE=/data3/cpy/MutAGENTest/src/defects4j_fixed/Math/Math_7_fixed/failing_tests -Dd4j.test.dir=/data3/cpy/MutAGENTest/src/defects4j_fixed/Math/Math_7_fixed/.test_suite -Dd4j.test.include=*.java  run.gen.tests 2>&1
2025-06-05 01:00:38,009 - Killing PID=1625943 → changpy  1625943  660 14.3 37737004 28252972 pts/63 Sl+ 00:52  54:49 /usr/lib/jvm/java-8-openjdk-amd64/jre/bin/java -classpath /usr/share/ant/lib/ant-launcher.jar -Dant.home=/usr/share/ant -Dant.library.dir=/usr/share/ant/lib org.apache.tools.ant.launch.Launcher -cp  -f /data3/cpy/MutAGENTest/mutantsgen/Wukong/defects4j/framework/projects/defects4j.build.xml -Dd4j.home=/data3/cpy/MutAGENTest/mutantsgen/Wukong/defects4j -Dd4j.dir.projects=/data3/cpy/MutAGENTest/mutantsgen/Wukong/defects4j/framework/projects -Dbasedir=/data3/cpy/MutAGENTest/src/defects4j_fixed/Math/Math_7_fixed -DOUTFILE=/data3/cpy/MutAGENTest/src/defects4j_fixed/Math/Math_7_fixed/failing_tests -Dd4j.test.dir=/data3/cpy/MutAGENTest/src/defects4j_fixed/Math/Math_7_fixed/.test_suite -Dd4j.test.include=*.java run.gen.tests
2025-06-05 01:00:38,392 - 由于超时，已删除测试方法: testAcceptStep_DetectsEventYArrayMutation
2025-06-05 01:33:56,390 - 执行测试超时，尝试删除最后一个测试方法后重试..., ./defects4j_fixed/Math/Math_7_fixed
2025-06-05 01:33:56,391 - terminating..., ./defects4j_fixed/Math/Math_7_fixed
2025-06-05 01:33:56,392 - terminating..., ./defects4j_fixed/Math/Math_7_fixed
2025-06-05 01:33:56,392 - Math_7_fixed
2025-06-05 01:33:56,426 - Killing PID=1775505 → changpy  1775505  0.0  0.0  12864  3480 pts/63   S+   01:25   0:00 sh -c cd /data3/cpy/MutAGENTest/src/defects4j_fixed/Math/Math_7_fixed && ant -f /data3/cpy/MutAGENTest/mutantsgen/Wukong/defects4j/framework/projects/defects4j.build.xml -Dd4j.home=/data3/cpy/MutAGENTest/mutantsgen/Wukong/defects4j -Dd4j.dir.projects=/data3/cpy/MutAGENTest/mutantsgen/Wukong/defects4j/framework/projects -Dbasedir=/data3/cpy/MutAGENTest/src/defects4j_fixed/Math/Math_7_fixed -DOUTFILE=/data3/cpy/MutAGENTest/src/defects4j_fixed/Math/Math_7_fixed/failing_tests -Dd4j.test.dir=/data3/cpy/MutAGENTest/src/defects4j_fixed/Math/Math_7_fixed/.test_suite -Dd4j.test.include=*.java  run.gen.tests 2>&1
2025-06-05 01:33:56,426 - Killing PID=1775506 → changpy  1775506  713 15.0 37737004 29815364 pts/63 Sl+ 01:25  59:11 /usr/lib/jvm/java-8-openjdk-amd64/jre/bin/java -classpath /usr/share/ant/lib/ant-launcher.jar -Dant.home=/usr/share/ant -Dant.library.dir=/usr/share/ant/lib org.apache.tools.ant.launch.Launcher -cp  -f /data3/cpy/MutAGENTest/mutantsgen/Wukong/defects4j/framework/projects/defects4j.build.xml -Dd4j.home=/data3/cpy/MutAGENTest/mutantsgen/Wukong/defects4j -Dd4j.dir.projects=/data3/cpy/MutAGENTest/mutantsgen/Wukong/defects4j/framework/projects -Dbasedir=/data3/cpy/MutAGENTest/src/defects4j_fixed/Math/Math_7_fixed -DOUTFILE=/data3/cpy/MutAGENTest/src/defects4j_fixed/Math/Math_7_fixed/failing_tests -Dd4j.test.dir=/data3/cpy/MutAGENTest/src/defects4j_fixed/Math/Math_7_fixed/.test_suite -Dd4j.test.include=*.java run.gen.tests
2025-06-05 01:33:56,627 - 由于超时，已删除测试方法: testAcceptStep_EventYArrayShouldBeCloned
2025-06-05 02:01:52,432 - 执行测试超时，尝试删除最后一个测试方法后重试..., ./defects4j_fixed/Math/Math_7_fixed
2025-06-05 02:01:52,433 - terminating..., ./defects4j_fixed/Math/Math_7_fixed
2025-06-05 02:01:52,434 - terminating..., ./defects4j_fixed/Math/Math_7_fixed
2025-06-05 02:01:52,434 - Math_7_fixed
2025-06-05 02:01:52,467 - Killing PID=1871859 → changpy  1871859  0.0  0.0  12864  3336 pts/63   S+   01:53   0:00 sh -c cd /data3/cpy/MutAGENTest/src/defects4j_fixed/Math/Math_7_fixed && ant -f /data3/cpy/MutAGENTest/mutantsgen/Wukong/defects4j/framework/projects/defects4j.build.xml -Dd4j.home=/data3/cpy/MutAGENTest/mutantsgen/Wukong/defects4j -Dd4j.dir.projects=/data3/cpy/MutAGENTest/mutantsgen/Wukong/defects4j/framework/projects -Dbasedir=/data3/cpy/MutAGENTest/src/defects4j_fixed/Math/Math_7_fixed -DOUTFILE=/data3/cpy/MutAGENTest/src/defects4j_fixed/Math/Math_7_fixed/failing_tests -Dd4j.test.dir=/data3/cpy/MutAGENTest/src/defects4j_fixed/Math/Math_7_fixed/.test_suite -Dd4j.test.include=*.java  run.gen.tests 2>&1
2025-06-05 02:01:52,467 - Killing PID=1871860 → changpy  1871860  702 14.2 37737004 28198816 pts/63 Sl+ 01:53  58:16 /usr/lib/jvm/java-8-openjdk-amd64/jre/bin/java -classpath /usr/share/ant/lib/ant-launcher.jar -Dant.home=/usr/share/ant -Dant.library.dir=/usr/share/ant/lib org.apache.tools.ant.launch.Launcher -cp  -f /data3/cpy/MutAGENTest/mutantsgen/Wukong/defects4j/framework/projects/defects4j.build.xml -Dd4j.home=/data3/cpy/MutAGENTest/mutantsgen/Wukong/defects4j -Dd4j.dir.projects=/data3/cpy/MutAGENTest/mutantsgen/Wukong/defects4j/framework/projects -Dbasedir=/data3/cpy/MutAGENTest/src/defects4j_fixed/Math/Math_7_fixed -DOUTFILE=/data3/cpy/MutAGENTest/src/defects4j_fixed/Math/Math_7_fixed/failing_tests -Dd4j.test.dir=/data3/cpy/MutAGENTest/src/defects4j_fixed/Math/Math_7_fixed/.test_suite -Dd4j.test.include=*.java run.gen.tests
2025-06-05 02:01:52,837 - 由于超时，已删除测试方法: testAcceptStepDetectsStepAcceptedMutation
2025-06-05 02:08:00,574 - 执行测试超时，尝试删除最后一个测试方法后重试..., ./defects4j_fixed/Math/Math_15_fixed
2025-06-05 02:08:00,575 - terminating..., ./defects4j_fixed/Math/Math_15_fixed
2025-06-05 02:08:00,577 - terminating..., ./defects4j_fixed/Math/Math_15_fixed
2025-06-05 02:08:00,577 - Math_15_fixed
2025-06-05 02:08:00,611 - Killing PID=1885611 → changpy  1885611  0.0  0.0  12864  3496 pts/63   S+   01:59   0:00 sh -c cd /data3/cpy/MutAGENTest/src/defects4j_fixed/Math/Math_15_fixed && ant -f /data3/cpy/MutAGENTest/mutantsgen/Wukong/defects4j/framework/projects/defects4j.build.xml -Dd4j.home=/data3/cpy/MutAGENTest/mutantsgen/Wukong/defects4j -Dd4j.dir.projects=/data3/cpy/MutAGENTest/mutantsgen/Wukong/defects4j/framework/projects -Dbasedir=/data3/cpy/MutAGENTest/src/defects4j_fixed/Math/Math_15_fixed -DOUTFILE=/data3/cpy/MutAGENTest/src/defects4j_fixed/Math/Math_15_fixed/failing_tests -Dd4j.test.dir=/data3/cpy/MutAGENTest/src/defects4j_fixed/Math/Math_15_fixed/.test_suite -Dd4j.test.include=*.java  run.gen.tests 2>&1
2025-06-05 02:08:00,611 - Killing PID=1885612 → changpy  1885612  101  0.1 37730676 261272 pts/63 Sl+ 01:59   8:24 /usr/lib/jvm/java-8-openjdk-amd64/jre/bin/java -classpath /usr/share/ant/lib/ant-launcher.jar -Dant.home=/usr/share/ant -Dant.library.dir=/usr/share/ant/lib org.apache.tools.ant.launch.Launcher -cp  -f /data3/cpy/MutAGENTest/mutantsgen/Wukong/defects4j/framework/projects/defects4j.build.xml -Dd4j.home=/data3/cpy/MutAGENTest/mutantsgen/Wukong/defects4j -Dd4j.dir.projects=/data3/cpy/MutAGENTest/mutantsgen/Wukong/defects4j/framework/projects -Dbasedir=/data3/cpy/MutAGENTest/src/defects4j_fixed/Math/Math_15_fixed -DOUTFILE=/data3/cpy/MutAGENTest/src/defects4j_fixed/Math/Math_15_fixed/failing_tests -Dd4j.test.dir=/data3/cpy/MutAGENTest/src/defects4j_fixed/Math/Math_15_fixed/.test_suite -Dd4j.test.include=*.java run.gen.tests
2025-06-05 02:08:01,692 - 由于超时，已删除测试方法: testPowWithNegativeTwoPower53Boundary1
2025-06-05 02:18:03,716 - alive ./defects4j_fixed/Math/Math_20_fixed/src/main/java/org/apache/commons/math3/optimization/direct/CMAESOptimizer.java
2025-06-05 02:26:40,944 - 执行测试超时，尝试删除最后一个测试方法后重试..., ./defects4j_fixed/Math/Math_15_fixed
2025-06-05 02:26:40,945 - terminating..., ./defects4j_fixed/Math/Math_15_fixed
2025-06-05 02:26:40,947 - terminating..., ./defects4j_fixed/Math/Math_15_fixed
2025-06-05 02:26:40,947 - Math_15_fixed
2025-06-05 02:26:40,979 - Killing PID=1985766 → changpy  1985766  0.0  0.0  12864  3556 pts/63   S+   02:18   0:00 sh -c cd /data3/cpy/MutAGENTest/src/defects4j_fixed/Math/Math_15_fixed && ant -f /data3/cpy/MutAGENTest/mutantsgen/Wukong/defects4j/framework/projects/defects4j.build.xml -Dd4j.home=/data3/cpy/MutAGENTest/mutantsgen/Wukong/defects4j -Dd4j.dir.projects=/data3/cpy/MutAGENTest/mutantsgen/Wukong/defects4j/framework/projects -Dbasedir=/data3/cpy/MutAGENTest/src/defects4j_fixed/Math/Math_15_fixed -DOUTFILE=/data3/cpy/MutAGENTest/src/defects4j_fixed/Math/Math_15_fixed/failing_tests -Dd4j.test.dir=/data3/cpy/MutAGENTest/src/defects4j_fixed/Math/Math_15_fixed/.test_suite -Dd4j.test.include=*.java  run.gen.tests 2>&1
2025-06-05 02:26:40,979 - Killing PID=1985767 → changpy  1985767  101  0.1 37730676 274624 pts/63 Sl+ 02:18   8:25 /usr/lib/jvm/java-8-openjdk-amd64/jre/bin/java -classpath /usr/share/ant/lib/ant-launcher.jar -Dant.home=/usr/share/ant -Dant.library.dir=/usr/share/ant/lib org.apache.tools.ant.launch.Launcher -cp  -f /data3/cpy/MutAGENTest/mutantsgen/Wukong/defects4j/framework/projects/defects4j.build.xml -Dd4j.home=/data3/cpy/MutAGENTest/mutantsgen/Wukong/defects4j -Dd4j.dir.projects=/data3/cpy/MutAGENTest/mutantsgen/Wukong/defects4j/framework/projects -Dbasedir=/data3/cpy/MutAGENTest/src/defects4j_fixed/Math/Math_15_fixed -DOUTFILE=/data3/cpy/MutAGENTest/src/defects4j_fixed/Math/Math_15_fixed/failing_tests -Dd4j.test.dir=/data3/cpy/MutAGENTest/src/defects4j_fixed/Math/Math_15_fixed/.test_suite -Dd4j.test.include=*.java run.gen.tests
2025-06-05 02:26:41,893 - 由于超时，已删除测试方法: testPowWithNegativeExponents1
2025-06-05 02:43:31,757 - alive ./defects4j_fixed/Math/Math_21_fixed/src/main/java/org/apache/commons/math3/linear/RectangularCholeskyDecomposition.java
2025-06-05 02:44:42,888 - 执行测试超时，尝试删除最后一个测试方法后重试..., ./defects4j_fixed/Math/Math_7_fixed
2025-06-05 02:44:42,889 - terminating..., ./defects4j_fixed/Math/Math_7_fixed
2025-06-05 02:44:42,891 - terminating..., ./defects4j_fixed/Math/Math_7_fixed
2025-06-05 02:44:42,891 - Math_7_fixed
2025-06-05 02:44:42,940 - Killing PID=2082892 → changpy  2082892  0.0  0.0  12864  3484 pts/63   S+   02:36   0:00 sh -c cd /data3/cpy/MutAGENTest/src/defects4j_fixed/Math/Math_7_fixed && ant -f /data3/cpy/MutAGENTest/mutantsgen/Wukong/defects4j/framework/projects/defects4j.build.xml -Dd4j.home=/data3/cpy/MutAGENTest/mutantsgen/Wukong/defects4j -Dd4j.dir.projects=/data3/cpy/MutAGENTest/mutantsgen/Wukong/defects4j/framework/projects -Dbasedir=/data3/cpy/MutAGENTest/src/defects4j_fixed/Math/Math_7_fixed -DOUTFILE=/data3/cpy/MutAGENTest/src/defects4j_fixed/Math/Math_7_fixed/failing_tests -Dd4j.test.dir=/data3/cpy/MutAGENTest/src/defects4j_fixed/Math/Math_7_fixed/.test_suite -Dd4j.test.include=*.java  run.gen.tests 2>&1
2025-06-05 02:44:42,941 - Killing PID=2082893 → changpy  2082893  644 14.6 37737004 29002364 pts/63 Sl+ 02:36  53:27 /usr/lib/jvm/java-8-openjdk-amd64/jre/bin/java -classpath /usr/share/ant/lib/ant-launcher.jar -Dant.home=/usr/share/ant -Dant.library.dir=/usr/share/ant/lib org.apache.tools.ant.launch.Launcher -cp  -f /data3/cpy/MutAGENTest/mutantsgen/Wukong/defects4j/framework/projects/defects4j.build.xml -Dd4j.home=/data3/cpy/MutAGENTest/mutantsgen/Wukong/defects4j -Dd4j.dir.projects=/data3/cpy/MutAGENTest/mutantsgen/Wukong/defects4j/framework/projects -Dbasedir=/data3/cpy/MutAGENTest/src/defects4j_fixed/Math/Math_7_fixed -DOUTFILE=/data3/cpy/MutAGENTest/src/defects4j_fixed/Math/Math_7_fixed/failing_tests -Dd4j.test.dir=/data3/cpy/MutAGENTest/src/defects4j_fixed/Math/Math_7_fixed/.test_suite -Dd4j.test.include=*.java run.gen.tests
2025-06-05 02:44:43,410 - 由于超时，已删除测试方法: testAcceptStep_ShouldNotResetWhenNoEventStateRequiresReset
2025-06-05 03:09:31,776 - 执行测试超时，尝试删除最后一个测试方法后重试..., ./defects4j_fixed/Math/Math_7_fixed
2025-06-05 03:09:31,777 - terminating..., ./defects4j_fixed/Math/Math_7_fixed
2025-06-05 03:09:31,779 - terminating..., ./defects4j_fixed/Math/Math_7_fixed
2025-06-05 03:09:31,779 - Math_7_fixed
2025-06-05 03:09:31,810 - Killing PID=2160741 → changpy  2160741  0.0  0.0  12864  3496 pts/63   S+   03:01   0:00 sh -c cd /data3/cpy/MutAGENTest/src/defects4j_fixed/Math/Math_7_fixed && ant -f /data3/cpy/MutAGENTest/mutantsgen/Wukong/defects4j/framework/projects/defects4j.build.xml -Dd4j.home=/data3/cpy/MutAGENTest/mutantsgen/Wukong/defects4j -Dd4j.dir.projects=/data3/cpy/MutAGENTest/mutantsgen/Wukong/defects4j/framework/projects -Dbasedir=/data3/cpy/MutAGENTest/src/defects4j_fixed/Math/Math_7_fixed -DOUTFILE=/data3/cpy/MutAGENTest/src/defects4j_fixed/Math/Math_7_fixed/failing_tests -Dd4j.test.dir=/data3/cpy/MutAGENTest/src/defects4j_fixed/Math/Math_7_fixed/.test_suite -Dd4j.test.include=*.java  run.gen.tests 2>&1
2025-06-05 03:09:31,811 - Killing PID=2160742 → changpy  2160742  666 14.3 37737004 28417152 pts/63 Sl+ 03:01  55:27 /usr/lib/jvm/java-8-openjdk-amd64/jre/bin/java -classpath /usr/share/ant/lib/ant-launcher.jar -Dant.home=/usr/share/ant -Dant.library.dir=/usr/share/ant/lib org.apache.tools.ant.launch.Launcher -cp  -f /data3/cpy/MutAGENTest/mutantsgen/Wukong/defects4j/framework/projects/defects4j.build.xml -Dd4j.home=/data3/cpy/MutAGENTest/mutantsgen/Wukong/defects4j -Dd4j.dir.projects=/data3/cpy/MutAGENTest/mutantsgen/Wukong/defects4j/framework/projects -Dbasedir=/data3/cpy/MutAGENTest/src/defects4j_fixed/Math/Math_7_fixed -DOUTFILE=/data3/cpy/MutAGENTest/src/defects4j_fixed/Math/Math_7_fixed/failing_tests -Dd4j.test.dir=/data3/cpy/MutAGENTest/src/defects4j_fixed/Math/Math_7_fixed/.test_suite -Dd4j.test.include=*.java run.gen.tests
2025-06-05 03:09:32,294 - 由于超时，已删除测试方法: testAcceptStep_ShouldNotResetWhenNoEventNeedsReset
2025-06-05 03:26:53,260 - alive ./defects4j_fixed/Math/Math_22_fixed/src/main/java/org/apache/commons/math3/distribution/FDistribution.java
2025-06-05 03:45:31,368 - alive ./defects4j_fixed/Math/Math_23_fixed/src/main/java/org/apache/commons/math3/optimization/univariate/BrentOptimizer.java
2025-06-05 04:04:33,776 - 执行测试超时，尝试删除最后一个测试方法后重试..., ./defects4j_fixed/Math/Math_7_fixed
2025-06-05 04:04:33,777 - terminating..., ./defects4j_fixed/Math/Math_7_fixed
2025-06-05 04:04:33,779 - terminating..., ./defects4j_fixed/Math/Math_7_fixed
2025-06-05 04:04:33,779 - Math_7_fixed
2025-06-05 04:04:33,809 - Killing PID=2429976 → changpy  2429976  0.0  0.0  12864  3436 pts/63   S+   03:56   0:00 sh -c cd /data3/cpy/MutAGENTest/src/defects4j_fixed/Math/Math_7_fixed && ant -f /data3/cpy/MutAGENTest/mutantsgen/Wukong/defects4j/framework/projects/defects4j.build.xml -Dd4j.home=/data3/cpy/MutAGENTest/mutantsgen/Wukong/defects4j -Dd4j.dir.projects=/data3/cpy/MutAGENTest/mutantsgen/Wukong/defects4j/framework/projects -Dbasedir=/data3/cpy/MutAGENTest/src/defects4j_fixed/Math/Math_7_fixed -DOUTFILE=/data3/cpy/MutAGENTest/src/defects4j_fixed/Math/Math_7_fixed/failing_tests -Dd4j.test.dir=/data3/cpy/MutAGENTest/src/defects4j_fixed/Math/Math_7_fixed/.test_suite -Dd4j.test.include=*.java  run.gen.tests 2>&1
2025-06-05 04:04:33,809 - Killing PID=2429977 → changpy  2429977  719 14.3 37737004 28262136 pts/63 Sl+ 03:56  59:49 /usr/lib/jvm/java-8-openjdk-amd64/jre/bin/java -classpath /usr/share/ant/lib/ant-launcher.jar -Dant.home=/usr/share/ant -Dant.library.dir=/usr/share/ant/lib org.apache.tools.ant.launch.Launcher -cp  -f /data3/cpy/MutAGENTest/mutantsgen/Wukong/defects4j/framework/projects/defects4j.build.xml -Dd4j.home=/data3/cpy/MutAGENTest/mutantsgen/Wukong/defects4j -Dd4j.dir.projects=/data3/cpy/MutAGENTest/mutantsgen/Wukong/defects4j/framework/projects -Dbasedir=/data3/cpy/MutAGENTest/src/defects4j_fixed/Math/Math_7_fixed -DOUTFILE=/data3/cpy/MutAGENTest/src/defects4j_fixed/Math/Math_7_fixed/failing_tests -Dd4j.test.dir=/data3/cpy/MutAGENTest/src/defects4j_fixed/Math/Math_7_fixed/.test_suite -Dd4j.test.include=*.java run.gen.tests
2025-06-05 04:04:34,409 - 由于超时，已删除测试方法: testAcceptStepMaintainsCorrectPreviousTimeAfterEvent
2025-06-05 04:14:18,692 - 执行测试超时，尝试删除最后一个测试方法后重试..., ./defects4j_fixed/Math/Math_7_fixed
2025-06-05 04:14:18,693 - terminating..., ./defects4j_fixed/Math/Math_7_fixed
2025-06-05 04:14:18,695 - terminating..., ./defects4j_fixed/Math/Math_7_fixed
2025-06-05 04:14:18,695 - Math_7_fixed
2025-06-05 04:14:18,732 - Killing PID=2455146 → changpy  2455146  0.0  0.0  12864  3472 pts/63   S+   04:05   0:00 sh -c cd /data3/cpy/MutAGENTest/src/defects4j_fixed/Math/Math_7_fixed && ant -f /data3/cpy/MutAGENTest/mutantsgen/Wukong/defects4j/framework/projects/defects4j.build.xml -Dd4j.home=/data3/cpy/MutAGENTest/mutantsgen/Wukong/defects4j -Dd4j.dir.projects=/data3/cpy/MutAGENTest/mutantsgen/Wukong/defects4j/framework/projects -Dbasedir=/data3/cpy/MutAGENTest/src/defects4j_fixed/Math/Math_7_fixed -DOUTFILE=/data3/cpy/MutAGENTest/src/defects4j_fixed/Math/Math_7_fixed/failing_tests -Dd4j.test.dir=/data3/cpy/MutAGENTest/src/defects4j_fixed/Math/Math_7_fixed/.test_suite -Dd4j.test.include=*.java  run.gen.tests 2>&1
2025-06-05 04:14:18,732 - Killing PID=2455147 → changpy  2455147  709 15.0 37737004 29644488 pts/63 Sl+ 04:05  58:58 /usr/lib/jvm/java-8-openjdk-amd64/jre/bin/java -classpath /usr/share/ant/lib/ant-launcher.jar -Dant.home=/usr/share/ant -Dant.library.dir=/usr/share/ant/lib org.apache.tools.ant.launch.Launcher -cp  -f /data3/cpy/MutAGENTest/mutantsgen/Wukong/defects4j/framework/projects/defects4j.build.xml -Dd4j.home=/data3/cpy/MutAGENTest/mutantsgen/Wukong/defects4j -Dd4j.dir.projects=/data3/cpy/MutAGENTest/mutantsgen/Wukong/defects4j/framework/projects -Dbasedir=/data3/cpy/MutAGENTest/src/defects4j_fixed/Math/Math_7_fixed -DOUTFILE=/data3/cpy/MutAGENTest/src/defects4j_fixed/Math/Math_7_fixed/failing_tests -Dd4j.test.dir=/data3/cpy/MutAGENTest/src/defects4j_fixed/Math/Math_7_fixed/.test_suite -Dd4j.test.include=*.java run.gen.tests
2025-06-05 04:14:19,273 - 由于超时，已删除测试方法: testAcceptStepSetsCorrectSoftCurrentTimeAfterEvent
2025-06-05 04:33:23,727 - alive ./defects4j_fixed/Math/Math_24_fixed/src/main/java/org/apache/commons/math3/optimization/univariate/BrentOptimizer.java
2025-06-05 05:26:34,167 - 执行测试超时，尝试删除最后一个测试方法后重试..., ./defects4j_fixed/Math/Math_7_fixed
2025-06-05 05:26:34,167 - terminating..., ./defects4j_fixed/Math/Math_7_fixed
2025-06-05 05:26:34,169 - terminating..., ./defects4j_fixed/Math/Math_7_fixed
2025-06-05 05:26:34,169 - Math_7_fixed
2025-06-05 05:26:34,206 - Killing PID=2789955 → changpy  2789955  0.0  0.0  12864  3468 pts/63   S+   05:18   0:00 sh -c cd /data3/cpy/MutAGENTest/src/defects4j_fixed/Math/Math_7_fixed && ant -f /data3/cpy/MutAGENTest/mutantsgen/Wukong/defects4j/framework/projects/defects4j.build.xml -Dd4j.home=/data3/cpy/MutAGENTest/mutantsgen/Wukong/defects4j -Dd4j.dir.projects=/data3/cpy/MutAGENTest/mutantsgen/Wukong/defects4j/framework/projects -Dbasedir=/data3/cpy/MutAGENTest/src/defects4j_fixed/Math/Math_7_fixed -DOUTFILE=/data3/cpy/MutAGENTest/src/defects4j_fixed/Math/Math_7_fixed/failing_tests -Dd4j.test.dir=/data3/cpy/MutAGENTest/src/defects4j_fixed/Math/Math_7_fixed/.test_suite -Dd4j.test.include=*.java  run.gen.tests 2>&1
2025-06-05 05:26:34,207 - Killing PID=2789956 → changpy  2789956  696 14.9 37737004 29573120 pts/63 Sl+ 05:18  57:50 /usr/lib/jvm/java-8-openjdk-amd64/jre/bin/java -classpath /usr/share/ant/lib/ant-launcher.jar -Dant.home=/usr/share/ant -Dant.library.dir=/usr/share/ant/lib org.apache.tools.ant.launch.Launcher -cp  -f /data3/cpy/MutAGENTest/mutantsgen/Wukong/defects4j/framework/projects/defects4j.build.xml -Dd4j.home=/data3/cpy/MutAGENTest/mutantsgen/Wukong/defects4j -Dd4j.dir.projects=/data3/cpy/MutAGENTest/mutantsgen/Wukong/defects4j/framework/projects -Dbasedir=/data3/cpy/MutAGENTest/src/defects4j_fixed/Math/Math_7_fixed -DOUTFILE=/data3/cpy/MutAGENTest/src/defects4j_fixed/Math/Math_7_fixed/failing_tests -Dd4j.test.dir=/data3/cpy/MutAGENTest/src/defects4j_fixed/Math/Math_7_fixed/.test_suite -Dd4j.test.include=*.java run.gen.tests
2025-06-05 05:26:34,908 - 由于超时，已删除测试方法: testAcceptStepDetectsEvents
2025-06-05 06:20:57,633 - 执行测试超时，尝试删除最后一个测试方法后重试..., ./defects4j_fixed/Math/Math_7_fixed
2025-06-05 06:20:57,633 - terminating..., ./defects4j_fixed/Math/Math_7_fixed
2025-06-05 06:20:57,635 - terminating..., ./defects4j_fixed/Math/Math_7_fixed
2025-06-05 06:20:57,635 - Math_7_fixed
2025-06-05 06:20:57,668 - Killing PID=2991908 → changpy  2991908  0.0  0.0  12864  3452 pts/63   S+   06:12   0:00 sh -c cd /data3/cpy/MutAGENTest/src/defects4j_fixed/Math/Math_7_fixed && ant -f /data3/cpy/MutAGENTest/mutantsgen/Wukong/defects4j/framework/projects/defects4j.build.xml -Dd4j.home=/data3/cpy/MutAGENTest/mutantsgen/Wukong/defects4j -Dd4j.dir.projects=/data3/cpy/MutAGENTest/mutantsgen/Wukong/defects4j/framework/projects -Dbasedir=/data3/cpy/MutAGENTest/src/defects4j_fixed/Math/Math_7_fixed -DOUTFILE=/data3/cpy/MutAGENTest/src/defects4j_fixed/Math/Math_7_fixed/failing_tests -Dd4j.test.dir=/data3/cpy/MutAGENTest/src/defects4j_fixed/Math/Math_7_fixed/.test_suite -Dd4j.test.include=*.java  run.gen.tests 2>&1
2025-06-05 06:20:57,669 - Killing PID=2991909 → changpy  2991909  694 14.7 37737004 29064800 pts/63 Sl+ 06:12  57:39 /usr/lib/jvm/java-8-openjdk-amd64/jre/bin/java -classpath /usr/share/ant/lib/ant-launcher.jar -Dant.home=/usr/share/ant -Dant.library.dir=/usr/share/ant/lib org.apache.tools.ant.launch.Launcher -cp  -f /data3/cpy/MutAGENTest/mutantsgen/Wukong/defects4j/framework/projects/defects4j.build.xml -Dd4j.home=/data3/cpy/MutAGENTest/mutantsgen/Wukong/defects4j -Dd4j.dir.projects=/data3/cpy/MutAGENTest/mutantsgen/Wukong/defects4j/framework/projects -Dbasedir=/data3/cpy/MutAGENTest/src/defects4j_fixed/Math/Math_7_fixed -DOUTFILE=/data3/cpy/MutAGENTest/src/defects4j_fixed/Math/Math_7_fixed/failing_tests -Dd4j.test.dir=/data3/cpy/MutAGENTest/src/defects4j_fixed/Math/Math_7_fixed/.test_suite -Dd4j.test.include=*.java run.gen.tests
2025-06-05 06:20:58,535 - 由于超时，已删除测试方法: testAcceptStep_DetectsSoftCurrentTimeMutation
2025-06-05 06:34:40,441 - alive ./defects4j_fixed/Math/Math_25_fixed/src/main/java/org/apache/commons/math3/optimization/fitting/HarmonicFitter.java
2025-06-05 07:05:22,204 - 执行测试超时，尝试删除最后一个测试方法后重试..., ./defects4j_fixed/Math/Math_7_fixed
2025-06-05 07:05:22,205 - terminating..., ./defects4j_fixed/Math/Math_7_fixed
2025-06-05 07:05:22,207 - terminating..., ./defects4j_fixed/Math/Math_7_fixed
2025-06-05 07:05:22,207 - Math_7_fixed
2025-06-05 07:05:22,255 - Killing PID=3126984 → changpy  3126984  0.0  0.0  12864  3412 pts/63   S+   06:57   0:00 sh -c cd /data3/cpy/MutAGENTest/src/defects4j_fixed/Math/Math_7_fixed && ant -f /data3/cpy/MutAGENTest/mutantsgen/Wukong/defects4j/framework/projects/defects4j.build.xml -Dd4j.home=/data3/cpy/MutAGENTest/mutantsgen/Wukong/defects4j -Dd4j.dir.projects=/data3/cpy/MutAGENTest/mutantsgen/Wukong/defects4j/framework/projects -Dbasedir=/data3/cpy/MutAGENTest/src/defects4j_fixed/Math/Math_7_fixed -DOUTFILE=/data3/cpy/MutAGENTest/src/defects4j_fixed/Math/Math_7_fixed/failing_tests -Dd4j.test.dir=/data3/cpy/MutAGENTest/src/defects4j_fixed/Math/Math_7_fixed/.test_suite -Dd4j.test.include=*.java  run.gen.tests 2>&1
2025-06-05 07:05:22,255 - Killing PID=3126985 → changpy  3126985  703 14.9 37737004 29473108 pts/63 Sl+ 06:57  58:21 /usr/lib/jvm/java-8-openjdk-amd64/jre/bin/java -classpath /usr/share/ant/lib/ant-launcher.jar -Dant.home=/usr/share/ant -Dant.library.dir=/usr/share/ant/lib org.apache.tools.ant.launch.Launcher -cp  -f /data3/cpy/MutAGENTest/mutantsgen/Wukong/defects4j/framework/projects/defects4j.build.xml -Dd4j.home=/data3/cpy/MutAGENTest/mutantsgen/Wukong/defects4j -Dd4j.dir.projects=/data3/cpy/MutAGENTest/mutantsgen/Wukong/defects4j/framework/projects -Dbasedir=/data3/cpy/MutAGENTest/src/defects4j_fixed/Math/Math_7_fixed -DOUTFILE=/data3/cpy/MutAGENTest/src/defects4j_fixed/Math/Math_7_fixed/failing_tests -Dd4j.test.dir=/data3/cpy/MutAGENTest/src/defects4j_fixed/Math/Math_7_fixed/.test_suite -Dd4j.test.include=*.java run.gen.tests
2025-06-05 07:05:22,999 - 由于超时，已删除测试方法: testAcceptStep_DetectsInterpolatedTimeMutation
2025-06-05 07:37:46,781 - 执行测试超时，尝试删除最后一个测试方法后重试..., ./defects4j_fixed/Math/Math_7_fixed
2025-06-05 07:37:46,782 - terminating..., ./defects4j_fixed/Math/Math_7_fixed
2025-06-05 07:37:46,784 - terminating..., ./defects4j_fixed/Math/Math_7_fixed
2025-06-05 07:37:46,784 - Math_7_fixed
2025-06-05 07:37:46,819 - Killing PID=3203659 → changpy  3203659  0.0  0.0  12864  3512 pts/63   S+   07:29   0:00 sh -c cd /data3/cpy/MutAGENTest/src/defects4j_fixed/Math/Math_7_fixed && ant -f /data3/cpy/MutAGENTest/mutantsgen/Wukong/defects4j/framework/projects/defects4j.build.xml -Dd4j.home=/data3/cpy/MutAGENTest/mutantsgen/Wukong/defects4j -Dd4j.dir.projects=/data3/cpy/MutAGENTest/mutantsgen/Wukong/defects4j/framework/projects -Dbasedir=/data3/cpy/MutAGENTest/src/defects4j_fixed/Math/Math_7_fixed -DOUTFILE=/data3/cpy/MutAGENTest/src/defects4j_fixed/Math/Math_7_fixed/failing_tests -Dd4j.test.dir=/data3/cpy/MutAGENTest/src/defects4j_fixed/Math/Math_7_fixed/.test_suite -Dd4j.test.include=*.java  run.gen.tests 2>&1
2025-06-05 07:37:46,819 - Killing PID=3203660 → changpy  3203660  666 15.0 37737004 29715424 pts/63 Sl+ 07:29  55:18 /usr/lib/jvm/java-8-openjdk-amd64/jre/bin/java -classpath /usr/share/ant/lib/ant-launcher.jar -Dant.home=/usr/share/ant -Dant.library.dir=/usr/share/ant/lib org.apache.tools.ant.launch.Launcher -cp  -f /data3/cpy/MutAGENTest/mutantsgen/Wukong/defects4j/framework/projects/defects4j.build.xml -Dd4j.home=/data3/cpy/MutAGENTest/mutantsgen/Wukong/defects4j -Dd4j.dir.projects=/data3/cpy/MutAGENTest/mutantsgen/Wukong/defects4j/framework/projects -Dbasedir=/data3/cpy/MutAGENTest/src/defects4j_fixed/Math/Math_7_fixed -DOUTFILE=/data3/cpy/MutAGENTest/src/defects4j_fixed/Math/Math_7_fixed/failing_tests -Dd4j.test.dir=/data3/cpy/MutAGENTest/src/defects4j_fixed/Math/Math_7_fixed/.test_suite -Dd4j.test.include=*.java run.gen.tests
2025-06-05 07:37:47,736 - 由于超时，已删除测试方法: testAcceptStep_EventYShouldBeImmutable
2025-06-05 08:39:23,853 - alive ./defects4j_fixed/Math/Math_26_fixed/src/main/java/org/apache/commons/math3/fraction/Fraction.java
2025-06-05 09:03:37,400 - 执行测试超时，尝试删除最后一个测试方法后重试..., ./defects4j_fixed/Math/Math_7_fixed
2025-06-05 09:03:37,401 - terminating..., ./defects4j_fixed/Math/Math_7_fixed
2025-06-05 09:03:37,403 - terminating..., ./defects4j_fixed/Math/Math_7_fixed
2025-06-05 09:03:37,403 - Math_7_fixed
2025-06-05 09:03:37,446 - Killing PID=3408397 → changpy  3408397  0.0  0.0  12864  3368 pts/63   S+   08:55   0:00 sh -c cd /data3/cpy/MutAGENTest/src/defects4j_fixed/Math/Math_7_fixed && ant -f /data3/cpy/MutAGENTest/mutantsgen/Wukong/defects4j/framework/projects/defects4j.build.xml -Dd4j.home=/data3/cpy/MutAGENTest/mutantsgen/Wukong/defects4j -Dd4j.dir.projects=/data3/cpy/MutAGENTest/mutantsgen/Wukong/defects4j/framework/projects -Dbasedir=/data3/cpy/MutAGENTest/src/defects4j_fixed/Math/Math_7_fixed -DOUTFILE=/data3/cpy/MutAGENTest/src/defects4j_fixed/Math/Math_7_fixed/failing_tests -Dd4j.test.dir=/data3/cpy/MutAGENTest/src/defects4j_fixed/Math/Math_7_fixed/.test_suite -Dd4j.test.include=*.java  run.gen.tests 2>&1
2025-06-05 09:03:37,446 - Killing PID=3408398 → changpy  3408398  622 15.6 37737004 30996672 pts/63 Sl+ 08:55  51:40 /usr/lib/jvm/java-8-openjdk-amd64/jre/bin/java -classpath /usr/share/ant/lib/ant-launcher.jar -Dant.home=/usr/share/ant -Dant.library.dir=/usr/share/ant/lib org.apache.tools.ant.launch.Launcher -cp  -f /data3/cpy/MutAGENTest/mutantsgen/Wukong/defects4j/framework/projects/defects4j.build.xml -Dd4j.home=/data3/cpy/MutAGENTest/mutantsgen/Wukong/defects4j -Dd4j.dir.projects=/data3/cpy/MutAGENTest/mutantsgen/Wukong/defects4j/framework/projects -Dbasedir=/data3/cpy/MutAGENTest/src/defects4j_fixed/Math/Math_7_fixed -DOUTFILE=/data3/cpy/MutAGENTest/src/defects4j_fixed/Math/Math_7_fixed/failing_tests -Dd4j.test.dir=/data3/cpy/MutAGENTest/src/defects4j_fixed/Math/Math_7_fixed/.test_suite -Dd4j.test.include=*.java run.gen.tests
2025-06-05 09:03:38,396 - 由于超时，已删除测试方法: testAcceptStep_NeedResetBehavior1
2025-06-05 09:56:27,808 - 执行测试超时，尝试删除最后一个测试方法后重试..., ./defects4j_fixed/Math/Math_7_fixed
2025-06-05 09:56:27,809 - terminating..., ./defects4j_fixed/Math/Math_7_fixed
2025-06-05 09:56:27,811 - terminating..., ./defects4j_fixed/Math/Math_7_fixed
2025-06-05 09:56:27,811 - Math_7_fixed
2025-06-05 09:56:27,845 - Killing PID=3532855 → changpy  3532855  0.0  0.0  12864  3448 pts/63   S+   09:48   0:00 sh -c cd /data3/cpy/MutAGENTest/src/defects4j_fixed/Math/Math_7_fixed && ant -f /data3/cpy/MutAGENTest/mutantsgen/Wukong/defects4j/framework/projects/defects4j.build.xml -Dd4j.home=/data3/cpy/MutAGENTest/mutantsgen/Wukong/defects4j -Dd4j.dir.projects=/data3/cpy/MutAGENTest/mutantsgen/Wukong/defects4j/framework/projects -Dbasedir=/data3/cpy/MutAGENTest/src/defects4j_fixed/Math/Math_7_fixed -DOUTFILE=/data3/cpy/MutAGENTest/src/defects4j_fixed/Math/Math_7_fixed/failing_tests -Dd4j.test.dir=/data3/cpy/MutAGENTest/src/defects4j_fixed/Math/Math_7_fixed/.test_suite -Dd4j.test.include=*.java  run.gen.tests 2>&1
2025-06-05 09:56:27,845 - Killing PID=3532856 → changpy  3532856  665 15.3 37737004 30288488 pts/63 Sl+ 09:48  55:15 /usr/lib/jvm/java-8-openjdk-amd64/jre/bin/java -classpath /usr/share/ant/lib/ant-launcher.jar -Dant.home=/usr/share/ant -Dant.library.dir=/usr/share/ant/lib org.apache.tools.ant.launch.Launcher -cp  -f /data3/cpy/MutAGENTest/mutantsgen/Wukong/defects4j/framework/projects/defects4j.build.xml -Dd4j.home=/data3/cpy/MutAGENTest/mutantsgen/Wukong/defects4j -Dd4j.dir.projects=/data3/cpy/MutAGENTest/mutantsgen/Wukong/defects4j/framework/projects -Dbasedir=/data3/cpy/MutAGENTest/src/defects4j_fixed/Math/Math_7_fixed -DOUTFILE=/data3/cpy/MutAGENTest/src/defects4j_fixed/Math/Math_7_fixed/failing_tests -Dd4j.test.dir=/data3/cpy/MutAGENTest/src/defects4j_fixed/Math/Math_7_fixed/.test_suite -Dd4j.test.include=*.java run.gen.tests
2025-06-05 09:56:29,263 - 由于超时，已删除测试方法: testAcceptStepSetsCorrectSoftCurrentTimeAfterEvent
2025-06-05 11:08:51,636 - 执行测试超时，尝试删除最后一个测试方法后重试..., ./defects4j_fixed/Math/Math_7_fixed
2025-06-05 11:08:51,637 - terminating..., ./defects4j_fixed/Math/Math_7_fixed
2025-06-05 11:08:51,639 - terminating..., ./defects4j_fixed/Math/Math_7_fixed
2025-06-05 11:08:51,639 - Math_7_fixed
2025-06-05 11:08:51,687 - Killing PID=3724866 → changpy  3724866  0.0  0.0  12864  3440 pts/63   S+   11:00   0:00 sh -c cd /data3/cpy/MutAGENTest/src/defects4j_fixed/Math/Math_7_fixed && ant -f /data3/cpy/MutAGENTest/mutantsgen/Wukong/defects4j/framework/projects/defects4j.build.xml -Dd4j.home=/data3/cpy/MutAGENTest/mutantsgen/Wukong/defects4j -Dd4j.dir.projects=/data3/cpy/MutAGENTest/mutantsgen/Wukong/defects4j/framework/projects -Dbasedir=/data3/cpy/MutAGENTest/src/defects4j_fixed/Math/Math_7_fixed -DOUTFILE=/data3/cpy/MutAGENTest/src/defects4j_fixed/Math/Math_7_fixed/failing_tests -Dd4j.test.dir=/data3/cpy/MutAGENTest/src/defects4j_fixed/Math/Math_7_fixed/.test_suite -Dd4j.test.include=*.java  run.gen.tests 2>&1
2025-06-05 11:08:51,688 - Killing PID=3724867 → changpy  3724867  665 15.3 37739052 30403100 pts/63 Sl+ 11:00  55:15 /usr/lib/jvm/java-8-openjdk-amd64/jre/bin/java -classpath /usr/share/ant/lib/ant-launcher.jar -Dant.home=/usr/share/ant -Dant.library.dir=/usr/share/ant/lib org.apache.tools.ant.launch.Launcher -cp  -f /data3/cpy/MutAGENTest/mutantsgen/Wukong/defects4j/framework/projects/defects4j.build.xml -Dd4j.home=/data3/cpy/MutAGENTest/mutantsgen/Wukong/defects4j -Dd4j.dir.projects=/data3/cpy/MutAGENTest/mutantsgen/Wukong/defects4j/framework/projects -Dbasedir=/data3/cpy/MutAGENTest/src/defects4j_fixed/Math/Math_7_fixed -DOUTFILE=/data3/cpy/MutAGENTest/src/defects4j_fixed/Math/Math_7_fixed/failing_tests -Dd4j.test.dir=/data3/cpy/MutAGENTest/src/defects4j_fixed/Math/Math_7_fixed/.test_suite -Dd4j.test.include=*.java run.gen.tests
2025-06-05 11:08:53,003 - 由于超时，已删除测试方法: testAcceptStepDetectsEvents
2025-06-05 11:53:33,216 - 执行测试超时，尝试删除最后一个测试方法后重试..., ./defects4j_fixed/Math/Math_7_fixed
2025-06-05 11:53:33,217 - terminating..., ./defects4j_fixed/Math/Math_7_fixed
2025-06-05 11:53:33,219 - terminating..., ./defects4j_fixed/Math/Math_7_fixed
2025-06-05 11:53:33,219 - Math_7_fixed
2025-06-05 11:53:33,258 - Killing PID=3831164 → changpy  3831164  0.0  0.0  12864  3560 pts/63   S+   11:45   0:00 sh -c cd /data3/cpy/MutAGENTest/src/defects4j_fixed/Math/Math_7_fixed && ant -f /data3/cpy/MutAGENTest/mutantsgen/Wukong/defects4j/framework/projects/defects4j.build.xml -Dd4j.home=/data3/cpy/MutAGENTest/mutantsgen/Wukong/defects4j -Dd4j.dir.projects=/data3/cpy/MutAGENTest/mutantsgen/Wukong/defects4j/framework/projects -Dbasedir=/data3/cpy/MutAGENTest/src/defects4j_fixed/Math/Math_7_fixed -DOUTFILE=/data3/cpy/MutAGENTest/src/defects4j_fixed/Math/Math_7_fixed/failing_tests -Dd4j.test.dir=/data3/cpy/MutAGENTest/src/defects4j_fixed/Math/Math_7_fixed/.test_suite -Dd4j.test.include=*.java  run.gen.tests 2>&1
2025-06-05 11:53:33,258 - Killing PID=3831165 → changpy  3831165  699 15.0 37739052 29627368 pts/63 Sl+ 11:45  58:03 /usr/lib/jvm/java-8-openjdk-amd64/jre/bin/java -classpath /usr/share/ant/lib/ant-launcher.jar -Dant.home=/usr/share/ant -Dant.library.dir=/usr/share/ant/lib org.apache.tools.ant.launch.Launcher -cp  -f /data3/cpy/MutAGENTest/mutantsgen/Wukong/defects4j/framework/projects/defects4j.build.xml -Dd4j.home=/data3/cpy/MutAGENTest/mutantsgen/Wukong/defects4j -Dd4j.dir.projects=/data3/cpy/MutAGENTest/mutantsgen/Wukong/defects4j/framework/projects -Dbasedir=/data3/cpy/MutAGENTest/src/defects4j_fixed/Math/Math_7_fixed -DOUTFILE=/data3/cpy/MutAGENTest/src/defects4j_fixed/Math/Math_7_fixed/failing_tests -Dd4j.test.dir=/data3/cpy/MutAGENTest/src/defects4j_fixed/Math/Math_7_fixed/.test_suite -Dd4j.test.include=*.java run.gen.tests
2025-06-05 11:53:34,833 - 由于超时，已删除测试方法: testAcceptStepSetsCorrectSoftCurrentTimeForEvents
2025-06-05 11:59:27,768 - alive ./defects4j_fixed/Math/Math_27_fixed/src/main/java/org/apache/commons/math3/fraction/Fraction.java
2025-06-05 12:26:00,107 - alive ./defects4j_fixed/Math/Math_29_fixed/src/main/java/org/apache/commons/math3/linear/OpenMapRealVector.java
2025-06-05 12:29:57,999 - alive ./defects4j_fixed/Math/Math_28_fixed/src/main/java/org/apache/commons/math3/optimization/linear/SimplexSolver.java
2025-06-05 12:39:17,293 - 执行测试超时，尝试删除最后一个测试方法后重试..., ./defects4j_fixed/Math/Math_7_fixed
2025-06-05 12:39:17,294 - terminating..., ./defects4j_fixed/Math/Math_7_fixed
2025-06-05 12:39:17,296 - terminating..., ./defects4j_fixed/Math/Math_7_fixed
2025-06-05 12:39:17,296 - Math_7_fixed
2025-06-05 12:39:17,334 - Killing PID=3983426 → changpy  3983426  0.0  0.0  12864  3524 pts/63   S+   12:30   0:00 sh -c cd /data3/cpy/MutAGENTest/src/defects4j_fixed/Math/Math_7_fixed && ant -f /data3/cpy/MutAGENTest/mutantsgen/Wukong/defects4j/framework/projects/defects4j.build.xml -Dd4j.home=/data3/cpy/MutAGENTest/mutantsgen/Wukong/defects4j -Dd4j.dir.projects=/data3/cpy/MutAGENTest/mutantsgen/Wukong/defects4j/framework/projects -Dbasedir=/data3/cpy/MutAGENTest/src/defects4j_fixed/Math/Math_7_fixed -DOUTFILE=/data3/cpy/MutAGENTest/src/defects4j_fixed/Math/Math_7_fixed/failing_tests -Dd4j.test.dir=/data3/cpy/MutAGENTest/src/defects4j_fixed/Math/Math_7_fixed/.test_suite -Dd4j.test.include=*.java  run.gen.tests 2>&1
2025-06-05 12:39:17,334 - Killing PID=3983427 → changpy  3983427  703 15.0 37739052 29631332 pts/63 Sl+ 12:30  58:21 /usr/lib/jvm/java-8-openjdk-amd64/jre/bin/java -classpath /usr/share/ant/lib/ant-launcher.jar -Dant.home=/usr/share/ant -Dant.library.dir=/usr/share/ant/lib org.apache.tools.ant.launch.Launcher -cp  -f /data3/cpy/MutAGENTest/mutantsgen/Wukong/defects4j/framework/projects/defects4j.build.xml -Dd4j.home=/data3/cpy/MutAGENTest/mutantsgen/Wukong/defects4j -Dd4j.dir.projects=/data3/cpy/MutAGENTest/mutantsgen/Wukong/defects4j/framework/projects -Dbasedir=/data3/cpy/MutAGENTest/src/defects4j_fixed/Math/Math_7_fixed -DOUTFILE=/data3/cpy/MutAGENTest/src/defects4j_fixed/Math/Math_7_fixed/failing_tests -Dd4j.test.dir=/data3/cpy/MutAGENTest/src/defects4j_fixed/Math/Math_7_fixed/.test_suite -Dd4j.test.include=*.java run.gen.tests
2025-06-05 12:39:18,520 - 由于超时，已删除测试方法: testAcceptStep_DetectsInterpolatedTimeMutation
2025-06-05 13:01:56,884 - 执行测试超时，尝试删除最后一个测试方法后重试..., ./defects4j_fixed/Math/Math_7_fixed
2025-06-05 13:01:56,885 - terminating..., ./defects4j_fixed/Math/Math_7_fixed
2025-06-05 13:01:56,886 - terminating..., ./defects4j_fixed/Math/Math_7_fixed
2025-06-05 13:01:56,886 - Math_7_fixed
2025-06-05 13:01:56,922 - Killing PID=4091669 → changpy  4091669  0.0  0.0  12864  3464 pts/63   S+   12:53   0:00 sh -c cd /data3/cpy/MutAGENTest/src/defects4j_fixed/Math/Math_7_fixed && ant -f /data3/cpy/MutAGENTest/mutantsgen/Wukong/defects4j/framework/projects/defects4j.build.xml -Dd4j.home=/data3/cpy/MutAGENTest/mutantsgen/Wukong/defects4j -Dd4j.dir.projects=/data3/cpy/MutAGENTest/mutantsgen/Wukong/defects4j/framework/projects -Dbasedir=/data3/cpy/MutAGENTest/src/defects4j_fixed/Math/Math_7_fixed -DOUTFILE=/data3/cpy/MutAGENTest/src/defects4j_fixed/Math/Math_7_fixed/failing_tests -Dd4j.test.dir=/data3/cpy/MutAGENTest/src/defects4j_fixed/Math/Math_7_fixed/.test_suite -Dd4j.test.include=*.java  run.gen.tests 2>&1
2025-06-05 13:01:56,923 - Killing PID=4091671 → changpy  4091671  686 15.4 37739052 30594668 pts/63 Sl+ 12:53  56:58 /usr/lib/jvm/java-8-openjdk-amd64/jre/bin/java -classpath /usr/share/ant/lib/ant-launcher.jar -Dant.home=/usr/share/ant -Dant.library.dir=/usr/share/ant/lib org.apache.tools.ant.launch.Launcher -cp  -f /data3/cpy/MutAGENTest/mutantsgen/Wukong/defects4j/framework/projects/defects4j.build.xml -Dd4j.home=/data3/cpy/MutAGENTest/mutantsgen/Wukong/defects4j -Dd4j.dir.projects=/data3/cpy/MutAGENTest/mutantsgen/Wukong/defects4j/framework/projects -Dbasedir=/data3/cpy/MutAGENTest/src/defects4j_fixed/Math/Math_7_fixed -DOUTFILE=/data3/cpy/MutAGENTest/src/defects4j_fixed/Math/Math_7_fixed/failing_tests -Dd4j.test.dir=/data3/cpy/MutAGENTest/src/defects4j_fixed/Math/Math_7_fixed/.test_suite -Dd4j.test.include=*.java run.gen.tests
2025-06-05 13:01:58,136 - 由于超时，已删除测试方法: testAcceptStep_ShouldNotAddEventWhenEvaluateStepReturnsFalse
2025-06-05 13:22:13,017 - alive ./defects4j_fixed/Math/Math_30_fixed/src/main/java/org/apache/commons/math3/stat/inference/MannWhitneyUTest.java
2025-06-05 13:24:51,100 - 执行测试超时，尝试删除最后一个测试方法后重试..., ./defects4j_fixed/Math/Math_7_fixed
2025-06-05 13:24:51,101 - terminating..., ./defects4j_fixed/Math/Math_7_fixed
2025-06-05 13:24:51,103 - terminating..., ./defects4j_fixed/Math/Math_7_fixed
2025-06-05 13:24:51,103 - Math_7_fixed
2025-06-05 13:24:51,144 - Killing PID=13973 → changpy    13973  0.0  0.0  12864  3472 pts/63   S+   13:16   0:00 sh -c cd /data3/cpy/MutAGENTest/src/defects4j_fixed/Math/Math_7_fixed && ant -f /data3/cpy/MutAGENTest/mutantsgen/Wukong/defects4j/framework/projects/defects4j.build.xml -Dd4j.home=/data3/cpy/MutAGENTest/mutantsgen/Wukong/defects4j -Dd4j.dir.projects=/data3/cpy/MutAGENTest/mutantsgen/Wukong/defects4j/framework/projects -Dbasedir=/data3/cpy/MutAGENTest/src/defects4j_fixed/Math/Math_7_fixed -DOUTFILE=/data3/cpy/MutAGENTest/src/defects4j_fixed/Math/Math_7_fixed/failing_tests -Dd4j.test.dir=/data3/cpy/MutAGENTest/src/defects4j_fixed/Math/Math_7_fixed/.test_suite -Dd4j.test.include=*.java  run.gen.tests 2>&1
2025-06-05 13:24:51,144 - Killing PID=13974 → changpy    13974  654 15.0 37739052 29799820 pts/63 Sl+ 13:16  54:18 /usr/lib/jvm/java-8-openjdk-amd64/jre/bin/java -classpath /usr/share/ant/lib/ant-launcher.jar -Dant.home=/usr/share/ant -Dant.library.dir=/usr/share/ant/lib org.apache.tools.ant.launch.Launcher -cp  -f /data3/cpy/MutAGENTest/mutantsgen/Wukong/defects4j/framework/projects/defects4j.build.xml -Dd4j.home=/data3/cpy/MutAGENTest/mutantsgen/Wukong/defects4j -Dd4j.dir.projects=/data3/cpy/MutAGENTest/mutantsgen/Wukong/defects4j/framework/projects -Dbasedir=/data3/cpy/MutAGENTest/src/defects4j_fixed/Math/Math_7_fixed -DOUTFILE=/data3/cpy/MutAGENTest/src/defects4j_fixed/Math/Math_7_fixed/failing_tests -Dd4j.test.dir=/data3/cpy/MutAGENTest/src/defects4j_fixed/Math/Math_7_fixed/.test_suite -Dd4j.test.include=*.java run.gen.tests
2025-06-05 13:24:52,987 - 由于超时，已删除测试方法: testAcceptStepWithEventsShouldProcessEventsWithoutException
2025-06-05 13:47:44,307 - alive ./defects4j_fixed/Math/Math_31_fixed/src/main/java/org/apache/commons/math3/util/ContinuedFraction.java
2025-06-05 15:33:18,367 - alive ./defects4j_fixed/Math/Math_32_fixed/src/main/java/org/apache/commons/math3/geometry/euclidean/twod/PolygonsSet.java
2025-06-05 17:12:48,753 - alive ./defects4j_fixed/Math/Math_33_fixed/src/main/java/org/apache/commons/math3/optimization/linear/SimplexTableau.java
2025-06-05 19:30:30,751 - alive ./defects4j_fixed/Math/Math_34_fixed/src/main/java/org/apache/commons/math3/genetics/ListPopulation.java
2025-06-05 20:03:29,712 - 执行测试超时，尝试删除最后一个测试方法后重试..., ./defects4j_fixed/Math/Math_7_fixed
2025-06-05 20:03:29,713 - terminating..., ./defects4j_fixed/Math/Math_7_fixed
2025-06-05 20:03:29,715 - terminating..., ./defects4j_fixed/Math/Math_7_fixed
2025-06-05 20:03:29,715 - Math_7_fixed
2025-06-05 20:03:29,759 - Killing PID=1205038 → changpy  1205038  0.0  0.0  12864  3420 pts/63   S+   19:55   0:00 sh -c cd /data3/cpy/MutAGENTest/src/defects4j_fixed/Math/Math_7_fixed && ant -f /data3/cpy/MutAGENTest/mutantsgen/Wukong/defects4j/framework/projects/defects4j.build.xml -Dd4j.home=/data3/cpy/MutAGENTest/mutantsgen/Wukong/defects4j -Dd4j.dir.projects=/data3/cpy/MutAGENTest/mutantsgen/Wukong/defects4j/framework/projects -Dbasedir=/data3/cpy/MutAGENTest/src/defects4j_fixed/Math/Math_7_fixed -DOUTFILE=/data3/cpy/MutAGENTest/src/defects4j_fixed/Math/Math_7_fixed/failing_tests -Dd4j.test.dir=/data3/cpy/MutAGENTest/src/defects4j_fixed/Math/Math_7_fixed/.test_suite -Dd4j.test.include=*.java  run.gen.tests 2>&1
2025-06-05 20:03:29,759 - Killing PID=1205039 → changpy  1205039  695 14.0 37739052 27654932 pts/63 Sl+ 19:55  57:41 /usr/lib/jvm/java-8-openjdk-amd64/jre/bin/java -classpath /usr/share/ant/lib/ant-launcher.jar -Dant.home=/usr/share/ant -Dant.library.dir=/usr/share/ant/lib org.apache.tools.ant.launch.Launcher -cp  -f /data3/cpy/MutAGENTest/mutantsgen/Wukong/defects4j/framework/projects/defects4j.build.xml -Dd4j.home=/data3/cpy/MutAGENTest/mutantsgen/Wukong/defects4j -Dd4j.dir.projects=/data3/cpy/MutAGENTest/mutantsgen/Wukong/defects4j/framework/projects -Dbasedir=/data3/cpy/MutAGENTest/src/defects4j_fixed/Math/Math_7_fixed -DOUTFILE=/data3/cpy/MutAGENTest/src/defects4j_fixed/Math/Math_7_fixed/failing_tests -Dd4j.test.dir=/data3/cpy/MutAGENTest/src/defects4j_fixed/Math/Math_7_fixed/.test_suite -Dd4j.test.include=*.java run.gen.tests
2025-06-05 20:03:31,081 - 由于超时，已删除测试方法: testAcceptStepMaintainsCorrectTimeContinuity
